State,District,lgd_district_code,pc11_district_id,pc11_state_id,female_literacy_pct,scst_pct,agri_worker_pct,total_population,total_households,poverty_rate,poverty_log,night_lights_log,state_key,district_key,district_merge,wage_timeliness_pct,avg_days_per_hh,women_pct,persondays_per_hh,district_nfhs,STUNTING_NFHS4,WASTING_NFHS4,UNDERWEIGHT_NFHS4,ANEMIA_NFHS4,INST_DEL_NFHS4,SANITATION_NFHS4,CLEAN_FUEL_NFHS4,IMMUNIZATION_NFHS4,STUNTING_NFHS5,WASTING_NFHS5,UNDERWEIGHT_NFHS5,ANEMIA_NFHS5,INST_DEL_NFHS5,SANITATION_NFHS5,CLEAN_FUEL_NFHS5,IMMUNIZATION_NFHS5,delta_STUNTING,delta_WASTING,delta_UNDERWEIGHT,delta_ANEMIA,delta_INST_DEL,delta_SANITATION,delta_CLEAN_FUEL,delta_IMMUNIZATION,DWEI_score,residual_delta_STUNTING,residual_delta_WASTING,residual_delta_UNDERWEIGHT,residual_delta_ANEMIA,residual_delta_IMMUNIZATION,residual_delta_INST_DEL,residual_delta_SANITATION,residual_delta_CLEAN_FUEL,z_residual_delta_STUNTING,z_residual_delta_WASTING,z_residual_delta_UNDERWEIGHT,z_residual_delta_ANEMIA,z_residual_delta_IMMUNIZATION,z_residual_delta_INST_DEL,z_residual_delta_SANITATION,z_residual_delta_CLEAN_FUEL
Andaman And Nicobar Islands,Nicobars,603,638,35,0.5342451698594045,1.4092323420548558,-1.3944400024412984,36842,9288,0.22977314560839,0.0724669754798348,-1.1265938158690072,ANDAMAN AND NICOBAR ISLANDS,NICOBARS,NICOBARS,16.666666666666668,21.13888888888889,42.32959062261179,21.637112695139493,NICOBARS,20.3,7.4,10.5,50.5,96.1,86.7,39.3,45.5,21.6,15.7,24.6,37.7,97.8,83.5,56.9,64.2,1.3000000000000007,8.299999999999999,14.100000000000001,-12.799999999999997,1.7000000000000028,-3.200000000000003,17.6,18.700000000000003,-0.5724497449138497,-0.6575189118020486,-10.462701662199665,-14.451602919334887,24.781409327923434,-1.1339270532109325,-10.076046744294132,-21.743506766603637,3.8760909539523567,-0.09681484269411958,-1.3068757617166256,-1.9618182592962066,1.7251619505870932,-0.07027648430876192,-1.281708648664398,-2.018260538905652,0.4309946256878733
Andaman And Nicobar Islands,North And Middle Andaman,632,639,35,1.2092298357636815,-1.4194761289243283,-1.2726423515123855,105597,26199,0.2127499019404686,-0.08264765670130066,-1.1073514096601893,ANDAMAN AND NICOBAR ISLANDS,NORTH AND MIDDLE ANDAMAN,NORTH AND MIDDLE ANDAMAN,97.22222222222224,24.47222222222222,56.02123927536216,24.928726688028668,NORTH AND MIDDLE ANDAMAN,32.5,31.7,33.5,47.3,95.0,49.8,35.5,89.1,27.0,27.0,42.8,30.4,97.7,86.4,61.3,,-5.5,-4.699999999999999,9.299999999999997,-16.9,2.700000000000003,36.60000000000001,25.799999999999997,,0.7583272238325635,4.644490325259685,7.136649089013473,-6.8064881820025125,32.81557879170698,,-3.2292536296285217,21.52238239972853,7.064828865029966,0.6838671742566532,0.8914249890164514,-0.9239869702807283,2.2844620000750178,,-0.41077243991246754,1.9977354879722862,0.7855603257007315
Andaman And Nicobar Islands,South Andamans,602,640,35,1.7153421265082445,-1.3749685083696144,-1.3293862176775508,238142,59064,0.0634623441356821,-1.544410170229814,-0.8521615309125989,ANDAMAN AND NICOBAR ISLANDS,SOUTH ANDAMANS,SOUTH ANDAMAN,91.66666666666669,16.805555555555557,54.04737505539859,17.308817775420117,SOUTH ANDAMANS,20.1,15.6,18.5,49.6,97.0,83.6,77.3,69.1,21.1,12.6,17.4,43.4,99.5,89.3,91.9,76.3,1.0,-3.0,-1.1000000000000014,-6.200000000000003,2.5,5.700000000000003,14.600000000000009,7.200000000000003,0.15889814473627,0.19111971492251056,3.5130600600275956,4.0086138122139285,18.19417348366869,-5.5750550947825275,0.5381524516667344,-3.335738592642487,-3.7757314049386643,0.02814097785454778,0.43880951499285936,0.5441729761856892,1.2665904267614954,-0.3455207023939715,0.06845488802359884,-0.30962758868203555,-0.41983533485202357
Andhra Pradesh,Ananthapuramu,502,553,28,-0.5559828140725779,-0.6474374186073006,1.2446267364991899,4081148,968160,0.0722770124103594,-1.4525552808844997,-0.5091724651655086,ANDHRA PRADESH,ANANTHAPURAMU,ANANTAPUR,100.0,49.80555555555556,54.28546900372962,50.35650947446734,ANANTHAPURAMU,40.3,15.2,39.3,53.0,89.9,46.5,65.9,76.3,36.0,19.3,40.6,55.8,94.7,71.3,86.4,81.8,-4.299999999999997,4.100000000000001,1.3000000000000043,2.799999999999997,4.799999999999997,24.799999999999997,20.5,5.5,-0.35782127158331395,1.5223702022818961,-8.21596664111865,-5.882282021595393,-0.0010397378041888672,-11.95133168281026,-2.288223717351155,-1.583180802445419,-0.7479687595591606,0.224157859204678,-1.026240450030469,-0.7985251422080143,-7.238152094741152e-05,-0.7406980643926726,-0.2910701193668819,-0.14695289834463438,-0.08316897600757013
Andhra Pradesh,Chittoor,503,554,28,0.1382778891859511,-0.44391854792030117,1.059754394535918,4174064,1039953,0.0501798547103344,-1.6842709080195228,-0.20033806024887565,ANDHRA PRADESH,CHITTOOR,CHITTOOR,99.94277777777778,42.94444444444444,59.55495544625998,43.39098765933639,CHITTOOR,31.4,18.1,32.4,46.6,94.0,39.8,59.4,67.6,27.1,14.8,27.9,54.9,97.1,74.6,86.6,66.6,-4.299999999999997,-3.3000000000000007,-4.5,8.299999999999997,3.0999999999999943,34.8,27.199999999999996,-1.0,0.1160493236130063,2.935917880440264,-0.7772311433474668,1.0903994570667508,-4.488345271870915,-16.63905777811725,-1.5781824502242108,13.053348944579373,6.996529146938375,0.4322923989800766,-0.09708243389581228,0.14802271946859394,-0.31245690596798775,-1.0312254915739467,-0.2007503683692414,1.2116288029433357,0.7779658673190322
Andhra Pradesh,East Godavari,505,545,28,0.4658163824089424,-0.4511422164427953,2.0361912484597284,5154296,1428528,0.0709239811071894,-1.4666056291841092,-0.13122019102710536,ANDHRA PRADESH,EAST GODAVARI,EAST GODAVARI,100.0,37.02777777777778,53.29604149775297,37.58425717235306,EAST GODAVARI,27.7,15.3,27.1,63.1,96.9,56.8,50.3,60.3,23.1,14.3,22.4,66.8,96.6,77.7,80.3,59.0,-4.599999999999998,-1.0,-4.700000000000003,3.6999999999999957,-0.30000000000001137,20.900000000000006,30.0,-1.2999999999999972,-0.014423471727016413,3.3576094856800918,-2.5120029997195323,1.6750592881084936,1.4294912546463552,-15.396352749911234,-2.4713183405570796,-1.8125841529522937,7.31976374825625,0.4943833984843094,-0.31376942014446435,0.2273908240599644,0.09951427251694339,-0.9542073622614483,-0.3143604005696636,-0.16824641529158302,0.8139073293898107
Andhra Pradesh,Guntur,506,548,28,-0.07306254997897517,-0.3546935310547736,1.9618350383794305,4887813,1296609,0.0740480761170549,-1.434190706398961,-0.05400382453981738,ANDHRA PRADESH,GUNTUR,GUNTUR,100.0,28.97222222222222,53.8833284996388,29.476565071672574,GUNTUR,22.1,17.9,29.1,68.1,97.5,63.2,79.8,61.7,23.8,17.8,26.9,59.3,98.6,83.4,91.7,76.2,1.6999999999999993,-0.09999999999999787,-2.200000000000003,-8.799999999999997,1.0999999999999943,20.200000000000003,11.900000000000006,14.5,-0.32697345358099794,-3.832603738064562,-4.264129603480608,-2.2786523455433816,12.181728917469359,-0.9248953528606929,-3.3586961900736956,-5.1132481063379025,-9.878010913263157,-0.5643228222784924,-0.5326241542125304,-0.30932913137921136,0.8480330937879567,-0.05732149486027859,-0.4272379896898933,-0.4746183304022682,-1.098366799613266
Andhra Pradesh,Krishna,510,547,28,0.6194250136391928,-0.46275734853142997,1.7827770081596064,4517398,1243293,0.0658157639053278,-1.519811633387421,0.15389836733278206,ANDHRA PRADESH,KRISHNA,KRISHNA,100.0,34.083333333333336,55.58844294555141,34.539971058023816,KRISHNA,22.6,20.7,27.7,58.1,96.4,63.2,73.3,74.1,29.8,14.3,21.1,65.7,98.9,79.1,89.8,90.0,7.199999999999999,-6.399999999999999,-6.599999999999998,7.600000000000001,2.5,15.899999999999991,16.5,15.900000000000006,-0.16678833348001124,-8.288149254725989,2.8279335697773464,3.6260405385102343,-2.3209107334887653,2.6392071663865018,0.5562837700585774,-5.180670265035687,-4.957946858420513,-1.2203692577031982,0.3532316945860228,0.49223830582005923,-0.1615705884657817,0.1635680183226313,0.07076125560845277,-0.4808765427416216,-0.5512895532666546
Andhra Pradesh,Kurnool,511,552,28,-0.9208923243344441,-0.5502520535926119,1.9816650296309615,4053463,887652,0.0949543110084649,-1.2196689542847383,-0.5619870205909496,ANDHRA PRADESH,KURNOOL,KURNOOL,99.87805555555556,33.5,56.30631101054279,33.995368641636226,KURNOOL,44.1,18.8,37.5,54.5,75.5,52.9,63.7,66.1,50.5,16.7,46.3,70.8,88.5,73.5,78.1,67.0,6.399999999999999,-2.1000000000000014,8.799999999999997,16.299999999999997,13.0,20.6,14.399999999999991,0.9000000000000057,-0.8702725317552943,-10.0184210047032,-2.349659504137783,-14.479569860724402,-14.218496587076256,-17.228377619388468,5.317184117765082,-9.836700474170112,-8.39684981107402,-1.4751390966923386,-0.29349140913946226,-1.9656147970630458,-0.9898230153898934,-1.0677492930483565,0.6763645547932506,-0.9130553140832268,-0.9336718834192815
Andhra Pradesh,Prakasam,517,549,28,-0.6268535889399782,-0.2213687222636386,1.9712880886020767,3397448,860463,0.0797277082530989,-1.3755008813487728,-0.500315274477025,ANDHRA PRADESH,PRAKASAM,PRAKASAM,99.98861111111113,40.861111111111114,57.23340288547537,41.31543246518842,PRAKASAM,28.2,15.3,30.3,56.3,91.4,53.6,65.9,64.0,22.6,8.7,24.7,62.6,97.4,78.4,90.8,51.9,-5.599999999999998,-6.600000000000001,-5.600000000000001,6.300000000000004,6.0,24.800000000000004,24.89999999999999,-12.100000000000001,-0.20014769650910416,2.9010280846012098,1.7791060345982004,0.3617879760818532,-4.166900842052137,-29.98175322410911,-0.7047310911261278,-3.735714594670796,2.5627325215621326,0.4271551321499403,0.2222246824202525,0.04911304728153049,-0.29007949828251506,-1.8581549880451893,-0.0896442779000162,-0.3467538806858105,0.2849582109889745
Andhra Pradesh,Srikakulam,519,542,28,-0.66891728589619,-0.7569866474784527,1.82762701730456,2703114,681330,0.125308713333701,-0.9153798441489219,-0.3325606276277978,ANDHRA PRADESH,SRIKAKULAM,SRIKAKULAM,99.76138888888887,41.75,65.25127674595073,42.3301865222524,SRIKAKULAM,28.0,15.6,28.7,70.6,91.2,33.2,38.0,59.2,19.7,19.5,21.4,59.6,97.9,71.6,74.7,82.8,-8.3,3.9000000000000004,-7.300000000000001,-10.999999999999993,6.700000000000003,38.39999999999999,36.7,23.599999999999994,0.4850901742219262,4.513393932616353,-7.404941647413765,2.1604488968552893,15.016421613378258,6.9662114716497,-0.5673276476074891,9.056850105800322,14.409153837305908,0.664564190869079,-0.9249368918635951,0.2932829055562038,1.0453706994050367,0.4317392814578522,-0.07216607574560106,0.8406685900084683,1.6021986940879656
Andhra Pradesh,Sri Potti Sriramulu Nellore,515,550,28,0.057465982110855456,-0.02088574283863603,1.4906792339486272,2963557,776854,0.067983975022486,-1.4971969689051583,-0.24357092358018492,ANDHRA PRADESH,SRI POTTI SRIRAMULU NELLORE,NELLORE,99.99472222222222,32.611111111111114,59.404314059808,33.04880870282362,SRI POTTI SRIRAMULU NELLORE,29.4,16.9,28.7,50.4,96.0,52.7,57.1,47.7,29.2,17.2,27.8,67.5,97.0,81.8,84.6,65.3,-0.1999999999999993,0.3000000000000007,-0.8999999999999986,17.1,1.0,29.099999999999994,27.499999999999993,17.599999999999994,-0.15635629631320136,-1.111233997610085,-4.82097060643509,-2.9563325460637317,-13.392323655376657,1.3129223363619786,-3.982469229213989,5.545747152674036,6.82626076949375,-0.16362106510385366,-0.6021780833396839,-0.4013248358533228,-0.932308848721126,0.08136993090401394,-0.5065841181229048,0.5147634536201682,0.7590331961110981
Andhra Pradesh,Visakhapatnam,520,544,28,-0.14931691987417373,-0.46810554474130744,0.30523032577505627,4290589,1097042,0.1164504411794636,-1.0033234801986186,-0.11346049289106223,ANDHRA PRADESH,VISAKHAPATNAM,VISAKHAPATANAM,100.0,47.25,58.18168388439884,47.69468558209306,VISAKHAPATNAM,30.1,17.2,33.1,64.5,84.9,55.2,56.1,66.0,31.0,21.5,33.5,72.6,95.3,77.8,72.9,76.5,0.8999999999999986,4.300000000000001,0.3999999999999986,8.099999999999994,10.399999999999991,22.599999999999994,16.800000000000004,10.5,-0.295282051286001,-3.2972413076774045,-7.583026578322642,-4.115911081648806,-2.4593025638899944,-5.652344390308031,2.3779002188367695,-0.3492421840016817,-1.0736868592108344,-0.48549462653850683,-0.9471811350089989,-0.558738678241365,-0.1712047588602509,-0.35031079885463234,0.3024772863295763,-0.032417113120613766,-0.11938658599321651
Andhra Pradesh,Vizianagaram,521,543,28,-0.8276898355530607,-0.5340082019485255,1.6008846875254004,2344474,587149,0.1188427498686354,-0.979504400453124,-0.5940752390669887,ANDHRA PRADESH,VIZIANAGARAM,VIZIANAGARAM,100.0,51.44444444444444,61.76726576295055,51.880744343550326,VIZIANAGARAM,36.8,18.8,34.4,78.7,90.7,31.9,48.1,49.3,36.4,19.2,32.2,66.7,99.0,61.7,60.3,76.8,-0.3999999999999986,0.3999999999999986,-2.1999999999999957,-12.0,8.299999999999997,29.800000000000004,12.199999999999996,27.5,-0.10227097762944198,-3.163014661283542,-4.273426963886495,-2.977060167604356,15.452198631517891,9.440826646563455,-0.046494511382759285,0.15241366746082008,-9.74484672377989,-0.46573073621881167,-0.5337854694592696,-0.40413862935686373,1.0757073893279818,0.5851065144007463,-0.005914265670557197,0.014147234571128505,-1.0835598586298902
Andhra Pradesh,West Godavari,523,546,28,0.7705093443824651,-0.41054882610732196,2.573813837200169,3936966,1091525,0.0619374541354715,-1.5603777849876526,-0.08883497586749621,ANDHRA PRADESH,WEST GODAVARI,WEST GODAVARI,100.0,35.833333333333336,54.70986075430117,36.312106823305605,WEST GODAVARI,28.5,14.7,30.1,55.1,97.2,61.2,62.3,77.7,31.4,11.7,22.5,62.3,98.7,80.8,86.8,80.0,2.8999999999999986,-3.0,-7.600000000000001,7.199999999999996,1.5,19.599999999999994,24.5,2.299999999999997,-0.08841167103900442,-3.6329048308035947,-0.44236230923523445,5.000291158989911,-1.7582797863958533,-10.810951273016073,1.4538722184308561,-2.5419452471741053,0.42735873171956484,-0.5349186212043813,-0.055254617640983245,0.6787940792629579,-0.12240294108530056,-0.6700216255970876,0.1849376688800052,-0.23594665936361428,0.04751934843636856
Andhra Pradesh,Y.S.R. Kadapa,504,551,28,-0.3735456059177125,-0.6150752228219817,1.104837067110309,2882469,706204,0.0550784966619241,-1.63248481196572,-0.5882743548831636,ANDHRA PRADESH,Y.S.R. KADAPA,Y.S.R,100.0,45.666666666666664,61.14054905333712,46.160213248441906,Y.S.R.,36.3,17.9,34.4,55.8,93.7,68.7,72.1,65.3,34.4,14.1,26.7,60.6,99.4,85.4,94.3,83.0,-1.8999999999999986,-3.799999999999999,-7.699999999999999,4.800000000000004,5.700000000000003,16.700000000000003,22.200000000000003,17.700000000000003,-0.053373624498026455,-0.2949633231286457,-0.3152727824676038,3.6717325352292187,-1.9442768713781584,0.32082341482348653,-0.6910178740884163,-8.092006402701092,1.0059927330410723,-0.04343118839117418,-0.039380111470104416,0.4984410359924387,-0.13535115923082905,0.01988341455817806,-0.08789990837451753,-0.7511105443316922,0.11185946526348904
Arunachal Pradesh,Anjaw,628,260,12,-1.5572769829033677,2.00750630068166,-1.40639383210995,21167,4612,0.2249938792976759,0.029136486590295625,-1.161058659928929,ARUNACHAL PRADESH,ANJAW,ANJAW,60.77388888888889,28.75,45.68574715358736,29.18668169454226,ANJAW,21.0,18.3,10.4,61.6,51.4,45.3,24.7,35.8,23.6,14.3,16.0,57.1,78.0,86.8,29.0,93.0,2.6000000000000014,-4.0,5.6,-4.5,26.6,41.5,4.300000000000001,57.2,0.1575693805347085,-4.87231548230451,-1.8221855007954684,-11.369224899424536,9.098387534949403,31.21389657430332,6.456613794823028,12.421014717694764,-7.133417969944942,-0.7174127595548874,-0.22760565494710014,-1.5433826355618312,0.6333857683107755,1.934518544740367,0.8213040244773364,1.1529347187176584,-0.7931869619046507
Arunachal Pradesh,Changlang,229,253,12,-1.151179056717323,0.16626882585218608,-1.1289788429562244,148226,29521,0.2091918128191192,-0.1153437253869987,-0.7633101356253311,ARUNACHAL PRADESH,CHANGLANG,CHANGLANG,75.0,39.111111111111114,31.229823698540297,39.48559099692436,CHANGLANG,23.5,16.0,20.1,64.3,51.5,56.4,26.5,79.5,26.3,16.3,25.0,65.3,75.1,82.3,34.1,70.9,2.8000000000000007,0.3000000000000007,4.899999999999999,1.0,23.599999999999994,25.9,7.600000000000001,-8.599999999999994,-0.5059565315437227,-6.363118856837775,-3.5997391447897877,-9.563699052527772,5.414515170273086,-29.807644051478626,7.50582922269675,-1.2221494956219736,-6.598490978060113,-0.9369226346362493,-0.4496364312694412,-1.298280857313115,0.37693237818022224,-1.8473643639889683,0.9547679237967193,-0.11344150353179501,-0.7337067635871537
Arunachal Pradesh,Dibang Valley,230,257,12,-0.3506239158988302,1.718528776374876,-1.3279700309123899,8004,1952,0.1534318443888637,-0.640696118189362,-1.1650412002232227,ARUNACHAL PRADESH,DIBANG VALLEY,UPPER DIBANG VALLEY,77.68583333333333,23.555555555555557,48.45774376226032,23.87933133300602,DIBANG VALLEY,36.3,9.0,14.5,43.4,55.7,78.2,33.8,38.3,16.9,18.1,16.0,88.6,85.5,95.0,49.3,90.7,-19.4,9.100000000000001,1.5,45.199999999999996,29.799999999999997,16.799999999999997,15.5,52.400000000000006,0.18272138064084298,19.4855469166338,-13.989293762654427,-4.384358930217452,-38.91525243075675,29.512764423167397,15.609230154849993,-4.85795657040503,2.5235284477946216,2.869104029833184,-1.7473755376202709,-0.5951807181957116,-2.7090917995283785,1.8290888466059883,1.9855490745707027,-0.4509218384600711,0.2805989879213014
Arunachal Pradesh,East Kameng,231,247,12,-1.043786614234874,2.6433300087114335,-1.354940404149222,78690,14508,0.3203794375927334,0.863541005027947,-1.15369059722179,ARUNACHAL PRADESH,EAST KAMENG,EAST KAMENG,69.44444444444444,33.05555555555556,42.76588055123842,33.47279007086061,EAST KAMENG,42.0,15.1,20.5,47.7,33.5,38.3,36.8,11.9,35.7,15.8,14.2,51.7,76.0,75.6,49.5,60.8,-6.299999999999997,0.7000000000000011,-6.300000000000001,4.0,42.5,37.3,12.700000000000003,48.9,0.7423023921384605,4.761007851453945,-5.422179220007677,1.7452698579404338,4.709372048654883,23.626945332356293,22.431415843399165,8.91231152895146,1.8435328796814332,0.7010235263662657,-0.6772738846136435,0.23692197286475258,0.3278437219606905,1.464308174155929,2.8533551320167487,0.8272523315762408,0.20498816278070053
Arunachal Pradesh,East Siang,232,251,12,0.21951546423010465,1.687664831151214,-0.9285896664739413,99214,19107,0.1748719087483233,-0.43574947356381627,-1.1062224151259652,ARUNACHAL PRADESH,EAST SIANG,EAST SIANG,83.33333333333333,19.305555555555557,40.98440233214178,19.688043707716908,EAST SIANG,21.0,18.1,16.9,47.4,68.6,72.8,44.9,45.5,24.6,8.6,10.3,51.5,90.8,83.9,52.4,48.8,3.6000000000000014,-9.500000000000002,-6.599999999999998,4.100000000000001,22.200000000000003,11.100000000000009,7.5,3.299999999999997,-0.00942772570413325,-2.8732408525805644,5.619600818847234,4.958775781692135,4.546312752716416,-17.724780448697324,10.511333483177479,-8.968662796822965,-6.745233292121389,-0.4230636658077621,0.7019334334273977,0.6731583289812102,0.3164923218316593,-1.0985144516588368,1.3370786555762497,-0.8324829294500412,-0.750023498532943
Arunachal Pradesh,Kurung Kumey,233,256,12,-1.632563251958651,2.9356602087112957,-1.1934781393753027,92076,15037,0.2646030889588462,0.3832527460224125,-1.1655262088398683,ARUNACHAL PRADESH,KURUNG KUMEY,KURUNG KUMEY,75.0,26.75,46.23997865433638,27.273993503904855,KURUNG KUMEY,38.9,23.2,26.1,50.6,29.6,46.7,39.2,17.4,29.2,15.1,13.9,62.4,69.2,78.3,57.3,71.4,-9.7,-8.1,-12.200000000000001,11.799999999999997,39.6,31.599999999999994,18.099999999999994,54.00000000000001,0.8137319930926805,7.847787139419564,1.4006483727458212,5.850373004964583,-7.044769775768179,26.642353293676656,18.038031096032064,0.8980070188098281,7.613393144925212,1.1555291623742348,0.1749522702766726,0.7941934641365972,-0.4904228249079823,1.6511916863520408,2.294501112130486,0.08335417783243262,0.8465568965469623
Arunachal Pradesh,Lohit,234,259,12,-0.41992251843579675,-0.0035127923826577647,-0.7630493195857807,145726,30005,0.2569824666131249,0.3159922378563619,-1.0651501491911584,ARUNACHAL PRADESH,LOHIT,LOHIT,75.0,50.05555555555556,40.41178010683428,50.44565322583296,LOHIT,27.0,21.4,23.9,57.1,46.9,60.5,23.9,56.5,24.5,12.7,12.9,52.5,90.2,83.7,63.9,74.0,-2.5,-8.7,-10.999999999999998,-4.600000000000001,43.300000000000004,23.200000000000003,40.0,17.5,1.1560149866041884,-0.23481869497752195,7.488349762257352,8.661386141021218,15.210362419952263,-1.8856262262186902,30.074511740325477,-2.1408053882988014,23.40674989805916,-0.03457533252325903,0.9353552376349724,1.175791057719746,1.0588719210563269,-0.11686393893134973,3.825583860432408,-0.19871233665566457,2.6026694241003283
Arunachal Pradesh,Lower Dibang Valley,235,258,12,-0.1781918552560207,0.6861003006268898,-0.5683693793881905,54080,11600,0.1232463544735523,-0.9357926601394332,-1.1426600542587333,ARUNACHAL PRADESH,LOWER DIBANG VALLEY,LOWER DIBANG VALLEY,61.111111111111114,16.416666666666668,35.81505379152858,16.857955741508775,LOWER DIBANG VALLEY,22.3,21.7,15.4,59.1,58.8,68.6,41.7,37.3,14.3,7.6,9.7,51.5,90.1,89.9,57.4,73.8,-8.0,-14.1,-5.700000000000001,-7.600000000000001,31.299999999999997,21.30000000000001,15.699999999999996,36.5,0.906123734829271,7.477324355802393,10.274827376853956,3.2809518498972476,13.861821194611998,15.928813006040993,20.51381297033348,-0.5495393971997125,-0.8221089518386329,1.100981231544954,1.283408749304793,0.44539220202268903,0.9649929983538275,0.9872072229923322,2.609429289919619,-0.05100896059901858,-0.09141285490502875
Arunachal Pradesh,Lower Subansiri,236,255,12,0.37554705972270297,2.456686354635201,-1.2146502995391775,83030,15249,0.1952870966631042,-0.24404655257133667,-1.063839872012488,ARUNACHAL PRADESH,LOWER SUBANSIRI,LOWER SUBANSIRI,80.55555555555556,26.86111111111111,49.807583891966985,27.32304287082218,LOWER SUBANSIRI,35.1,23.9,21.8,50.6,60.0,73.0,64.5,40.1,30.7,11.5,8.1,52.4,89.8,82.8,60.8,66.5,-4.400000000000002,-12.399999999999999,-13.700000000000001,1.7999999999999972,29.799999999999997,9.799999999999997,-3.700000000000003,26.4,0.48504644554442466,5.9953597236162945,7.962130366236451,12.207214128726548,7.488661362332083,4.591068024497016,17.138480293857896,-9.21225577165789,-16.052421977640677,0.8827727965204409,0.9945342535051023,1.657140436707803,0.5213244118674819,0.2845369277242257,2.1800750805410107,-0.8550935457568404,-1.784918796753827
Arunachal Pradesh,Papum Pare,237,248,12,0.6621667443389642,1.5029906222458114,-1.3432842353545782,176573,35730,0.1854638072122403,-0.3358771771053303,-0.7897474676430335,ARUNACHAL PRADESH,PAPUM PARE,PAPUM PARE,72.22222222222223,34.75,46.74679587287053,35.263249400625455,PAPUM PARE,25.3,9.5,11.6,54.4,80.6,68.0,84.3,34.9,29.7,9.0,15.6,53.4,88.0,75.7,81.3,60.7,4.399999999999999,-0.5,4.0,-1.0,7.400000000000006,7.700000000000003,-3.0,25.800000000000004,-0.4118413219948921,-3.321639994008494,-2.5672168426352733,-4.726184741012567,11.476252087333958,6.652171701337682,-3.308651782458581,-9.221304072925694,-15.988268541309992,-0.48908715435282274,-0.32066607412041653,-0.6415838833573689,0.7989212063942475,0.4122762913755842,-0.4208721647105777,-0.8559334208326026,-1.77778537635518
Arunachal Pradesh,Tawang,238,245,12,-1.214791126171774,1.6485292997684016,-1.2992458625828927,49977,10062,0.2272475042669521,0.04958965719781544,-1.108433656323693,ARUNACHAL PRADESH,TAWANG,TAWANG,58.333333333333336,31.5,49.39835742232259,31.941944058507374,TAWANG,20.5,19.4,8.1,66.4,30.2,54.3,45.6,27.8,30.4,7.1,9.0,89.6,84.2,81.7,88.1,67.5,9.899999999999999,-12.299999999999999,0.9000000000000004,23.19999999999999,54.0,27.400000000000006,42.49999999999999,39.7,0.7488366169902745,-12.012516070430369,7.40858544049798,-5.770247794064477,-17.22079988790776,15.28763311105779,35.64377488031523,-0.19695707397157847,30.15474367702159,-1.7687549861218694,0.9253920309869512,-0.7833163937762235,-1.1988288612713212,0.9474693327098092,4.534013755049055,-0.018281811417176934,3.352999869762971
Arunachal Pradesh,Tirap,239,254,12,-1.6846391154107427,2.458418216801902,-1.319299822633738,111975,20611,0.250980193349599,0.2627277670384924,-1.0730207056315264,ARUNACHAL PRADESH,TIRAP,TIRAP,75.0,35.0,27.478078725725375,35.49830776049765,TIRAP,39.7,25.2,35.0,59.3,34.5,54.9,21.0,45.3,38.6,13.8,16.0,48.4,70.2,86.7,50.4,66.3,-1.1000000000000014,-11.399999999999999,-19.0,-10.899999999999999,35.7,31.800000000000004,29.4,21.0,0.8669320631570177,-1.2353045238636717,5.056184819167229,12.61664771724385,15.421579870935757,-5.664055657635149,14.401230837335945,1.4245899328627232,18.763819745242014,-0.18188954113794514,0.6315582342180628,1.7127214192746407,1.073575859194588,-0.3510366186436738,1.831887305016565,0.13223228784950014,2.0864075594844027
Arunachal Pradesh,Upper Siang,240,252,12,-0.8212837403164508,2.135689144355426,-1.1753576509754593,35320,7324,0.3343363657843021,0.9805496366448557,-1.1677546847306404,ARUNACHAL PRADESH,UPPER SIANG,UPPER SIANG,77.77777777777777,23.916666666666668,27.581793087829475,24.46457028869378,UPPER SIANG,24.6,29.4,21.5,48.1,66.4,60.0,22.4,,30.4,12.5,12.0,51.0,76.0,91.8,36.3,61.4,5.799999999999997,-16.9,-9.5,2.8999999999999986,9.599999999999994,31.799999999999997,13.899999999999999,,0.17631348635299676,-7.58296673558316,13.35607419310749,5.7148794910637495,7.309676261385729,,-9.000506218053559,3.8691100125976234,1.6506889859598886,-1.1165362980179112,1.6682813099529263,0.7758000962125986,0.5088643341621065,,-1.1448961040766872,0.35913581663397387,0.1835452496039705
Arunachal Pradesh,Upper Subansiri,241,249,12,-0.4845238195563165,2.7257462370102945,-1.3009532992685215,83448,15869,0.3431073707519941,1.0534572106346158,-1.1583802151988472,ARUNACHAL PRADESH,UPPER SUBANSIRI,UPPER SUBANSIRI,77.77666666666667,32.138888888888886,43.96935595307224,32.593007745579634,UPPER SUBANSIRI,28.3,12.3,12.2,52.6,44.7,59.9,38.5,21.9,36.8,12.2,19.2,60.4,77.0,80.9,32.8,68.5,8.499999999999996,-0.10000000000000142,7.0,7.799999999999997,32.3,21.000000000000007,-5.700000000000003,46.6,-0.26601042990462287,-9.183416359860717,-3.6983189172920303,-10.160818623820667,3.3138856974297095,22.675989387779573,14.03331448354949,-5.07819050334302,-16.947034024007746,-1.3521907800914892,-0.4619498393583071,-1.3793403829923219,0.2306967064766031,1.4053715429783518,1.7850870484675165,-0.4713642381588833,-1.8843934965584528
Arunachal Pradesh,West Kameng,242,246,12,-0.40524200946518585,1.0074396166341968,-1.3048627164626885,83947,18159,0.109161859380089,-1.0762083130246054,-1.1047350445915254,ARUNACHAL PRADESH,WEST KAMENG,WEST KAMENG,86.11111111111111,34.02777777777778,34.51860407909021,34.49997971113274,WEST KAMENG,27.3,7.2,11.6,49.9,57.0,58.8,56.1,25.0,24.2,23.2,13.4,66.6,93.6,88.9,88.9,56.2,-3.1000000000000014,16.0,1.8000000000000007,16.699999999999996,36.599999999999994,30.10000000000001,32.800000000000004,31.200000000000003,0.3600746981959767,2.7446523820532547,-20.70798271793655,-4.730247928806195,-11.638577486304259,9.21636335988293,23.632223242949443,9.08576334585376,18.83901717242835,0.40412995557840986,-2.586593937385423,-0.6421354648012394,-0.810221516163228,0.5711951339467494,3.0061020642652867,0.8433523545032271,2.0947689956240314
Arunachal Pradesh,West Siang,243,250,12,-0.2742321641116706,2.22645997666524,-1.368786044137698,112274,21231,0.1741997337035578,-0.4421178426365174,-1.1594227787068956,ARUNACHAL PRADESH,WEST SIANG,WEST SIANG,72.22222222222223,12.11111111111111,30.434236558907543,12.518364878073172,WEST SIANG,34.7,19.2,21.3,39.2,50.2,76.0,48.7,34.4,24.5,15.1,16.2,45.6,84.6,87.7,57.1,55.4,-10.200000000000003,-4.1,-5.100000000000001,6.399999999999999,34.39999999999999,11.700000000000003,8.399999999999999,21.0,0.34890739676828464,10.736245917479424,-1.0850832960119998,2.243213045656079,0.43501882937164726,-2.408295600735734,19.603630746148568,-9.899252748075739,-3.726609024097881,1.5808335562203295,-0.1355356488969729,0.30451821414022695,0.03028390848519145,-0.14925699807294576,2.4936509039907313,-0.9188614973910846,-0.4143732643291989
Assam,Baksa,616,324,18,-0.13714011582078137,0.44148244715317914,-0.35444081770955854,950075,191701,0.3523916546177738,1.1301144259677334,-0.8573355526148975,ASSAM,BAKSA,BAKSA,99.99472222222222,17.47222222222222,51.0802579093804,18.002248324634234,BAKSA,32.4,10.5,22.4,39.0,87.8,54.3,16.6,59.1,41.2,17.0,34.0,78.6,89.9,68.9,35.2,70.5,8.800000000000004,6.5,11.600000000000001,39.599999999999994,2.1000000000000085,14.600000000000009,18.6,11.399999999999999,-1.117468317259025,-11.565575917029479,-6.911522272935401,-13.656597619429219,-25.907281210865023,-6.954997129474872,-11.108766606346336,-11.871532726793081,2.068378929343485,-1.7029463228750552,-0.8633048352795041,-1.853895565716969,-1.8035397098171988,-0.43104425919901224,-1.4130742538894203,-1.1019310866457832,0.2299894953507422
Assam,Barpeta,280,303,18,-0.5618576483183431,-1.1290864811776977,-0.564890398349431,1693622,337929,0.3251449930017747,0.9036317666547143,-0.7421657102222002,ASSAM,BARPETA,BARPETA,99.98833333333332,27.055555555555557,41.36940518780927,27.502194434509097,BARPETA,41.7,16.6,33.1,30.2,51.9,34.9,22.6,34.1,29.8,19.5,26.2,63.5,87.6,63.7,38.7,54.6,-11.900000000000002,2.8999999999999986,-6.900000000000002,33.3,35.699999999999996,28.800000000000004,16.1,20.5,0.36830526772710287,7.050031026369334,-2.0831365027312874,4.355330442946264,-20.487060971190058,3.5998415501519645,22.50164302537299,1.175275878354185,-1.7171569929638721,1.038065419192225,-0.2602005382225822,0.5912400746085443,-1.4262101722774203,0.22310448233588787,2.862288277008176,0.10909063349676242,-0.19093603432477005
Assam,Bongaigaon,281,319,18,-0.065637075934046,-0.8392777856198081,-0.5618815763419505,738804,150018,0.3015395651714309,0.7036189907969413,-0.27519562648459983,ASSAM,BONGAIGAON,BONGAIGAON,100.0,19.11111111111111,41.45788033698141,19.63847359149904,BONGAIGAON,39.1,23.6,32.9,34.5,67.0,45.9,27.2,42.4,46.2,20.2,35.3,77.2,84.5,72.5,49.8,67.9,7.100000000000001,-3.400000000000002,2.3999999999999986,42.7,17.5,26.6,22.599999999999998,25.500000000000007,-0.19365241939054917,-10.960781217840337,3.756116969699706,-4.6027414263964985,-29.72041202966519,10.228895211137312,6.135783027775602,2.2037779604731504,6.0284769493964525,-1.613894734223774,0.4691692819272294,-0.6248263409619961,-2.0689914488267607,0.6339480055316586,0.7804932204668074,0.20455753259471543,0.6703251283677263
Assam,Cachar,282,316,18,0.6292143767258006,-0.7275358032763612,-0.9180226285908766,1736617,379955,0.3897553527732954,1.4333834757613013,-0.6368036583305491,ASSAM,CACHAR,CACHAR,99.99805555555557,25.5,30.183106171719235,25.978230086973493,CACHAR,36.3,30.6,36.3,30.9,70.7,37.3,28.8,45.4,28.7,30.7,38.2,61.8,79.2,57.6,43.0,70.4,-7.599999999999998,0.09999999999999787,1.9000000000000057,30.9,8.5,20.300000000000004,14.2,25.000000000000007,-0.013951630683278655,4.692603966482666,2.549400148178437,-1.5198297485674077,-12.595640988989558,10.690595702822648,-2.0656069896151354,-1.5561570443651505,-2.6368965641673157,0.6909515554399682,0.3184406253891703,-0.2063182726790786,-0.8768476517990192,0.6625624452942458,-0.2627524872123665,-0.1444445180207158,-0.2932047418784333
Assam,Chirang,612,320,18,-0.56968927598175,0.5222270295660147,-0.6710580057416273,482162,97395,0.2353779664035743,0.1230681996234132,-0.6761331817461225,ASSAM,CHIRANG,CHIRANG,99.92833333333334,22.583333333333332,48.23306286383865,23.065882788701018,CHIRANG,40.1,13.0,24.7,35.6,59.4,32.6,18.3,40.4,42.7,19.5,39.7,70.4,83.7,77.1,44.5,71.1,2.6000000000000014,6.5,15.000000000000004,34.800000000000004,24.300000000000004,44.49999999999999,26.2,30.699999999999996,-0.1607203689011546,-5.186923535661333,-9.30161879919295,-18.6252089668611,-26.24936335704368,10.878570157323978,10.398671008886293,18.842628223455264,11.238163369235382,-0.7637364905523221,-1.161847154383765,-2.528389081705907,-1.8273538155750026,0.6742123867651751,1.3227475918819775,1.7489972248211505,1.249606387539457
Assam,Darrang,283,325,18,-0.5593081654639014,-1.218094014997284,-0.12743441674908101,928500,187783,0.310100792401862,0.7765758784736098,-0.5583554960862435,ASSAM,DARRANG,DARRANG,99.95833333333331,25.805555555555557,44.89983419735477,26.28621334803364,DARRANG,43.5,19.2,37.9,45.4,66.1,45.6,17.6,40.6,42.0,27.0,33.1,66.8,84.4,67.9,30.1,57.1,-1.5,7.800000000000001,-4.799999999999997,21.4,18.30000000000001,22.300000000000004,12.5,16.5,-0.2833981881117667,-3.5271273212777583,-7.286679796569397,1.8122452631603938,-9.35599689430255,0.2787726396170669,6.107222965450582,-5.914947985958285,-6.092786113464577,-0.5193436578664407,-0.9101650335621553,0.2460139451267698,-0.6513192869008747,0.017277267508773904,0.7768602799081401,-0.5490331544898167,-0.6774758646185304
Assam,Dhemaji,284,308,18,0.02047385159151749,0.9471320133750505,-1.3028858619969788,686133,129869,0.255367061328317,0.3016821075207632,-0.9977749206521063,ASSAM,DHEMAJI,DHEMAJI,99.86277777777778,26.694444444444443,50.90942910067601,27.22816585788689,DHEMAJI,35.5,6.2,15.8,38.9,76.1,41.4,11.0,47.0,37.2,18.3,25.7,73.1,87.3,70.8,21.6,89.7,1.7000000000000028,12.100000000000001,9.899999999999999,34.199999999999996,11.200000000000003,29.4,10.600000000000001,42.7,-0.47960979408549387,-2.6899576898595265,-14.052715255746124,-11.467774126821853,-22.831341488440565,22.764244396856704,-2.2291379025134734,7.601276617115815,-3.347180157392682,-0.39607656285328446,-1.7552973932527283,-1.556760782942903,-1.5894076521441594,1.410841252641787,-0.28355419553160155,0.7055603682656307,-0.37218338686669206
Assam,Dhubri,285,301,18,-0.9656590900154658,-1.2762416226730027,0.015473481214256993,1949258,414674,0.392940429076345,1.4588574315673848,-0.43608078862538946,ASSAM,DHUBRI,DHUBRI,100.0,27.444444444444443,42.01164784276217,28.004371026802875,DHUBRI,47.4,22.2,39.0,42.6,43.6,33.0,16.7,20.1,48.5,21.5,37.8,73.1,64.2,61.8,40.7,71.6,1.1000000000000014,-0.6999999999999993,-1.2000000000000028,30.499999999999993,20.6,28.799999999999997,24.000000000000004,51.49999999999999,0.09760494668288827,-7.593496990879453,1.7149796493110143,-2.7902821793796084,-17.44083348460235,35.042407239808526,6.134617042146527,-3.225094775676311,5.619583504306103,-1.118086800964276,0.21421478007150235,-0.37878334733180336,-1.2141465368661717,2.17179506878874,0.7803449029864571,-0.2993574858851989,0.6248589926638565
Assam,Dibrugarh,286,310,18,0.4405721632243752,-0.9086830408524105,-1.080590232652894,1326335,276867,0.2480220086015679,0.2363826005308238,0.20687743030011108,ASSAM,DIBRUGARH,DIBRUGARH,99.90388888888889,15.77777777777778,49.18469032723987,16.25408222107724,DIBRUGARH,33.3,22.4,33.0,52.6,88.5,56.6,28.1,71.1,27.3,20.6,32.0,66.4,93.1,75.3,44.7,83.8,-5.9999999999999964,-1.7999999999999972,-1.0,13.800000000000004,4.599999999999994,18.699999999999996,16.6,12.700000000000003,0.003907908411854719,3.1249243089596552,1.8667203905167606,-0.5659017001567033,-1.051368799328916,-0.7105263470275105,-4.980919332101495,-0.6564639747126044,2.037406443408239,0.4601222108939751,0.2331684216020794,-0.0768216712382022,-0.07319121461719834,-0.044035719525735845,-0.633590489233227,-0.06093383875919113,0.22654556817233773
Assam,Dima Hasao,299,315,18,0.4264792439340953,1.7950619074528138,-1.2816311661992248,214102,42252,0.3089773325877111,0.7670292239626596,-1.0693391496933555,ASSAM,DIMA HASAO,DIMA HASAO,97.22222222222224,23.11111111111111,35.379521585968305,23.473675701949308,DIMA HASAO,34.7,6.3,18.2,28.9,57.1,59.0,24.3,59.8,30.6,23.6,21.7,73.1,89.5,83.8,48.2,63.6,-4.100000000000001,17.3,3.5,44.199999999999996,32.4,24.799999999999997,23.900000000000002,3.8000000000000043,-0.18663662756944244,4.254513379168514,-19.110829702792536,-4.2055877648970466,-30.48978707540776,-16.382433923825825,18.94781016276695,3.9770550913672444,10.76468619033428,0.6264459259663583,-2.3870966535447304,-0.570912369672794,-2.1225516211754214,-1.0153209215063246,2.4102282150112115,0.36915541904624005,1.1969589853199218
Assam,Goalpara,287,302,18,-0.21761318588373382,-0.23012397991147082,-0.48631543415205675,1008183,198454,0.3819181732228438,1.3704530064515965,-0.2486128747393509,ASSAM,GOALPARA,GOALPARA,97.14944444444444,19.97222222222222,44.31264818540697,20.444345266507828,GOALPARA,42.7,22.1,39.5,36.0,71.2,46.2,21.3,43.7,38.9,24.3,35.4,60.7,92.3,75.3,36.3,70.3,-3.8000000000000043,2.1999999999999993,-4.100000000000001,24.700000000000003,21.099999999999994,29.099999999999994,14.999999999999996,26.599999999999994,0.11839658232178382,-0.35441586312169626,-1.8774826134037967,1.3827885408147624,-10.375245186010677,10.425262535527803,7.649388729479554,2.3296290588530475,-0.6021628970596762,-0.05218513934814057,-0.23451270997876833,0.18771480390500586,-0.7222744270136868,0.6461181051445082,0.9730291988891271,0.2162391950038446,-0.0669563680276194
Assam,Golaghat,288,313,18,0.5715750960052653,-0.7253230659901881,-0.9403908753245347,1066888,227197,0.202175600825929,-0.1801001154897078,0.013585372651102894,ASSAM,GOLAGHAT,GOLAGHAT,100.0,16.055555555555557,44.5002235250787,16.527234576435873,GOLAGHAT,32.6,13.9,20.2,33.3,88.4,59.6,15.7,67.9,26.3,19.2,25.5,75.1,90.4,73.1,33.1,72.4,-6.300000000000001,5.299999999999999,5.300000000000001,41.8,2.0,13.499999999999993,17.400000000000002,4.5,-0.584807851143679,4.300636922591764,-5.843019816636251,-6.529251231339926,-30.164271108947467,-9.420070406860557,-6.397165319328721,-4.704079742043476,2.1456691379754957,0.6332372798283773,-0.7298402668958864,-0.8863518017117255,-2.099890772786419,-0.5838201216388319,-0.8137419689287043,-0.43663879139375866,0.23858363437751712
Assam,Hailakandi,289,318,18,0.08916951658743365,-0.9697832246119784,-0.7204707198776642,659296,143350,0.3921192931474686,1.452295636763002,-0.7567412064787129,ASSAM,HAILAKANDI,HAILAKANDI,99.88194444444444,20.13888888888889,28.0816808696842,20.68578303870172,HAILAKANDI,38.1,19.1,32.5,29.0,56.5,36.0,13.8,39.2,42.9,22.2,42.4,59.5,83.0,60.0,35.2,68.6,4.799999999999997,3.099999999999998,9.899999999999999,30.5,26.5,24.0,21.400000000000002,29.39999999999999,-0.09571759032570476,-8.836178951818919,-0.7297609130089286,-10.644495806383935,-13.642368314506037,14.008521290170409,14.472783947020377,-1.1639020968623583,3.7775864747793477,-1.3010626156635718,-0.09115301954037151,-1.445000001074413,-0.9497157494413148,0.8681948489101688,1.840989112684667,-0.10803490432623382,0.4200416058454313
Assam,Jorhat,290,312,18,1.0268223257184563,-0.5198242052156459,-1.053157154000256,1092256,236262,0.1968474008806816,-0.22952992149183263,-0.6727803781951703,ASSAM,JORHAT,JORHAT,100.0,14.72222222222222,46.5022108768883,15.207130063311867,JORHAT,25.5,14.8,18.1,38.0,95.9,64.5,34.4,64.8,38.7,15.5,33.2,74.1,96.5,80.4,48.3,69.2,13.200000000000003,0.6999999999999993,15.100000000000001,36.099999999999994,0.5999999999999943,15.900000000000006,13.899999999999999,4.400000000000006,-0.9169388428690743,-13.696157830192902,-0.4106556176828473,-14.250353228574868,-22.60543383815945,-10.236972888998192,-6.371708321372557,-0.01562060632798179,-2.8147053882092834,-2.016658900669248,-0.051294196326119104,-1.9344984304706794,-1.5736810533275063,-0.6344486292709317,-0.8105037490913535,-0.001449924967667487,-0.3129758588290885
Assam,Kamrup,291,321,18,0.4183689905640872,-0.601335148236298,-0.7711624448970906,1517542,311114,0.2260594548336255,0.03881199059895629,-0.41071385011527833,ASSAM,KAMRUP,KAMRUP,99.99944444444444,23.88888888888889,40.05259700046397,24.415337419756767,KAMRUP,33.3,18.8,29.6,33.7,83.8,52.6,37.3,35.7,22.6,14.8,19.7,72.9,85.0,68.7,57.4,63.6,-10.699999999999996,-4.0,-9.900000000000002,39.2,1.2000000000000028,16.1,20.1,27.9,0.10978114073551978,8.618642650434921,3.754616987364091,8.861880201113062,-27.028389257819157,12.721021941018238,-7.921142408583746,-3.9842327330736254,3.6677728161165533,1.2690319889839048,0.46898192204440864,1.203008308993815,-1.881585833809145,0.7884005380221627,-1.0075972243909392,-0.36982165707186715,0.4078310831118183
Assam,Kamrup Metro,618,322,18,1.741278884009586,-0.8235307884322873,-1.3294207374259306,1253938,293112,0.1439608496173577,-0.7324458728579556,1.191791234008443,ASSAM,KAMRUP METRO,KAMRUP (METRO),99.99833333333332,19.194444444444443,50.56932132607105,19.610113868462964,KAMRUP METRO,24.6,11.0,23.2,34.5,92.9,61.2,79.0,72.8,25.4,18.2,25.0,80.4,89.1,65.2,85.1,53.6,0.7999999999999972,7.199999999999999,1.8000000000000007,45.900000000000006,-3.8000000000000114,4.0,6.099999999999994,-19.199999999999996,-0.9544385195669138,-1.1306797012746768,-7.853234036861686,-1.8432422307311573,-33.39212315149548,-28.12472972633936,-7.612045677924742,-5.493816474393141,-6.223277756503954,-0.1664843025067205,-0.9809322243166039,-0.25022181170756125,-2.3245982320048126,-1.7430637373933349,-0.9682790311537077,-0.5099431806137038,-0.691985636838866
Assam,Karbi Anglong,292,314,18,-0.2394618529926814,1.26500117940162,-0.917192295345129,956313,177646,0.3033076812590249,0.7187257279224071,-0.9158560925837897,ASSAM,KARBI ANGLONG,KARBI ANGLONG,99.9875,20.47222222222222,50.831667985290515,21.019605862656995,KARBI ANGLONG,28.1,18.7,23.7,24.6,50.2,41.5,14.4,23.6,31.6,17.2,28.2,67.5,74.9,75.2,33.4,64.3,3.5,-1.5,4.5,42.9,24.700000000000003,33.7,19.0,40.699999999999996,-0.010392572382707799,-5.1248651957944125,-0.7171350917383412,-7.003658116327326,-31.39644378579996,20.196776106102416,9.970399083533563,8.851837839458653,4.998758801063881,-0.7545988546543557,-0.08957595270591225,-0.9507529684541999,-2.185668679544279,1.2517193368734774,1.268269893967804,0.8216390851732813,0.5558275602825213
Assam,Kokrajhar,294,300,18,-0.4684060149683723,0.094890425455339,-0.6551219813156941,887142,181081,0.2502617277834092,0.256334948725281,-0.6241335236750097,ASSAM,KOKRAJHAR,KOKRAJHAR,100.0,25.88888888888889,45.428848910776296,26.35147907059652,KOKRAJHAR,30.6,15.7,27.1,40.4,66.7,39.2,18.3,42.1,34.6,20.5,35.2,74.7,81.9,72.2,43.3,51.1,4.0,4.800000000000001,8.100000000000001,34.300000000000004,15.200000000000003,33.0,24.999999999999996,9.0,-0.4655439255742285,-6.986697327682027,-6.698893281722158,-11.318809788366266,-24.637883486274077,-9.719284742737045,1.9322407250655225,7.554416953064461,9.426924814909938,-1.0287399960514008,-0.8367457605943501,-1.5365387383159255,-1.7151703751418477,-0.6023642877036917,0.2457878284477471,0.7012107933862702,1.0482091313793698
Assam,Lakhimpur,295,307,18,0.4074553472241527,-0.03673467925821997,-1.0713448436635185,1042137,204307,0.2719970894066279,0.44812676059793083,-0.8690465040725467,ASSAM,LAKHIMPUR,LAKHIMPUR,99.99555555555555,28.22222222222222,49.83373271806973,28.763680241286124,LAKHIMPUR,29.3,11.2,24.2,31.8,82.7,49.6,18.9,54.0,38.5,18.2,34.4,69.3,96.2,74.2,36.1,69.0,9.2,7.0,10.2,37.5,13.5,24.6,17.200000000000003,15.0,-0.6022853781256795,-10.74924656460438,-6.966776235213996,-10.594554232041283,-23.757785352750773,-1.9884184409227679,2.670392384454262,3.9884413337605267,1.2602655271416783,-1.5827478062650542,-0.8702065004872186,-1.4382203868689651,-1.6539021965388534,-0.12323460928731153,0.3396833203876073,0.37021230485382617,0.14013284920053362
Assam,Marigaon,296,304,18,-0.15612919436367048,-0.2678529279646589,-0.39883785839772545,957423,184602,0.2960142782558931,0.6562784710826862,-0.554050097433643,ASSAM,MARIGAON,MORIGAON,97.215,20.083333333333332,41.63450824312211,20.509052151184616,MARIGAON,38.4,10.3,25.8,38.2,72.2,40.1,18.0,44.4,43.2,16.1,30.5,53.3,88.3,62.3,37.6,73.4,4.800000000000004,5.800000000000001,4.699999999999999,15.099999999999994,16.099999999999994,22.199999999999996,19.6,29.000000000000007,-0.2266414731748125,-8.060763660472336,-6.238849126593508,-7.058816006866156,-2.866359580768279,12.085688649265649,4.175537135085765,-3.0713618744297193,2.8395797363262716,-1.18688839480567,-0.7792825378945034,-0.9582407023344716,-0.19954210109714413,0.7490249979622862,0.5311430360214853,-0.2850877983206322,0.31574171507015014
Assam,Nagaon,297,305,18,0.1543785451876589,-0.8501416591239609,-0.44688665143558454,2823768,559340,0.2963882612187157,0.6594891100533972,-0.40896450981304505,ASSAM,NAGAON,NAGAON,99.97555555555556,24.444444444444443,40.900161170126985,24.973031914279943,NAGAON,38.4,13.3,31.3,35.4,67.4,45.5,19.0,43.1,38.9,19.4,32.4,68.6,83.7,66.1,38.6,58.2,0.5,6.099999999999998,1.0999999999999979,33.199999999999996,16.299999999999997,20.599999999999994,19.6,15.100000000000001,-0.27667112486035395,-3.889455221477046,-5.414118642296767,-2.615485684963284,-19.580944118182444,0.1399796668739519,6.034857478029242,-2.9156992457722986,2.2311233140262132,-0.5726937867096478,-0.6762670534933526,-0.3550545640043761,-1.363130696170585,0.008675407147890939,0.7676551349295035,-0.2706389909514302,0.24808555036916577
Assam,Nalbari,298,323,18,0.6856956012716817,-0.9693675405710118,-0.7737409896408963,771639,155248,0.2275962117071837,0.05275105726564919,-0.6992175805099763,ASSAM,NALBARI,NALBARI,100.0,28.333333333333332,40.22468547454165,28.86022805974215,NALBARI,26.8,15.3,20.0,45.3,82.8,51.2,35.5,48.8,27.5,15.4,26.7,71.0,91.8,68.1,51.1,65.5,0.6999999999999993,0.09999999999999964,6.699999999999999,25.700000000000003,9.0,16.89999999999999,15.600000000000001,16.700000000000003,-0.2668064737747221,-2.501345469593418,0.7934512850224515,-6.474456562236625,-12.013065131417704,2.1593141248143084,1.246910138917336,-2.019567680379602,-2.293569040756161,-0.36830479521666115,0.09910846031719368,-0.8789133754721608,-0.8362915361433554,0.13382607353841178,0.15861136313829535,-0.18745889514104588,-0.2550290852184544
Assam,Sivasagar,300,311,18,0.8574272973243414,-1.0980817534919114,-1.1624425749493688,1151050,248367,0.1816001340556196,-0.37220445588837103,-0.0849293140709596,ASSAM,SIVASAGAR,SIVASAGAR,99.99472222222222,13.083333333333334,44.55054215591089,13.600146786285896,SIVASAGAR,35.5,8.3,22.2,33.5,87.1,55.5,26.4,73.0,26.1,21.1,25.9,67.5,95.3,82.3,45.5,77.6,-9.399999999999999,12.8,3.6999999999999993,34.0,8.200000000000003,26.799999999999997,19.1,4.599999999999994,-0.18045960452088358,7.805464428877592,-12.622814746246657,-3.8744728002887383,-21.61618387128736,-8.444762110297768,1.1838513050756525,10.907579628278596,3.3709185090370664,1.1492974533085898,-1.5766912953380303,-0.5259632116367876,-1.5048142516099674,-0.5233742243427822,0.15059005728683672,1.0124557080432954,0.37482292812177703
Assam,Sonitpur,301,306,18,-0.2567317586514464,-0.6619046532680285,-0.8314163058802643,1924110,392919,0.2471815522794822,0.22888622605269304,-0.589684016615286,ASSAM,SONITPUR,SONITPUR,100.0,22.97222222222222,45.39765076784724,23.45468060228329,SONITPUR,28.7,21.5,26.9,27.0,88.4,61.0,22.7,45.3,36.7,13.1,21.9,69.4,83.5,72.2,45.8,70.9,8.000000000000004,-8.4,-5.0,42.400000000000006,-4.900000000000006,11.200000000000003,23.099999999999998,25.60000000000001,-0.5702778232762817,-11.326563949341397,7.8067753883623805,2.6656779869402225,-31.46361448708194,8.55978456027918,-16.856477243356885,-12.703776364937443,6.760848642694132,-1.6677535616656254,0.9751291646857235,0.36186821471454916,-2.1903447791362156,0.5305028781467324,-2.144203298884026,-1.179181022070271,0.7517598179988786
Assam,Sribhumi,293,317,18,0.3687353970799403,-0.8724928394721054,-0.5979862507369301,1228686,247714,0.4378199110909294,1.8117343197737734,-0.455135101131564,ASSAM,SRIBHUMI,KARIMGANJ,100.0,20.22222222222222,36.336904067957384,20.63793266255727,KARIMGANJ,42.3,17.6,35.6,24.6,48.0,39.5,22.5,53.9,29.1,48.0,52.9,64.1,76.4,61.5,39.6,75.1,-13.199999999999996,30.4,17.299999999999997,39.49999999999999,28.400000000000006,22.0,17.1,21.199999999999996,-0.4498495446202038,9.18691176405559,-27.49747301452508,-17.77749181048362,-20.87971629902556,7.205460923888026,16.948542655008595,-2.62632955113785,-0.07817252074946524,1.3527054527514004,-3.434655995302912,-2.413310705598924,-1.4535449385255137,0.44656705219362886,2.155914343637135,-0.2437793200572715,-0.008692246059174192
Assam,Tinsukia,302,309,18,-0.14814309083114927,-1.050072314834403,-1.1374706872941407,1327929,268598,0.2625924762483808,0.36554628553260055,0.33338935828228516,ASSAM,TINSUKIA,TINSUKIA,100.0,15.88888888888889,45.101556740166984,16.366112459603674,TINSUKIA,36.0,14.8,32.7,42.6,76.3,50.8,26.9,64.0,32.8,21.5,32.2,66.4,82.6,66.7,40.9,75.0,-3.200000000000003,6.699999999999999,-0.5,23.800000000000004,6.299999999999997,15.900000000000006,14.0,11.0,-0.4714967653473992,-1.0040861623958222,-7.106681143631134,-2.583122283519312,-12.466546629141432,-3.3274398532295972,-5.633713407442837,-6.536863796519242,0.1050814521516159,-0.14784433134747568,-0.8876817511116449,-0.3506612027807037,-0.8678607263704302,-0.20622206161469894,-0.7166281957261706,-0.6067601877807196,0.011684333952649737
Assam,Udalguri,617,326,18,-0.4003118485242549,0.1818772125467729,-0.47337677055876504,831668,168717,0.2542298027238708,0.29159660857738373,-0.6497341309872574,ASSAM,UDALGURI,UDALGURI,99.96472222222222,23.666666666666668,45.799947155932074,24.17437028230888,UDALGURI,39.1,18.3,31.8,39.7,72.2,53.8,14.1,52.8,33.8,21.3,32.5,77.6,86.2,73.8,34.0,38.3,-5.300000000000004,3.0,0.6999999999999993,37.89999999999999,14.0,20.0,19.9,-14.5,-0.5887902624006378,2.464541265148301,-4.884775581693449,-3.814924937831074,-28.024780429307462,-33.13619966380717,1.1458818757578708,-5.598273709417999,3.8968582106213567,0.36288564574448745,-0.6101478389854307,-0.517879535070003,-1.9509497716791209,-2.0536555761072974,0.14576021209293558,-0.5196390368395114,0.43330380163883825
Bihar,Araria,188,209,10,-1.6521877101051705,-0.7842174278872873,2.6856649321188213,2811569,568142,0.3497916875073806,1.1087005508346912,0.1460697983263841,BIHAR,ARARIA,ARARIA,100.0,29.63888888888889,52.54964163682108,30.18443246178071,ARARIA,48.4,22.8,45.4,61.8,51.6,12.5,5.2,53.9,49.9,23.9,47.8,75.8,66.2,32.2,15.2,61.6,1.5,1.0999999999999979,2.3999999999999986,14.0,14.600000000000001,19.700000000000003,10.0,7.700000000000003,-0.9048973749879793,-9.279146372061613,-3.19862319407039,-10.377609642594939,-6.69940691775307,-8.866838053589824,1.9813978710515574,-20.723388986872003,-12.385160681394865,-1.3662863230575994,-0.3995338162319699,-1.408769961251338,-0.46638033184757627,-0.549532885362357,0.2520407906215915,-1.923571881644963,-1.377144591129622
Bihar,Arwal,611,240,10,-0.8353029924212164,-0.5503029694795348,2.344954027867324,700843,118222,0.3674928613178138,1.2536829161231018,0.5907106060692727,BIHAR,ARWAL,ARWAL,100.0,33.611111111111114,46.896049475591425,34.19912178018958,ARWAL,50.2,30.7,54.0,66.8,69.9,21.3,10.2,74.1,45.6,36.8,52.9,65.8,79.2,43.4,29.3,84.2,-4.600000000000001,6.099999999999998,-1.1000000000000014,-1.0,9.299999999999997,22.099999999999998,19.1,10.100000000000009,-0.3787809018670439,-1.9246170360299093,-7.526923758310222,-5.432334584175749,10.986214984870477,-4.008294961522068,-1.3253326005342956,-13.455678066460433,-1.5115277451665428,-0.28338575856165626,-0.9401734406289637,-0.737444367751334,0.7648071916358792,-0.2484188706589538,-0.1685869765762669,-1.2489735145881145,-0.16807147780694118
Bihar,Aurangabad,189,235,10,-0.5009327567660146,-0.3772067266309401,1.4709701013208485,2540073,391898,0.3482818311927629,1.0962461174029379,0.4223248993084185,BIHAR,AURANGABAD,AURANAGABAD,100.0,36.111111111111114,44.57055598573622,36.59717239372925,AURANGABAD,48.3,24.8,47.6,53.4,71.5,27.1,16.6,77.6,41.2,32.9,48.7,68.4,77.5,47.1,38.9,89.7,-7.099999999999994,8.099999999999998,1.1000000000000014,15.000000000000007,6.0,20.0,22.299999999999997,12.100000000000009,-0.43620326562623607,1.735118841509859,-9.285094655162027,-6.328155360486397,-4.06391876293106,-2.3200111141534663,-4.747477647383738,-11.636686334818215,3.4575019990871034,0.25548353770690213,-1.1597831556180211,-0.8590528540786083,-0.2829103836393117,-0.14378546150590021,-0.603895884409071,-1.0801323395202627,0.3844504160543845
Bihar,Banka,190,225,10,-1.3300746318099013,-0.71150415281531,1.9547898939433959,2034763,381601,0.3312425751878111,0.9547186109407436,-0.05014541252024357,BIHAR,BANKA,BANKA,100.0,33.416666666666664,56.76038148320507,33.84679930829417,BANKA,49.6,26.0,48.5,70.4,70.7,14.3,9.3,64.9,46.7,26.9,45.8,77.8,79.8,38.2,32.3,88.1,-2.8999999999999986,0.8999999999999986,-2.700000000000003,7.3999999999999915,9.099999999999994,23.900000000000002,22.999999999999996,23.19999999999999,-0.3007470429064061,-3.8497267257975514,-2.6274313232830773,-3.973763666011344,0.8677488390752384,6.463334346751296,-3.350577141895613,-13.014025957400936,1.813959062887502,-0.5668440567769486,-0.32818734805172595,-0.539442037096026,0.06040848040679873,0.40057287064060887,-0.4262052181543043,-1.2079787922000813,0.20169975798043002
Bihar,Begusarai,191,222,10,-0.8241869680397523,-0.8013983267962241,1.1915950065258063,2970541,589667,0.3200561234793783,0.8608158501963246,0.9367249406598361,BIHAR,BEGUSARAI,BEGUSARAI,100.0,31.13888888888889,65.30922772501305,31.523270062704583,BEGUSARAI,44.9,18.4,39.1,62.7,75.3,34.2,16.5,77.1,37.8,21.0,35.6,74.5,86.0,62.2,45.2,65.8,-7.100000000000001,2.6000000000000014,-3.5,11.799999999999997,10.700000000000003,28.0,28.700000000000003,-11.299999999999997,-0.2268962980772427,0.6895343448806086,-4.375454630812358,-3.0561140676112686,-2.7834398540579954,-25.02851644408826,-0.9578617415304773,-3.851090542110576,11.412118624680158,0.101528880665727,-0.546529547349939,-0.4148702682877011,-0.19376963046883028,-1.5511722188599786,-0.1218433885332636,-0.3574632259793771,1.268949014195421
Bihar,Bhagalpur,192,224,10,-0.843617905057721,-0.8862787925148743,0.9681447942909642,3037766,564711,0.2952875070426348,0.6500364989670836,0.6519735792894197,BIHAR,BHAGALPUR,BHAGALPUR,99.98166666666668,34.416666666666664,49.54293080695238,34.827268098719955,BHAGALPUR,46.6,23.1,40.8,70.1,69.4,32.3,23.2,66.7,40.0,21.2,40.4,78.7,77.2,60.9,49.2,66.8,-6.600000000000001,-1.9000000000000021,-0.3999999999999986,8.600000000000009,7.799999999999997,28.6,26.000000000000004,0.09999999999999432,-0.17030878126551835,0.4969138094707368,0.16040746811813777,-5.720444724655172,0.053747519464177884,-14.349205872632716,-3.871093266175553,-2.551814762139344,8.41535229588187,0.07316691798962056,0.02003618557139035,-0.7765555817416325,0.003741642547082966,-0.889309183069366,-0.4924167031929843,-0.23686276056137848,0.9357292323331206
Bihar,Bhojpur,193,231,10,-0.5577318017069712,-0.7347205229904177,1.0430664873472024,2728407,416090,0.3266756384861872,0.9164779053851285,0.5669896101123132,BIHAR,BHOJPUR,BHOJPUR,100.0,31.13888888888889,43.00208894758535,31.630693597060738,BHOJPUR,43.5,26.0,47.2,70.6,80.4,26.2,21.0,71.9,40.7,31.3,44.0,67.7,86.9,45.9,42.9,61.9,-2.799999999999997,5.300000000000001,-3.200000000000003,-2.8999999999999915,6.5,19.7,21.9,-10.000000000000007,-0.39992456418039074,-2.8637934719896485,-6.390583851199542,-2.101486576787538,13.36346731552964,-23.995437906088753,-4.536862371137175,-10.793057373259625,3.9711690413531358,-0.4216726082284839,-0.7982354279032857,-0.2852787169021812,0.9303000098016543,-1.487145941808155,-0.5771048791709378,-1.0018256035890183,0.4415666543572814
Bihar,Buxar,194,232,10,-0.5399118795995987,-0.7248814598298244,0.9585559547958395,1706352,261660,0.2856194097744247,0.5666659250582637,0.44538984782688446,BIHAR,BUXAR,BUXAR,100.0,29.944444444444443,37.502418101909534,30.467457924074047,BUXAR,43.9,19.6,41.2,59.8,81.6,27.9,23.3,63.9,39.6,33.2,45.3,68.3,89.5,52.4,44.7,75.0,-4.299999999999997,13.600000000000001,4.099999999999994,8.5,7.900000000000006,24.5,21.400000000000002,11.100000000000001,-0.4822888167761308,-0.9138143571363813,-15.12128139119999,-9.258953016596804,0.9082920268608667,-3.336449364426061,-2.6767337400058366,-5.018231014094582,3.3433848560014816,-0.13455246936596343,-1.8887699156759918,-1.2569113053627474,0.06323090119803523,-0.20678043683860334,-0.340489963157433,-0.46579872049045784,0.3717613754841148
Bihar,Darbhanga,195,215,10,-1.4826727019310177,-0.7523661424554412,1.4080466207760192,3937385,803012,0.3134865293744647,0.8052969093429603,0.5154055478943028,BIHAR,DARBHANGA,DARBHANGA,100.0,32.52777777777778,60.37715107691801,33.027602910751234,DARBHANGA,49.0,16.6,41.1,69.9,47.2,27.7,18.3,52.9,45.4,19.3,39.2,68.9,69.9,48.7,41.6,66.3,-3.6000000000000014,2.6999999999999993,-1.8999999999999986,-1.0,22.700000000000003,21.000000000000004,23.3,13.399999999999999,-0.15802112987442074,-3.591916764762365,-5.191168989388196,-5.794078496815345,7.963587299661194,-2.812511260090929,9.006860633374885,-14.810129463031796,4.933740732639915,-0.5288834287636922,-0.6484188449831149,-0.7865514333804439,0.5543864603404025,-0.17430874665023896,1.145704408095241,-1.374695452401949,0.5485979987484295
Bihar,Gaya,196,236,10,-0.9222394034832713,-0.09598026392963914,1.3855037764159492,4391418,688425,0.2919731355918452,0.6215260980138807,0.5235433123935761,BIHAR,GAYA,GAYA,100.0,31.416666666666668,55.870709502644786,31.948542474544904,GAYA,52.9,25.6,53.1,59.0,56.8,26.8,15.6,67.6,47.4,24.3,43.5,76.7,76.6,44.4,34.7,85.0,-5.5,-1.3000000000000007,-9.600000000000001,17.700000000000003,19.799999999999997,17.599999999999998,19.1,17.400000000000006,-0.0820368667966151,0.06260181094921169,-1.6675957060240103,2.932442696569792,-10.142402848245299,1.439001186492316,7.770688263606406,-14.890157763175477,1.3962005773469741,0.00921765803329405,-0.20829614366422833,0.39808176702485765,-0.7060650687692404,0.08918381832098801,0.9884589270270387,-1.3821237831633775,0.15524789081774687
Bihar,Gopalganj,197,217,10,-0.7760101889388372,-0.7898077323378747,0.6176417403883847,2562012,413044,0.3149936381059283,0.8180578303162951,0.525610154992903,BIHAR,GOPALGANJ,GOPALGANJ,100.0,28.583333333333332,44.408190060118,29.146951223996172,GOPALGANJ,35.6,16.5,30.5,63.3,75.1,26.4,20.4,63.1,34.2,21.5,29.2,56.1,85.9,60.1,39.4,75.8,-1.3999999999999986,5.0,-1.3000000000000007,-7.199999999999996,10.800000000000011,33.7,19.0,12.699999999999996,-0.08214645891847965,-4.491257208177792,-6.3514002255217115,-4.314165390196223,16.892530218423637,-2.0859220236443523,-1.5453201931539162,3.2435112915829514,2.0858346124361837,-0.6613047203720122,-0.7933410772558289,-0.5856518812032387,1.1759763133862544,-0.12927751035557528,-0.19657017348026065,0.30106693081133146,0.23193044712149272
Bihar,Jamui,198,238,10,-1.3537384810966218,-0.48709526281207965,1.3456177084660343,1760405,307082,0.3409951921847149,1.0359436800772373,-0.06577048738630603,BIHAR,JAMUI,JAMUI,99.99472222222222,33.72222222222222,55.004816016322074,34.299977115419225,JAMUI,45.9,29.4,47.2,61.3,59.4,14.8,9.2,55.5,43.0,19.4,37.5,81.9,73.4,37.6,40.2,66.4,-2.8999999999999986,-10.0,-9.700000000000003,20.60000000000001,14.000000000000007,22.8,31.000000000000004,10.900000000000006,-0.02810342543755904,-3.6163735787262574,8.172599997731751,3.161552795905896,-11.998146645715575,-6.53762648013625,0.10113899346239208,-13.046039363054508,11.656882869508589,-0.5324845154460878,1.0208236067581329,0.4291836716907674,-0.8352529832687742,-0.405177214395622,0.012865236330048465,-1.2109503180923915,1.2961651129234544
Bihar,Jehanabad,199,239,10,-0.7937254645704783,-0.564501276421384,1.5571448776018944,1125313,181740,0.360144744230084,1.1937269315370538,1.0089186061495516,BIHAR,JEHANABAD,JEHANABAD,100.0,37.19444444444444,46.34322718352732,37.6759088354328,JEHANABAD,52.1,19.6,47.1,61.4,83.0,29.3,20.1,67.5,41.3,36.6,51.7,61.9,89.1,45.5,34.3,70.3,-10.800000000000004,17.0,4.600000000000001,0.5,6.099999999999994,16.2,14.199999999999996,2.799999999999997,-0.7411831715615969,4.255708605186405,-18.662376904396776,-11.339100626933465,9.373345779647257,-10.73101055744282,-5.595876731653071,-17.00018328972656,-3.4478597270891918,0.6266219142411122,-2.331081284721321,-1.5392932381329876,0.6525270324526201,-0.6650672042101856,-0.711815237248788,-1.5779790930742206,-0.38337826179900425
Bihar,Kaimur (Bhabua),200,233,10,-0.6131193521048621,-0.28277509628591546,1.3818276673648868,1626384,250884,0.2772078549213256,0.49361922596478286,-0.12638344976398527,BIHAR,KAIMUR (BHABUA),KAIMUR (BHABUA),100.0,33.083333333333336,43.12910552701977,33.52921689338041,KAIMUR (BHABUA),53.8,21.4,48.1,63.0,80.1,21.5,13.8,70.5,44.1,27.3,47.2,71.4,83.3,59.1,29.0,88.9,-9.699999999999996,5.900000000000002,-0.8999999999999986,8.400000000000006,3.200000000000003,37.6,15.2,18.400000000000006,-0.1782552622101587,5.160200311631345,-7.8508688572140795,-3.9939842374310457,0.5031541819365426,2.0717771655613575,-7.250341569898751,6.594800602640227,-4.643425901005632,0.7598016915917076,-0.9806367943164606,-0.5421869980838138,0.03502716243735252,0.12840086587099017,-0.9222689941541392,0.6121379573741602,-0.5163169884010665
Bihar,Katihar,201,212,10,-1.6117576760861145,-0.8093296341046154,2.7112587828350407,3071029,619076,0.3208498216789554,0.8675045940376653,0.008836777227802668,BIHAR,KATIHAR,KATIHAR,99.99944444444444,32.666666666666664,60.361304299623235,33.17102776800084,KATIHAR,49.2,20.7,45.1,61.3,51.8,21.5,10.0,71.2,43.9,23.5,48.1,65.6,66.9,44.6,16.9,73.7,-5.300000000000004,2.8000000000000007,3.0,4.299999999999997,15.100000000000009,23.1,6.899999999999999,2.5,-0.7583626332515498,-2.1321433503939726,-5.082890722319462,-10.750157537605956,2.4043429998717976,-14.321853289342869,3.0786714531682478,-16.727898725188318,-15.984786702785176,-0.3139424879870997,-0.6348940167579108,-1.4593436773279915,0.16737873962904373,-0.8876139740301868,0.3916178564928207,-1.552705286146044,-1.7773982198850309
Bihar,Khagaria,202,223,10,-1.2895939269389833,-0.7897136610685588,1.8525642095686414,1666886,328823,0.3311814294218718,0.9542074810731217,0.061639346144995236,BIHAR,KHAGARIA,KHAGARIA,100.0,29.61111111111111,68.89141459647165,30.07514327024202,KHAGARIA,49.8,17.0,42.4,63.4,71.2,30.8,13.4,65.9,34.8,25.3,36.4,67.1,74.2,65.0,33.2,64.7,-15.0,8.3,-6.0,3.6999999999999957,3.0,34.2,19.800000000000004,-1.2000000000000028,-0.2995672791640601,8.187976654683451,-9.940476629709186,-0.661247290368637,4.699881134885867,-17.532724172722432,-9.39562401083478,-2.2138568840910793,-0.9952879437384894,1.2056195762243802,-1.2416456462877201,-0.0897649219533799,0.32718301041301595,-1.0866115344237912,-1.1951564795097067,-0.20549307137560582,-0.11066916639967365
Bihar,Kishanganj,203,210,10,-1.4625824536527774,-0.984515413292067,2.5300776503036015,1690400,338445,0.3694228277486843,1.2693768022861316,-0.21419911000187766,BIHAR,KISHANGANJ,KISHANGANJ,100.0,36.97222222222222,55.18525945651005,37.49535002100693,KISHANGANJ,46.9,22.8,45.4,65.2,41.8,15.9,5.7,54.9,38.8,23.9,41.1,67.5,54.6,52.4,15.3,67.3,-8.100000000000001,1.0999999999999979,-4.299999999999997,2.299999999999997,12.800000000000004,36.5,9.600000000000001,12.399999999999999,-0.25429277429248087,0.5786449481600178,-2.0789773425042135,-2.468580208714979,6.79884296523139,-4.132994589507977,0.615489223364424,-3.168754866650204,-13.724502249682693,0.08520122938870656,-0.25968102558948325,-0.33511201179731653,0.47330258890553445,-0.25614727913518226,0.078292397878428,-0.2941279423541814,-1.5260701516363524
Bihar,Lakhisarai,204,227,10,-1.0138306771390768,-0.7331354753162791,1.3105829454120015,1000912,163355,0.3638204054253693,1.2237583800546863,0.2957974108708091,BIHAR,LAKHISARAI,LAKHISARAI,99.83055555555556,32.111111111111114,52.927812762730696,32.65623649589727,LAKHISARAI,50.6,20.1,47.3,66.3,64.1,36.8,14.7,59.1,42.7,25.6,45.1,77.2,75.8,51.6,42.6,68.9,-7.899999999999999,5.5,-2.1999999999999957,10.900000000000006,11.700000000000003,14.800000000000004,27.900000000000002,9.800000000000004,-0.30952228727736664,1.3187191791937352,-6.527583180507339,-3.8432336426131695,-0.6562955444953573,-5.5916378985500845,-1.0492545011174528,-19.443269447025756,8.967957605883488,0.19417173802872525,-0.8153477482794506,-0.5217224675286741,-0.04568812397717275,-0.3465484414760103,-0.1334688695736593,-1.8047495233158097,0.9971751379031181
Bihar,Madhepura,205,213,10,-1.7747202456995197,-0.6536906176293428,2.289619600002658,2001762,401289,0.3292232683232119,0.937826387881219,0.4068797323357363,BIHAR,MADHEPURA,MADHEPURA,100.0,33.138888888888886,54.210533966697454,33.580956597001155,MADHEPURA,51.8,24.2,49.2,61.4,60.9,15.0,9.0,62.2,46.3,20.6,43.5,67.7,75.0,34.6,13.4,72.0,-5.5,-3.599999999999998,-5.700000000000003,6.300000000000004,14.100000000000001,19.6,4.4,9.799999999999997,-0.5848203061286287,-2.308076005883028,0.7317799251928543,-2.9198735358487564,-0.19617386346158483,-7.009004875407143,0.4790402751800027,-20.0309615577645,-16.074129262151303,-0.33984728260243624,0.09140521043436557,-0.3963754920085711,-0.013656676279595381,-0.4343914537992409,0.06093561089367441,-1.8592998683389024,-1.7873324973283238
Bihar,Madhubani,206,207,10,-1.404088992835737,-0.865133308860584,2.2026510713303367,4487379,898515,0.3242852115910583,0.896409430915779,0.42346136544367236,BIHAR,MADHUBANI,MADHUBANI,100.0,29.52777777777778,63.14039746578789,30.064383230556253,MADHUBANI,51.8,19.1,45.4,62.9,50.3,19.1,12.2,48.9,43.3,17.1,36.0,71.0,73.7,38.2,40.0,74.1,-8.5,-2.0,-9.399999999999999,8.100000000000001,23.400000000000006,19.1,27.8,25.199999999999996,0.18149905933004268,1.159871124944643,-0.14275468088691445,1.7937705392365348,-0.7444304648121083,9.60057406463918,11.296545032925959,-18.352019784752116,7.004478270050612,0.17078252578197128,-0.017831210173632848,0.24350598452671818,-0.05182365117970191,0.595007051554326,1.436960331384643,-1.7034583123302955,0.7788497550763129
Bihar,Munger,207,226,10,-0.3009190313937861,-0.783570662192752,0.80874677721341,1367765,263171,0.2633914981936179,0.3725862460116043,0.33191590853729863,BIHAR,MUNGER,MUNGER,100.0,32.77777777777778,51.60323975786782,33.300628945595605,MUNGER,46.6,21.5,43.7,62.5,83.5,34.1,26.3,63.7,35.5,26.7,39.5,74.3,93.2,62.8,59.4,73.4,-11.100000000000001,5.199999999999999,-4.200000000000003,11.799999999999997,9.700000000000003,28.699999999999996,33.099999999999994,9.700000000000003,0.18386667362343453,6.514364139451269,-6.5090636089618235,-0.17253231040291084,-2.0872484157854796,-4.4662902217734235,0.13201442176186262,1.0930785430106624,14.857494323331789,0.9591923944585513,-0.8130345045349928,-0.023421418285312925,-0.14530414718096396,-0.27680367427520053,0.016792699598820862,0.10146097007090557,1.652051069135669
Bihar,Muzaffarpur,208,216,10,-0.8211772290662865,-0.748813041380507,1.3390677800254305,4801062,945703,0.2366172867930994,0.13422598719722273,0.8691720487210174,BIHAR,MUZAFFARPUR,MUZAFFARPUR,100.0,31.22222222222222,53.55823355057099,31.761908266535823,MUZAFFARPUR,47.9,17.5,42.3,58.5,62.3,28.5,21.9,55.0,42.6,19.9,34.7,64.6,72.5,55.2,41.5,74.9,-5.299999999999997,2.3999999999999986,-7.599999999999994,6.099999999999994,10.200000000000003,26.700000000000003,19.6,19.900000000000006,-0.05377768871277831,-0.3894738233496753,-5.371761536952764,0.8358374743390762,0.24870501012645274,5.664530553998638,-0.14046680555711788,-3.919677306898759,1.7802719959280182,-0.05734716715255195,-0.6709763096589425,0.1134656984498638,0.017313640831035215,0.3510660509133622,-0.017867872599417085,-0.3638295385686511,0.19795398808307493
Bihar,Nalanda,209,229,10,-0.9405076629975546,-0.5093839610993017,1.7600654033749146,2877653,477529,0.3593874636718637,1.187529600401084,0.7055736010166206,BIHAR,NALANDA,NALANDA,100.0,37.77777777777778,54.74260758540974,38.28486096520502,NALANDA,54.1,24.3,50.2,59.0,78.5,31.0,23.4,65.2,42.6,27.8,46.7,80.3,80.3,52.5,41.0,75.2,-11.5,3.5,-3.5,21.299999999999997,1.7999999999999972,21.5,17.6,10.0,-0.5120279783223204,4.930333165900807,-5.225156258634268,-3.264530403812506,-11.763693422210265,-4.510623860105998,-10.13385111442118,-13.06379900083207,-1.1350434282979442,0.7259554384193757,-0.6526641288322284,-0.4431629757594908,-0.818931482944412,-0.27955130449515786,-1.2890615682173359,-1.2125987907374187,-0.12620901401189505
Bihar,Nawada,210,237,10,-1.2104024211866196,-0.3139891420686012,1.4359028119333388,2219146,338247,0.3791143057080263,1.3478519774286266,0.21721866812767793,BIHAR,NAWADA,NAWADA,100.0,32.861111111111114,53.620996827773666,33.303196224925685,NAWADA,48.4,21.4,45.9,56.4,67.8,28.8,21.0,63.5,49.4,18.2,37.3,73.3,79.9,47.9,40.7,74.5,1.0,-3.1999999999999993,-8.600000000000001,16.9,12.100000000000009,19.099999999999998,19.700000000000003,11.0,-0.39547396230900156,-7.5903830114138175,1.5625554965335118,1.981534612316814,-7.178019588784824,-5.571131774953795,-1.7882091635969708,-16.735186156747115,1.0386478788934,-1.1176282903013781,0.19517577492765975,0.2689951284690756,-0.49969903290314815,-0.3452775499587232,-0.22746650633603516,-1.5533817150083693,0.11549049263890596
Bihar,Pashchim Champaran,211,203,10,-1.5759258702632684,-0.5421170764899506,2.5975860970957756,3935042,710461,0.3077015184572906,0.7561779904798516,-0.2087271507253657,BIHAR,PASHCHIM CHAMPARAN,PASHCHIM CHAMPARAN,100.0,30.0,55.10355740411113,30.41713334445294,PASHCHIM CHAMPARAN,43.6,21.7,39.1,62.3,64.2,21.4,18.1,29.4,43.5,13.2,30.3,61.6,79.5,43.3,31.4,62.1,-0.10000000000000142,-8.5,-8.8,-0.6999999999999957,15.299999999999997,21.9,13.299999999999997,32.7,-0.11394446763670855,-6.7436531595015845,5.913124929849638,1.348405603969887,7.1630015202066035,14.981966743762783,3.13665816542572,-17.367230345638113,-9.482335361224262,-0.9929535228598941,0.7385969605481562,0.1830472889112013,0.4986535475500103,0.9285252942867944,0.3989939706072281,-1.6120488775307735,-1.0543704026063907
Bihar,Patna,212,230,10,-0.25972853286171227,-0.7425197586725404,0.5650147438964389,5838465,975578,0.293093460518873,0.6311713678187322,1.5636468838912299,BIHAR,PATNA,PATNA,100.0,31.75,51.62308155102654,32.17345511893996,PATNA,43.5,28.5,43.3,51.6,86.4,49.9,51.7,69.7,34.5,27.5,39.6,65.4,89.1,61.0,64.6,56.6,-9.0,-1.0,-3.6999999999999957,13.800000000000004,2.6999999999999886,11.100000000000001,12.899999999999991,-13.100000000000001,-0.538790575297956,3.5104114939737094,-0.8928491760435384,-2.228380530593247,-4.167800403741161,-24.660253371718717,-7.640123139484173,-15.605412903242826,-1.5677423853490584,0.5168823747582357,-0.11152405800268657,-0.3025046867105038,-0.29014212141978596,-1.5283486748290025,-0.9718505831945558,-1.4485146942497427,-0.17432215873560641
Bihar,Purbi Champaran,213,204,10,-1.5523442104743916,-0.8734962099809961,2.320700443360093,5099371,981516,0.2926225144981236,0.6271178469986223,0.4445216609404212,BIHAR,PURBI CHAMPARAN,PURBI CHAMPARAN,100.0,32.833333333333336,58.93153488553034,33.25711068582066,PURBI CHAMPARAN,47.2,18.0,40.8,65.7,44.9,20.5,14.4,49.3,49.1,16.8,37.9,61.0,61.5,48.3,44.2,68.3,1.8999999999999986,-1.1999999999999993,-2.8999999999999986,-4.700000000000003,16.6,27.799999999999997,29.800000000000004,19.0,-0.09154829680500787,-9.297546518828394,-1.5949640186338865,-5.234789249540354,10.531193946456376,3.0182448422490804,4.557516096016727,-10.072664264452087,8.826949623159322,-1.3689956098671492,-0.19922386053436836,-0.7106274086437742,0.7331308260264333,0.18705933128209998,0.5797321057486873,-0.934957779570909,0.9814960211189171
Bihar,Purnia,214,211,10,-1.7373070542781284,-0.7282435222201453,2.7965017596168082,3264619,647777,0.3316670995382292,0.9582666489559846,0.2870786666876711,BIHAR,PURNIA,PURNIA,100.0,30.333333333333332,60.62625969490188,30.833443146202185,PURNIA,52.1,20.8,47.0,66.5,61.5,14.4,8.6,65.8,43.5,25.8,47.1,68.0,68.9,35.6,19.3,62.7,-8.600000000000001,5.0,0.10000000000000142,1.5,7.400000000000006,21.200000000000003,10.700000000000001,-3.0999999999999943,-0.8316989982905125,0.748004027634253,-7.667823911194988,-8.615755177581098,4.739709179562918,-19.690814320769924,-5.189800720995034,-19.49595554888328,-11.476911389204256,0.1101381130947303,-0.9577730053085662,-1.1695966128705635,0.32995564639727,-1.2203617505392728,-0.6601609378907314,-1.8096399157198138,-1.2761535234871524
Bihar,Rohtas,215,234,10,-0.2405018184767809,-0.5775432312746637,0.7505044700716196,2959918,460345,0.298361387695078,0.6764130562572489,0.3347751609833211,BIHAR,ROHTAS,ROHTAS,100.0,27.61111111111111,38.691999764202066,28.149519268195863,ROHTAS,48.5,19.9,45.1,61.3,80.7,25.9,17.9,75.6,40.0,31.8,48.2,70.3,89.1,69.0,47.4,86.8,-8.5,11.900000000000002,3.1000000000000014,9.0,8.399999999999991,43.1,29.5,11.200000000000003,0.052603393523999065,3.955899605487966,-12.927550927051328,-7.301238478680217,1.858680236090077,-3.0132325409998817,-1.7142927520738223,15.273510170625212,11.709073631687446,0.5824772354750902,-1.6147553003407298,-0.9911497736896119,0.1293923351646412,-0.18674868792184793,-0.2180640783469922,1.417707051527367,1.3019683663240755
Bihar,Saharsa,216,214,10,-1.787706967302009,-0.6944970792416605,1.5228575634493147,1900661,368979,0.3378376246762553,1.0097105975708591,0.41097524754280884,BIHAR,SAHARSA,SAHARSA,100.0,33.77777777777778,56.220188213089365,34.16562083478427,SAHARSA,43.9,24.0,44.4,68.4,59.6,16.6,12.9,78.0,47.8,20.5,42.7,69.3,70.4,40.5,25.2,72.2,3.8999999999999986,-3.5,-1.6999999999999957,0.8999999999999915,10.800000000000004,23.9,12.299999999999999,-5.799999999999997,-0.759217095163571,-11.688862424925674,0.9155972089080588,-6.6042092762277615,5.818299366753544,-22.907650379834195,-4.20609546375719,-14.226494132804731,-6.297480724487597,-1.7210993579498408,0.11436547064515745,-0.8965274245795082,0.4050418824783315,-1.4197290098250752,-0.5350301631002748,-1.3205216630149648,-0.7002364959623933
Bihar,Samastipur,217,221,10,-1.0770109524130997,-0.610721375706293,1.7653443954927333,4261566,835493,0.2790573350339668,0.5097214522533158,0.539218934423292,BIHAR,SAMASTIPUR,SAMASTIPUR,100.0,34.44444444444444,59.86308548097499,34.891004706142056,SAMASTIPUR,49.2,18.4,41.3,65.4,73.4,19.2,14.0,57.4,44.0,21.3,42.8,67.2,83.4,48.8,36.1,71.4,-5.200000000000003,2.900000000000002,1.5,1.7999999999999972,10.0,29.599999999999998,22.1,14.000000000000007,-0.24777896074279201,-0.985195917264452,-5.60455512659674,-8.528259253660945,5.090819297912081,-1.3670983595824104,-1.2827244489756122,-4.288198816387176,2.807159733184889,-0.14506288114426458,-0.7000541052046062,-1.1577189615042298,0.3543982359460245,-0.08472755469028892,-0.16316706956885912,-0.3980361837212534,0.31213683394514147
Bihar,Saran,218,219,10,-0.8024143822699578,-0.8761127467299897,0.7344135296302868,3951862,631097,0.3260848282112639,0.911521211482333,0.67374718217687,BIHAR,SARAN,SARAN,99.92,37.111111111111114,48.11654413262213,37.56310141523936,SARAN,46.1,18.1,40.4,61.9,62.0,25.4,17.4,55.1,39.7,28.8,45.0,69.8,73.0,37.2,36.8,72.0,-6.399999999999999,10.7,4.600000000000001,7.899999999999999,11.0,11.800000000000004,19.4,16.9,-0.5336601936424555,0.1742323627199598,-11.96055356877785,-10.476772831969612,1.9146775151286022,2.5970886329804497,-1.315738812493235,-19.17408689635919,2.4655033674222793,0.02565443896165224,-1.4939695367805055,-1.4222314545300527,0.13329059510035918,0.1609576718778253,-0.16736661293388466,-1.7797636493441493,0.2741469985091113
Bihar,Sheikhpura,219,228,10,-0.9692381716942056,-0.5301052437973445,1.6169084857828773,636342,100701,0.3882996702185018,1.421721611987279,0.5919460653071786,BIHAR,SHEIKHPURA,SHEIKHPURA,100.0,35.166666666666664,49.81284691683008,35.59853985170222,SHEIKHPURA,46.4,28.9,51.7,66.0,74.6,33.6,16.5,63.5,53.6,16.3,37.6,80.1,89.2,54.2,40.3,82.8,7.200000000000003,-12.599999999999998,-14.100000000000001,14.099999999999994,14.600000000000009,20.6,23.799999999999997,19.299999999999997,-0.010248022984147759,-13.943252602083344,11.359136402016953,7.574527297843867,-3.60935831657096,4.562612111151694,1.9930159330340267,-14.364572651404359,5.146661585190138,-2.0530417955818043,1.4188476855324923,1.0282489798115457,-0.25126608222265606,0.28277333848623964,0.2535186490418179,-1.3333382904500668,0.5722733315092494
Bihar,Sheohar,220,205,10,-1.5324553745737326,-0.7937758617389902,2.688843262829426,656246,150144,0.2459822521803743,0.2181804247187305,0.644925924332902,BIHAR,SHEOHAR,SHEOHAR,100.0,33.77777777777778,52.0471154008879,34.316212804727016,SHEOHAR,53.0,14.8,42.8,63.7,52.7,21.0,11.1,59.3,34.4,35.4,42.2,73.1,74.3,57.9,31.3,62.9,-18.6,20.599999999999998,-0.5999999999999943,9.399999999999991,21.599999999999994,36.9,20.200000000000003,3.6000000000000014,-0.29970305657887486,11.47220431768583,-24.364294981587786,-8.098355992490099,-5.428278526397156,-12.066250304533103,10.770731709895703,-0.6911039067105733,-1.118608328740148,1.6891980389241363,-3.0432968071515156,-1.0993592022302205,-0.3778905165162399,-0.7478202833162101,1.3700750240003272,-0.06414916223816444,-0.12438154410311171
Bihar,Sitamarhi,221,206,10,-1.707260582335189,-0.9201265646704193,2.1509487957515874,3423574,736322,0.2600122507402823,0.34278217421123114,0.4504005931763569,BIHAR,SITAMARHI,SITAMARHI,100.0,29.88888888888889,56.76611036394939,30.29519682377472,SITAMARHI,57.3,15.8,47.7,69.0,37.2,20.2,12.8,62.6,54.2,16.2,40.8,70.0,64.4,50.7,40.5,66.6,-3.0999999999999943,0.3999999999999986,-6.900000000000006,1.0,27.200000000000003,30.500000000000004,27.7,3.999999999999993,0.018620833161582057,-4.3243646266823745,-3.7635700550388145,-1.627410575858507,3.415663272488521,-12.500221293403094,14.780803765247745,-7.155943985422763,7.174079614392021,-0.6367310104234856,-0.4701002323541996,-0.2209224679720104,0.23778196936827561,-0.7747161540015588,1.8801703188661105,-0.6642240149864267,0.7977082567959515
Bihar,Siwan,222,218,10,-0.4774986856462027,-0.8184376406381546,0.22604423649434024,3330464,535661,0.3143547136396194,0.8126497455550895,0.4682432618601385,BIHAR,SIWAN,SIWAN,100.0,29.916666666666668,42.73070246762154,30.464316450651967,SIWAN,37.9,15.0,31.6,63.1,74.8,23.6,20.0,63.3,36.7,18.2,30.8,63.9,86.4,47.7,48.0,76.1,-1.1999999999999957,3.1999999999999993,-0.8000000000000007,0.7999999999999972,11.600000000000009,24.1,28.0,12.799999999999997,-0.014306576591359768,-4.091943979783948,-4.007293854167162,-3.8184370960179095,10.106236468865923,-1.524998430850161,-0.23753548725425944,-3.977125763100311,11.667083591658773,-0.6025087729114624,-0.5005432991564469,-0.5183563137428553,0.7035473402264371,-0.09451360031763165,-0.030215350931247074,-0.3691619788882929,1.297299362990621
Bihar,Supaul,223,208,10,-1.5555847732945096,-0.7238400460842064,2.2464137669009947,2229076,443073,0.3278470488228859,0.9262991093130384,0.2673490429957333,BIHAR,SUPAUL,SUPAUL,100.0,31.86111111111111,60.28905608071126,32.31822644041781,SUPAUL,48.1,20.9,43.4,72.4,61.1,15.8,6.1,65.9,42.3,25.8,45.0,63.6,80.4,50.7,15.0,73.6,-5.800000000000004,4.900000000000002,1.6000000000000014,-8.800000000000004,19.300000000000004,34.900000000000006,8.9,7.699999999999989,-0.3389473479118438,-1.5905384286084043,-7.271952441495041,-9.424246554348906,15.789827729313332,-8.779987447358739,6.524299528512119,-3.5742744885769397,-12.077317044743976,-0.23419513112199886,-0.908325468218301,-1.2793500536674,1.0992114953786183,-0.5441502152437441,0.8299138882921931,-0.3317688003570744,-1.3429144983570431
Bihar,Vaishali,224,220,10,-0.6629573299877566,-0.508731403176148,1.3148265756156852,3495021,626087,0.3456190685012498,1.0742476168582957,0.9110621761089913,BIHAR,VAISHALI,VAISHALI,100.0,31.0,64.21211560033409,31.482619068629024,VAISHALI,53.7,15.1,41.3,67.4,78.9,30.5,21.0,70.2,38.3,19.6,38.4,77.1,81.6,52.6,40.9,71.0,-15.400000000000006,4.500000000000002,-2.8999999999999986,9.699999999999989,2.6999999999999886,22.1,19.9,0.7999999999999972,-0.2930392541658349,9.3516933276578,-6.133543552534356,-3.3352127980511455,0.32980715579159003,-12.880915414809664,-8.77613400125138,-9.683596561410234,2.591478433870826,1.3769683307807428,-0.7661290229846051,-0.45275817515724165,0.022959580251228434,-0.798310127153278,-1.1163551675275185,-0.8988440100469376,0.28815455851093047
Chhattisgarh,Bastar,374,414,22,-1.420775589343801,1.602527736341653,0.006113278005571788,1413199,311538,0.3224718778335183,0.8811616789177277,-0.7635174577315713,CHHATTISGARH,BASTAR,BASTAR,99.95972222222224,37.861111111111114,48.87476614525778,38.31778788121842,BASTAR,41.6,33.9,50.6,59.4,66.4,17.6,10.4,71.6,48.1,20.4,45.2,80.7,63.5,61.0,31.6,57.3,6.5,-13.5,-5.399999999999999,21.300000000000004,-2.9000000000000057,43.4,21.200000000000003,-14.299999999999997,-0.5929030812631493,-10.233272830472602,9.209224161128567,-0.7367101363053479,-13.904989429515425,-37.371347639187285,-21.114726831997427,10.198604695222151,6.624551989773238,-1.5067744540045724,1.1503063194352576,-0.10000907202333693,-0.9679981622387357,-2.316133933418101,-2.685867650433692,0.9466477339285199,0.7366045686494659
Chhattisgarh,Bijapur,636,417,22,-2.364414989959775,2.2855626796512913,-0.4085861700800447,255230,54757,0.4096909385377659,1.5918750915189903,-1.1063198916819756,CHHATTISGARH,BIJAPUR,BIJAPUR,99.99972222222222,44.111111111111114,48.70448237858856,44.632450670132215,BIJAPUR,48.2,26.0,47.2,51.3,75.5,21.9,9.6,83.7,53.8,20.0,46.1,77.2,63.6,30.6,18.5,78.4,5.599999999999994,-6.0,-1.1000000000000014,25.900000000000006,-11.899999999999999,8.700000000000003,8.9,-5.299999999999997,-1.68592410660048,-10.598294949440376,0.9848044923138932,-6.788002194881917,-19.01919430154441,-32.31205013649094,-36.08322629799852,-30.1086270469917,-3.7517286926807714,-1.5605212868232436,0.12301001811840759,-0.9214774806914608,-1.3240243888339303,-2.00257792418912,-4.589913523778439,-2.7947218680891117,-0.41716639851694204
Chhattisgarh,Bilaspur,375,406,22,-0.36182021563921307,0.30540055249050235,1.1587792813598097,2663629,600822,0.3538156032247338,1.1418249246841436,0.2844638644878967,CHHATTISGARH,BILASPUR,BILASPUR,99.9986111111111,41.27777777777778,50.945262565182695,41.86097676560118,BILASPUR,34.1,26.8,33.3,31.1,77.6,40.0,28.2,82.0,25.7,24.0,28.0,78.1,79.4,80.5,42.2,52.5,-8.400000000000002,-2.8000000000000007,-5.299999999999997,46.99999999999999,1.8000000000000114,40.5,14.000000000000004,-29.5,-0.6464618558854183,4.047754674765278,1.0799096074125232,0.44860923731392344,-35.73952985100741,-45.07011395953573,-9.702401371440606,10.106504029272344,-3.4724925826635733,0.5960022214840367,0.13488941349357295,0.060899112573451784,-2.4880133415719707,-2.793274177119605,-1.2341796407039107,0.9380988304931765,-0.38611726573209787
Chhattisgarh,Dakshin Bastar Dantewada,376,416,22,-2.220521440514096,2.078456965871639,-0.7832420633908899,533638,120850,0.3382358732072317,1.0130226578991592,-0.9209074691036687,CHHATTISGARH,DAKSHIN BASTAR DANTEWADA,DANTEWADA,99.79444444444444,42.416666666666664,47.71592944866228,42.92984120019585,DAKSHIN BASTAR DANTEWADA,44.2,32.3,51.6,71.3,58.3,22.4,16.1,66.1,45.6,19.4,45.8,89.9,90.5,60.5,34.6,77.6,1.3999999999999986,-12.899999999999999,-5.800000000000004,18.60000000000001,32.2,38.1,18.5,11.5,0.0067102625539132155,-5.891425212157116,7.354732692036848,-1.9417751532267236,-13.18109529225126,-14.922334390940648,9.018249989873365,2.233675812363799,6.781278280491614,-0.867469201145773,0.9186653886781158,-0.2635977456833694,-0.917604150932283,-0.9248295079524509,1.1471531743720638,0.2073326900390345,0.7540314530559679
Chhattisgarh,Dhamtari,377,412,22,0.436160142587924,0.029963989597428537,1.357849817495404,799781,170951,0.2921600212053552,0.6231356428274594,-0.5491765551633684,CHHATTISGARH,DHAMTARI,DHAMTARI,100.0,31.916666666666668,51.20083427818716,32.4753059066084,DHAMTARI,34.2,27.0,40.2,52.7,82.6,54.5,20.6,88.2,30.5,17.9,28.9,67.3,94.3,89.8,30.9,80.6,-3.700000000000003,-9.100000000000001,-11.300000000000004,14.599999999999994,11.700000000000003,35.3,10.299999999999997,-7.6000000000000085,0.16334109443085126,1.4244936419174055,8.667718497563172,9.5394305777111,-1.666592321098502,-22.681040241817545,4.6371565967569515,9.169747526656145,-10.791834042720396,0.2097462527473683,1.0826678977929156,1.2949863897522247,-0.11602010287042414,-1.4056845756937635,0.5898626580548795,0.8511478752453604,-1.1999776395817505
Chhattisgarh,Durg,378,409,22,0.5062669379125309,-0.3128607956765896,0.6326964917825123,3343872,701707,0.2637305341179603,0.37557205208604905,0.28749122590396275,CHHATTISGARH,DURG,DURG,100.0,31.25,65.57709837660346,31.699171534367046,DURG,34.3,21.2,36.3,44.4,71.9,44.7,36.4,90.4,38.9,16.9,27.7,57.1,96.7,89.5,76.3,82.7,4.600000000000001,-4.300000000000001,-8.599999999999998,12.700000000000003,24.799999999999997,44.8,39.9,-7.700000000000003,0.6945376978118464,-7.292945519003837,3.4721638659271665,6.150595005153617,-0.6368245510497967,-20.81066792288165,17.4704908283542,21.673841858737614,22.136989203103063,-1.073832798609612,0.43370125074698074,0.8349488741143566,-0.04433264751544616,-1.2897660158966102,2.22230799036277,2.0117941516755824,2.4614807776167495
Chhattisgarh,Janjgir-Champa,379,405,22,-0.16972546131158608,0.15627814960868944,0.8534645133539505,1619707,364532,0.3873165506204717,1.4138386570293802,0.33172239414736543,CHHATTISGARH,JANJGIR-CHAMPA,JANJGIR-CHAMPA,99.99944444444444,29.194444444444443,50.10273607471797,29.710633958069952,JANJGIR-CHAMPA,36.8,21.7,34.7,35.6,62.4,29.0,18.9,70.5,32.5,24.6,30.2,74.1,86.2,78.8,24.8,85.5,-4.299999999999997,2.900000000000002,-4.5000000000000036,38.49999999999999,23.800000000000004,49.8,5.900000000000002,15.0,0.006107469169198243,-0.08562645153074833,-3.7083698832310903,0.33433613637112547,-25.409418708668234,0.21866876683613512,12.24254328343176,20.50253432032432,-11.023626495172824,-0.01260786767742556,-0.4632052860098209,0.04538643503675834,-1.7688809285490088,0.013552258161458108,1.557294642058746,1.9030718646462796,-1.225751364313401
Chhattisgarh,Jashpur,380,402,22,-0.3870019451675704,1.5753712806200142,0.7621372064309875,851669,192570,0.3970871436868592,1.491935341595204,-0.608515596694031,CHHATTISGARH,JASHPUR,JASHPUR,99.96,41.19444444444444,43.88456584738038,41.61430289439475,JASHPUR,35.1,18.6,35.2,31.1,60.8,15.1,7.6,50.4,35.8,17.0,33.6,54.1,85.6,72.8,14.8,94.2,0.6999999999999957,-1.6000000000000014,-1.6000000000000014,23.0,24.799999999999997,57.699999999999996,7.200000000000001,43.800000000000004,0.33368716928682507,-3.4945634769948684,-0.5671897699371606,-2.3042625104407772,-10.54511081354439,24.29607686264003,10.776194789224125,26.814759370680264,-9.566518210322856,-0.514548870362727,-0.07084657352914195,-0.31280573459061556,-0.7340996510538531,1.5057784004419366,1.3707699469399754,2.488980792243569,-1.0637309557945431
Chhattisgarh,Kabeerdham,382,407,22,-1.1943904496213715,0.10060770425371995,1.1875556485862722,822526,178446,0.3877571051656721,1.4173718492486627,-0.28422019882289934,CHHATTISGARH,KABEERDHAM,KAWARDHA,100.0,44.19444444444444,48.452101581026845,44.73709542623645,KABEERDHAM,40.4,17.6,38.4,37.6,44.6,20.8,10.3,61.5,37.9,12.0,27.3,67.5,91.7,80.3,25.0,95.4,-2.5,-5.600000000000001,-11.099999999999998,29.9,47.1,59.5,14.7,33.900000000000006,0.775171467384529,-3.3362545541680326,3.9743215473966327,5.195253454673042,-19.60529451114055,15.586974056982704,32.36552023205658,23.87240194082254,-3.985367813978719,-0.4912390412681537,0.49642479230061537,0.7052603884800308,-1.3648258528445774,0.9660213455837352,4.117008212912528,2.2158673540212357,-0.44314546010918204
Chhattisgarh,Korba,383,404,22,-0.1586257378915381,0.8288491330639342,0.4152500599814691,1206640,280073,0.35518723939244,1.1530935670197657,0.0044059922791249845,CHHATTISGARH,KORBA,KORBA,99.9922222222222,34.861111111111114,49.31177843458228,35.33485700435804,KORBA,33.2,25.7,36.6,39.1,67.1,34.3,26.5,80.8,34.7,14.7,27.9,63.6,75.4,73.3,35.5,68.4,1.5,-11.0,-8.700000000000003,24.5,8.300000000000011,39.0,9.0,-12.399999999999991,-0.22490422067809673,-4.675583639749229,9.193687249717723,4.832286145805531,-12.349716980137313,-29.237242357393285,-4.2066153377047595,11.137438564683688,-6.673936445694904,-0.6884454370215883,1.1483656339803592,0.6559872456986722,-0.859727610836309,-1.8120130372959777,-0.5350962928981733,1.033791513065039,-0.7420957801167961
Chhattisgarh,Korea,384,400,22,-0.2661746289618026,0.9737357724648782,-0.3716201389348998,658917,153274,0.317281832005754,0.8374043872762743,-0.6879177023333631,CHHATTISGARH,KOREA,KOREA,99.99722222222222,41.27777777777778,44.0396829933639,41.74629684657448,KOREA,30.6,29.0,34.5,33.7,70.6,24.5,18.7,74.6,32.1,18.1,31.8,56.3,80.8,73.3,30.2,87.1,1.5,-10.899999999999999,-2.6999999999999993,22.599999999999994,10.200000000000003,48.8,11.5,12.5,0.06833493935850302,-3.8180117923019585,8.961238480084264,-0.2574758910795829,-10.995110036692395,-6.8101530468748415,-3.6266266596529135,22.455013845182386,-3.6964033992724357,-0.5621742651674341,1.1193309092330848,-0.03495258673158554,-0.7654264221545564,-0.4220673740729065,-0.46131968946911106,2.0843035500566005,-0.41101460682606766
Chhattisgarh,Mahasamund,385,411,22,-0.20152412612409185,0.3562504419117534,1.7375203613489654,1032754,248561,0.3405751402058207,1.0324574508737494,-0.16556760508232016,CHHATTISGARH,MAHASAMUND,MAHASAMUND,99.97638888888888,38.77777777777778,48.76965053212369,39.267616375808664,MAHASAMUND,43.7,19.8,38.1,38.0,77.9,22.0,12.9,74.8,36.8,14.0,25.8,75.8,92.9,84.2,30.4,82.1,-6.900000000000006,-5.800000000000001,-12.3,37.8,15.0,62.2,17.5,7.299999999999997,0.3790124974688935,3.1593749485702176,4.324979085656275,8.21731057544178,-26.28651525613777,-8.66484780283191,5.199420878905244,31.301108661978162,-2.5960846900046732,0.46519481518678135,0.5402247449524624,1.1155073952136683,-1.8299401512373958,-0.5370142981677795,0.6613846558733831,2.90540956040718,-0.28866674247715174
Chhattisgarh,Narayanpur,637,415,22,-1.772642391249146,2.149846049651395,-0.9681566619791129,139820,27982,0.4349844858374679,1.7897681479015017,-1.0999411955382388,CHHATTISGARH,NARAYANPUR,NARAYANPUR,99.97111111111111,38.19444444444444,51.291091985391205,38.60744195395653,NARAYANPUR,49.0,30.5,49.2,48.2,61.3,15.6,11.8,62.4,43.7,21.5,39.5,86.8,74.2,52.8,19.5,81.7,-5.299999999999997,-9.0,-9.700000000000003,38.599999999999994,12.900000000000006,37.199999999999996,7.699999999999999,19.300000000000004,-0.32558961552478,1.1043539344837079,5.368725585624062,3.622768487223401,-28.714657363427694,-6.214015147277198,-10.164830767105101,2.2327498289709453,-4.135723094335372,0.16260802621272838,0.6705970948697483,0.49179412187757937,-1.9989756697054633,-0.38512101528527565,-1.2930022891950435,0.20724673905782712,-0.4598639320303411
Chhattisgarh,Raigarh,386,403,22,-0.007425205448163986,0.7248496138978516,1.139989545882795,1493984,367962,0.3188154463542023,0.8503522137248228,-0.0015028987316579121,CHHATTISGARH,RAIGARH,RAIGARH,99.95277777777778,33.30555555555556,44.804294309666226,33.79444452465205,RAIGARH,39.2,19.4,37.1,38.8,66.8,26.7,19.6,68.5,39.1,14.9,28.0,62.7,87.7,66.3,29.8,90.9,-0.10000000000000142,-4.499999999999998,-9.100000000000001,23.900000000000006,20.900000000000006,39.599999999999994,10.2,22.400000000000006,0.2141482803305,-2.785135917858039,2.4385963137066655,5.272118082796515,-12.608877374265898,6.28713014078334,10.725983866407226,11.531648560318402,-7.587402356599462,-0.4100908596380364,0.30460033344052506,0.7156948317586304,-0.8777691049714311,0.3896524043894686,1.3643829406402794,1.0703825968663752,-0.843666899841811
Chhattisgarh,Raipur,387,410,22,0.1069075138744854,-0.13649562583670077,0.49531214180267263,4063872,871225,0.298960414059994,0.6815459500038022,0.1576867408751969,CHHATTISGARH,RAIPUR,RAIPUR,99.91333333333334,35.916666666666664,55.93703672876503,36.43713911365858,RAIPUR,38.3,19.5,37.4,47.1,69.1,38.6,34.7,80.1,32.2,21.7,32.3,74.6,90.7,84.0,60.5,74.2,-6.099999999999994,2.1999999999999993,-5.100000000000001,27.499999999999993,21.60000000000001,45.4,25.799999999999997,-5.8999999999999915,0.27856723472426226,2.739888262788665,-3.1867105698796294,1.9247408278792855,-15.573831944698071,-20.448166459386353,11.913771673595106,19.8106125059317,8.62484938361822,0.403428473919254,-0.39804583346079037,0.26128532050202935,-1.0841749127462668,-1.2672995544614658,1.515473734865994,1.8388467831547557,0.9590238660205882
Chhattisgarh,Rajnandgaon,388,408,22,0.2162722485939727,0.1752196076721319,0.47416836369049115,1537133,318488,0.3348095902354729,0.9844954537221684,-0.4649115564324921,CHHATTISGARH,RAJNANDGAON,RAJNANDAGON,99.99972222222222,41.30555555555556,59.83138916745377,41.803633990162695,RAJNANDGAON,48.8,17.2,36.6,29.7,83.5,44.8,19.7,87.1,27.6,19.4,31.0,80.5,95.5,79.2,27.4,91.0,-21.199999999999996,2.1999999999999993,-5.600000000000001,50.8,12.0,34.400000000000006,7.699999999999999,3.9000000000000057,-0.07173128626548861,18.482772708729335,-2.4715595682240927,3.577939866423181,-37.05462952848406,-12.023856624423145,1.9481247391038252,8.401317869593726,-10.568698541692907,2.721452874173012,-0.3087177095969876,0.4857085957725634,-2.5795642253328737,-0.7451928843255945,0.24780833100048963,0.7798212364275623,-1.1751665082420806
Chhattisgarh,Surguja,389,401,22,-1.0388322780231078,1.2195333873792638,0.4144707582077219,2359886,526049,0.3502946584989161,1.1128463416079575,-0.5411817941257501,CHHATTISGARH,SURGUJA,SURGUJA,99.90333333333334,34.416666666666664,41.281690784141354,34.846949651629174,SURGUJA,32.3,22.3,34.7,38.6,64.5,18.2,12.4,64.3,29.4,17.5,30.6,51.4,85.3,75.8,24.5,84.6,-2.8999999999999986,-4.800000000000001,-4.100000000000001,12.799999999999997,20.799999999999997,57.599999999999994,12.1,20.299999999999997,0.2650239033440816,-0.9904145745634421,1.6681470366353333,-1.335224263932215,-3.4250296826565148,-0.4574966411707493,4.707558770278723,25.03951056957257,-3.753061729783573,-0.1458312901989814,0.2083650093010298,-0.18125790999508823,-0.23843401357696437,-0.028353901102813422,0.5988180625877857,2.32419989280198,-0.4173146230642954
Chhattisgarh,Uttar Bastar Kanker,381,413,22,-0.19676707204458727,1.200742547509964,0.11169555948769759,748941,160937,0.3191444841277912,0.8531282149647298,-0.8301343643151001,CHHATTISGARH,UTTAR BASTAR KANKER,KANKER,99.9872222222222,39.30555555555556,51.23530714187751,39.772446187883766,UTTAR BASTAR KANKER,36.3,30.9,49.9,61.9,77.5,38.7,14.5,82.0,24.8,24.5,36.1,62.3,94.1,80.5,25.9,89.5,-11.499999999999996,-6.399999999999999,-13.799999999999997,0.3999999999999986,16.599999999999994,41.8,11.399999999999999,7.5,0.5878163552520711,9.509432873668228,4.2944735248773585,10.92868029560194,11.205846697296083,-12.048495423115991,3.5855540951412426,14.608215242686668,-5.063998392135222,1.4001943233104284,0.536414354551714,1.4835783043303612,0.7800968899902017,-0.7467199033210593,0.45609511454469964,1.3559535122199549,-0.563081753609732
Delhi,Central,77,95,7,1.4988335772997292,-0.35715595930252947,-1.4507183823225442,582320,119639,0.0277184980478295,-1.924857096473801,5.495138081137712,DELHI,CENTRAL,CENTRAL,,,,,CENTRAL,36.6,22.9,34.7,77.2,96.3,74.6,97.8,69.5,33.5,13.5,25.5,70.3,92.2,77.0,98.8,82.1,-3.1000000000000014,-9.399999999999999,-9.200000000000003,-6.900000000000006,-4.099999999999994,2.4000000000000057,1.0,12.599999999999994,0.09542102750482566,0.9946725049750853,2.2739421135091495,1.6507758275905466,9.669119724693122,10.637165012892806,-7.968138115960646,-2.9746432528044693,0.5944527837663056,0.14645823925794596,0.28403369680589785,0.2240943221764765,0.6731173850518651,0.6592510144294225,-1.0135752439579073,-0.2761102502416164,0.06609905651652118
Delhi,East,78,93,7,1.6508204798475419,-0.7187050556827713,-1.4331947454346199,1709346,358937,0.0471062291522957,-1.7168872824934633,5.2373774031223705,DELHI,EAST,EAST,,,,,EAST,22.5,23.7,20.6,48.7,84.5,80.8,98.2,64.0,35.2,15.7,29.9,65.9,92.6,78.0,99.1,74.6,12.700000000000003,-8.0,9.299999999999997,17.200000000000003,8.099999999999994,-2.799999999999997,0.8999999999999915,10.599999999999994,-0.5765134257751483,-14.912908292077207,2.1302216291399034,-15.866368998723647,-12.631777743568145,9.154140344403926,4.89722849959132,-8.048120083208524,-0.8308243968927123,-2.195816492110193,0.26608184999343193,-2.1538740431888295,-0.8793633180063659,0.5673387881980774,0.6229447204546176,-0.7470369591561078,-0.09238195238581824
Delhi,New Delhi,79,94,7,1.675702531898787,-0.4095027094873058,-1.4413573414574572,142004,33208,0.0277184980478295,-1.924857096473801,5.576463361996386,DELHI,NEW DELHI,NEW DELHI,,,,,NEW DELHI,28.5,20.3,32.0,67.5,82.6,67.7,94.5,,27.4,6.8,20.7,72.9,91.8,69.4,98.3,82.2,-1.1000000000000014,-13.5,-11.3,5.400000000000006,9.200000000000003,1.7000000000000028,3.799999999999997,,0.28651763222873505,-0.8117523474746235,6.612731238217253,4.089254368163916,-2.10069122212332,,6.055221331099655,-2.7495304808161265,3.3747957595619376,-0.11952458616277493,0.8259834269378957,0.5551200051059776,-0.14623997039005893,,0.7702454887917719,-0.2552149903654329,0.37525405168376696
Delhi,North,80,91,7,1.4248409687260137,-0.6211286785237534,-1.4321752949504392,887978,180044,0.0471062291522957,-1.7168872824934633,4.756344874420683,DELHI,NORTH,NORTH,,,,,NORTH,28.5,13.5,27.9,62.4,88.9,77.8,97.6,52.3,25.0,8.9,17.4,67.5,89.7,70.2,98.1,66.2,-3.5,-4.6,-10.5,5.100000000000001,0.7999999999999972,-7.599999999999994,0.5,13.900000000000006,-0.09980523563077201,1.321357562669653,-1.3035859844632007,4.03921822797858,-0.8643063387233934,10.749097026581637,-3.310770778205014,-14.275293983393354,-2.143365908551793,0.194560220666415,-0.16282839570619032,0.5483275535012517,-0.06016883016966754,0.6661881347506783,-0.42114170843577176,-1.3250513285286611,-0.2383275311242304
Delhi,North East,81,92,7,0.9181791190892121,-0.7093673250171535,-1.4476912475232717,2241624,406125,0.0471062291522957,-1.7168872824934633,4.602164981438716,DELHI,NORTH EAST,NORTH EAST,,,,,NORTH EAST,27.9,12.7,23.1,46.6,78.5,75.5,98.8,55.2,38.7,8.8,21.8,62.5,89.2,89.5,99.7,86.4,10.800000000000004,-3.8999999999999986,-1.3000000000000007,15.899999999999999,10.700000000000003,14.0,0.9000000000000057,31.200000000000003,-0.19958156507367886,-13.819922146572383,-2.4200279456692035,-6.142048084553188,-13.065894127336032,26.62143377753792,4.7737202914840875,4.690563906659769,-1.8762821982933247,-2.0348822895427103,-0.30228099462094804,-0.8337886218580313,-0.9095844025900802,1.6498951743378791,0.607234041204174,0.4353842339988504,-0.20862966151856482
Delhi,North West,82,90,7,1.111449347818345,-0.6027918557588287,-1.4040397622227667,3656539,736253,0.0471062291522957,-1.7168872824934633,4.064862357582982,DELHI,NORTH WEST,NORTH WEST,,,,,NORTH WEST,38.6,17.8,32.5,73.4,78.1,66.2,96.8,74.2,26.9,10.9,22.8,73.6,94.0,88.2,99.1,78.3,-11.700000000000003,-6.9,-9.7,0.19999999999998863,15.900000000000006,22.0,2.299999999999997,4.099999999999994,0.570329015046793,9.466484863831283,1.1302795771849254,3.4645310403042675,3.68505361054467,-1.2690895613226143,10.695429713170258,13.26945820505078,-1.9137845650837182,1.3938705435046224,0.14118102867474328,0.4703132443304223,0.25653562275902914,-0.07865334228524815,1.3604963446914649,1.2316883451866063,-0.21279966648729592
Delhi,South,83,98,7,1.2648913873516747,-0.762447553942826,-1.4291044455604183,2731929,574133,0.0471062291522957,-1.7168872824934633,4.354744667080593,DELHI,SOUTH,SOUTH,,,,,SOUTH,31.3,21.2,28.7,67.9,84.1,73.6,96.7,51.1,33.4,9.4,18.9,65.4,82.0,89.5,97.7,86.2,2.099999999999998,-11.799999999999999,-9.8,-2.5,-2.0999999999999943,15.900000000000006,1.0,35.1,0.3261858229856906,-4.418073152079135,6.219958802955288,3.5999724798398622,6.7381597264842785,30.947233984611092,-6.630351573970925,8.170782577657228,-2.7672175248403406,-0.6505289042673611,0.7769229842255917,0.4886995431119088,0.46907811510182107,1.9179918120487238,-0.843404082147246,0.7584226512069316,-0.3076955353948449
Delhi,South West,84,97,7,1.4416194271467726,-0.8334113671765558,-1.4198152163278712,2292958,494439,0.0471062291522957,-1.7168872824934633,4.260103721448377,DELHI,SOUTH WEST,SOUTH WEST,,,,,SOUTH WEST,30.6,9.2,23.1,52.0,89.1,64.6,98.2,89.0,27.1,10.6,16.8,70.1,92.5,86.2,99.3,77.3,-3.5,1.4000000000000004,-6.300000000000001,18.099999999999994,3.4000000000000057,21.60000000000001,1.0999999999999943,-11.700000000000003,-0.17721892707827913,1.475824206810902,-6.567371617432542,0.7067796887168214,-13.140419412432982,-15.501348172982288,-0.376428328833482,14.69403570765542,-3.158769853929087,0.21730430237356715,-0.8203176447261783,0.09594598650155577,-0.9147724927630246,-0.9607145790890657,-0.04788300976683881,1.3639194792434066,-0.35123345839965514
Delhi,West,85,96,7,1.460736044013829,-0.7926229919964414,-1.437954861879966,2543243,533221,0.0471062291522957,-1.7168872824934633,4.991069409545899,DELHI,WEST,WEST,,,,,WEST,37.4,17.7,31.0,64.8,88.4,87.8,99.5,,36.1,8.4,19.0,68.5,91.8,76.8,99.0,67.5,-1.2999999999999972,-9.299999999999999,-12.0,3.700000000000003,3.3999999999999915,-11.0,-0.5,,-0.13473191638803142,-1.1413306520651423,3.4896412277423883,5.362374074616985,0.5647931672343942,,-0.4273856346061562,-17.347595240040242,-2.8205811874760993,-0.16805257698037118,0.4358843140964391,0.7279471648563928,0.039318170696871935,,-0.054364958608378075,-1.6102263215267762,-0.31362920725039845
Goa,North Goa,551,585,30,1.8269548558406392,-1.047661021882332,-1.333126305521076,818008,191766,0.038107091130967,-1.8129368046530763,0.7348660602238106,GOA,NORTH GOA,NORTH GOA,100.0,15.833333333333334,76.05274523557752,16.224360922100892,NORTH GOA,21.4,17.5,23.8,48.5,98.6,79.8,82.5,87.3,24.2,17.7,25.8,55.2,99.6,87.7,96.7,78.6,2.8000000000000007,0.1999999999999993,2.0,6.700000000000003,1.0,7.900000000000006,14.200000000000003,-8.700000000000003,-0.20105274422530098,-1.9307498678490642,-1.760265446769472,-1.3947379569424818,2.8213912712999516,-18.55476567332047,-0.585177636772567,0.9431809216953546,0.22939046944458674,-0.2842887731171064,-0.2198713411547918,-0.18933694802826606,0.19641162472066248,-1.1499537778920055,-0.07443665726155142,0.08754727817088624,0.025506640759764426
Goa,South Goa,552,586,30,1.6126499075305714,-0.7530580089311034,-1.282654380565216,640537,151845,0.0363095668041357,-1.8322218642013997,0.13388704224432157,GOA,SOUTH GOA,SOUTH GOA,88.88888888888889,13.97222222222222,67.80340213342996,14.381508782410217,SOUTH GOA,18.3,27.7,23.9,48.1,94.5,76.1,86.4,89.5,28.3,21.4,21.0,50.0,100.0,88.2,96.2,,10.0,-6.300000000000001,-2.8999999999999986,1.8999999999999986,5.5,12.100000000000009,9.799999999999997,,0.057866747620189195,-8.796622643087403,4.505217488469464,3.7003132435693993,7.186547693961687,,2.9686403668406234,3.6405507514432234,-5.221440905865567,-1.2952382389974986,0.5627379740946143,0.5023208931818699,0.5002927183698237,,0.3776215146191671,0.33792064915703923,-0.5805882770836912
Gujarat,Ahmedabad,438,474,24,1.24052046415788,-0.9279034681244165,-0.8960458471579164,7214225,1510134,0.1924549280966019,-0.27044473276288183,0.9304792149314705,GUJARAT,AHMEDABAD,AHMADABAD,99.97222222222224,44.083333333333336,43.83351766042099,44.58597319254241,AHMADABAD,29.4,27.1,31.0,76.0,94.6,88.5,83.4,49.0,35.5,17.5,34.0,72.0,94.5,86.4,89.7,65.2,6.100000000000001,-9.600000000000001,3.0,-4.0,-0.09999999999999432,-2.0999999999999943,6.299999999999997,16.200000000000003,-0.2528315959349902,-7.703700180608451,9.309303997037548,-3.879971673512792,16.70441950411772,6.115706698446967,-5.645832395503513,-16.278419678763637,-7.52917229856058,-1.1343134132890256,1.1628070975333809,-0.5267096886855079,1.1628809545822392,0.3790282316780119,-0.7181697737085501,-1.5109840572660174,-0.8371921183244525
Gujarat,Amreli,439,480,24,0.3062075721088633,-1.0392390562888547,0.5034109686225222,1514190,294837,0.1714695778308451,-0.46802161071802634,-0.5334618670395909,GUJARAT,AMRELI,AMRELI,99.99805555555557,40.111111111111114,48.537242006663746,40.53221323177174,AMRELI,37.8,24.6,31.7,74.5,81.7,74.8,52.4,59.9,35.3,23.7,30.6,72.0,90.1,73.3,65.6,60.1,-2.5,-0.9000000000000021,-1.0999999999999979,-2.5,8.399999999999991,-1.5,13.199999999999996,0.20000000000000284,-0.3539812305308351,0.09100623642134886,0.19836476225437005,-0.5139677672219949,12.359083025531836,-14.44882868582566,2.199506244058253,-23.995161997625267,-7.353644689099035,0.01340000158956533,0.024777357525686675,-0.06977159253917685,0.8603796296512314,-0.8954834259788403,0.2797849441694209,-2.2272621019364753,-0.8176746567280919
Gujarat,Anand,440,482,24,0.9933804935123194,-1.1764727156371138,1.1970149648705195,2092745,427605,0.2497353311300707,0.25164880377087917,0.27321430361643473,GUJARAT,ANAND,ANAND,99.99916666666668,27.0,47.932212789956075,27.49020133537725,ANAND,48.2,21.7,41.3,59.7,92.6,67.2,43.1,61.4,38.4,28.6,46.6,78.4,96.0,82.1,65.1,77.0,-9.800000000000004,6.900000000000002,5.300000000000004,18.700000000000003,3.4000000000000057,14.899999999999991,21.999999999999993,15.600000000000001,-0.1413492395144007,7.108336532624676,-6.146452564586902,-6.39336327400536,-5.035817012777475,5.222832797570899,-0.10539881217338021,-6.768280877988428,1.139707409840863,1.0466504778346317,-0.7677414626301061,-0.8679048877323254,-0.35056924267716133,0.323691304574159,-0.013407100279489624,-0.6282406218510573,0.1267276166461434
Gujarat,Banas Kantha,441,469,24,-0.9414976009605044,-0.5791310704860098,0.1812356877808134,3120506,560411,0.2824264610704378,0.5389945029992452,-0.5161040263690383,GUJARAT,BANAS KANTHA,BANAS KANTHA,100.0,37.583333333333336,46.12404039075298,38.08344617526409,BANAS KANTHA,40.7,21.6,43.1,57.2,89.3,39.6,27.6,35.3,39.0,25.5,44.1,79.0,92.9,53.9,45.6,43.5,-1.7000000000000028,3.8999999999999986,1.0,21.799999999999997,3.6000000000000085,14.299999999999997,18.0,8.200000000000003,-0.7627672149362895,-3.2330220366652522,-5.262255312270063,-5.492427778712426,-12.581087144230105,-9.840089950577475,-9.80096567688884,-16.002085707378523,-0.049114298038269055,-0.47603880936066667,-0.6572980996310337,-0.7456020736445513,-0.8758344834645828,-0.6098513348370803,-1.246717367646686,-1.485334379134877,-0.005461171770838286
Gujarat,Bharuch,442,488,24,0.9235768166685975,0.1279798022010156,1.1129576249767128,1551019,333483,0.2131557011516305,-0.07892477363856618,0.8246085049700422,GUJARAT,BHARUCH,BHARUCH,100.0,32.80555555555556,48.8865617038696,33.30702906127212,BHARUCH,41.5,29.4,44.2,56.8,81.1,67.2,49.2,56.9,40.9,24.5,45.5,81.0,91.1,77.7,60.2,80.0,-0.6000000000000014,-4.899999999999999,1.2999999999999972,24.200000000000003,10.0,10.5,11.0,23.1,-0.19706054340347057,-1.0037781349242532,2.7469446183785666,-4.051491098931013,-13.571993146876336,11.44023549775028,5.229525560675599,-10.27535567666968,-6.272467525398554,-0.1477989765589363,0.34311552182614136,-0.5499936069115801,-0.944816570389212,0.7090222674991009,0.6652140774679389,-0.9537718597119352,-0.6974552004492821
Gujarat,Bhavnagar,443,481,24,0.20040098865053263,-1.1947110630362396,0.30984997165975176,2880365,538605,0.147770019955377,-0.6954537487746093,-0.24563172314523737,GUJARAT,BHAVNAGAR,BHAVNAGAR,99.99972222222222,42.69444444444444,48.593947109162265,43.135543657400966,BHAVNAGAR,48.4,26.0,44.4,69.2,93.3,65.8,46.3,52.4,32.6,29.6,39.5,71.5,94.2,72.9,59.8,74.3,-15.799999999999997,3.6000000000000014,-4.899999999999999,2.299999999999997,0.9000000000000057,7.1000000000000085,13.5,21.9,-0.01792350082488281,13.10579102858678,-4.793678709362617,2.676188703090828,6.329787135858544,7.626699874136646,-5.528655185889601,-14.838980662865062,-6.028528135732074,1.9297317142364192,-0.5987691054363821,0.3632950540055008,0.44064918897870653,0.4726738395690243,-0.7032644197736291,-1.3773734582428927,-0.6703308199358096
Gujarat,Dahod,445,485,24,-1.340491028814667,1.9429003042828483,0.14844024322927815,2127086,334272,0.4555979137944886,1.9484818120176213,-0.49972190003675243,GUJARAT,DAHOD,DOHAD,99.85277777777776,40.0,45.723100235613146,40.36930732019228,DOHAD,44.4,24.9,50.8,58.9,83.8,21.9,15.3,33.0,55.3,27.8,53.0,87.2,92.5,35.9,26.8,66.2,10.899999999999999,2.900000000000002,2.200000000000003,28.300000000000004,8.700000000000003,14.0,11.5,33.2,-1.0387826200634898,-15.322505271594032,-6.109839077035896,-8.402373262535257,-17.4010656450684,10.941443754241178,-10.978290187786442,-21.285812474637765,-2.201695269572916,-2.2561266465835086,-0.7631681429487092,-1.1406298235478056,-1.211378092073013,0.6781090530760062,-1.3964771937170195,-1.975776760264394,-0.24481335444947447
Gujarat,Dangs,444,489,24,0.043600768145485344,2.7802266238874442,0.2852349112586004,228291,44699,0.6897287940280079,3.6082181238373012,-1.0435975745348998,GUJARAT,DANGS,DANG,99.99722222222222,44.77777777777778,45.41537845394908,45.29313281131592,DANG,48.1,43.0,60.0,74.1,53.2,19.4,9.1,44.3,37.6,40.9,53.1,82.4,74.5,71.7,23.4,91.3,-10.5,-2.1000000000000014,-6.899999999999999,8.300000000000011,21.299999999999997,52.300000000000004,14.299999999999999,47.0,0.8723702510699204,8.108167916634658,2.625640993025763,5.020377622181441,12.851808189968047,26.574510716486284,3.656361776950572,19.83053347046789,-0.6462331970638484,1.1938683242358499,0.3279637213734269,0.6815208349366212,0.894680774292925,1.646987061550221,0.46510210116058515,1.8406958729566862,-0.07185668194695163
Gujarat,Gandhinagar,446,473,24,0.9724867812967034,-1.045907910019229,0.03318680469447695,1391753,289990,0.1611778799159468,-0.5662151312828767,1.3789894553598425,GUJARAT,GANDHINAGAR,GANDHINAGAR,100.0,31.305555555555557,38.691381920639685,31.85694653502102,GANDHINAGAR,36.5,29.0,42.7,73.7,92.3,62.3,52.2,66.1,38.1,30.6,44.6,81.2,97.8,84.6,76.9,77.7,1.6000000000000014,1.6000000000000014,1.8999999999999986,7.5,5.5,22.299999999999997,24.700000000000003,11.600000000000009,0.056068559173493626,-3.992522905117659,-3.0888708732492285,-4.525739388783348,2.4753624555391465,2.285479792519517,1.0327203822370565,5.566825137882713,9.663931195342808,-0.5878697480385249,-0.3858248668129564,-0.6143732442200158,0.17232277090052847,0.1416453415783465,0.13136567139436833,0.5167199395836766,1.0745626090025262
Gujarat,Jamnagar,447,477,24,0.197140040819431,-1.0433140037955464,-0.4370047142452315,2160119,430941,0.1180942600686942,-0.9869512784321256,0.18343107164096362,GUJARAT,JAMNAGAR,JAMNAGAR,100.0,44.22222222222222,42.66757412006006,44.8245851058068,JAMNAGAR,27.9,31.3,29.3,75.7,95.8,68.0,56.8,71.4,28.4,23.8,28.9,75.0,96.5,86.6,81.6,78.4,0.5,-7.5,-0.40000000000000213,-0.7000000000000028,0.7000000000000028,18.599999999999994,24.799999999999997,7.0,0.006634889144314635,-2.938119583706111,5.392864020054808,-2.3241728435533506,8.063410571930321,-7.13923287808338,-6.7146160518971625,-0.7896229812742845,8.419006588499006,-0.4326165836560093,0.6736121798737774,-0.31550858044563534,0.5613356741168662,-0.4424624899040083,-0.854122820644009,-0.07329383069738651,0.936135564510922
Gujarat,Junagadh,448,479,24,0.35535633508198555,-0.9300275554603068,0.4450526895041958,2743082,527326,0.1622189519660465,-0.5562427353390476,-0.19381120592892745,GUJARAT,JUNAGADH,JUNAGADH,99.98944444444444,38.888888888888886,46.02500988033194,39.47191035900029,JUNAGADH,27.9,30.4,27.2,77.1,90.6,75.1,47.8,56.5,37.3,17.3,26.4,74.7,97.4,81.7,67.2,93.5,9.399999999999999,-13.099999999999998,-0.8000000000000007,-2.3999999999999915,6.800000000000011,6.6000000000000085,19.400000000000006,37.0,0.0625579163367166,-11.758314483691898,11.893952092807456,-1.2486270143502591,11.69455263157073,22.932746742355345,0.6862095004771165,-15.124342232657241,-0.028680052372500597,-1.731325664788387,1.4856504756574378,-0.16950225448870718,0.8141182352527063,1.4212843868856457,0.08728826630893226,-1.4038610897833725,-0.0031890243505225723
Gujarat,Kachchh,449,468,24,-0.287221176506165,-0.8492933467546356,-0.04259469379679764,2092371,445672,0.1473006656264576,-0.7000051681933143,-0.6401809214593923,GUJARAT,KACHCHH,KACHCHH,99.9986111111111,47.638888888888886,49.41108791727345,48.07228721788261,KACHCHH,40.8,31.4,39.0,81.4,82.7,61.5,38.5,45.0,37.5,20.2,33.4,68.6,97.4,85.8,67.2,70.2,-3.299999999999997,-11.2,-5.600000000000001,-12.800000000000011,14.700000000000003,24.299999999999997,28.700000000000003,25.200000000000003,0.6690618105200017,0.4493974316858602,9.256810230294992,2.7340183111386436,20.107724803706766,8.196721987234557,5.5500980707971035,0.4610893932023252,9.913681436652503,0.06617047947193708,1.156250202993904,0.3711454759711057,1.3998026216024746,0.5080016412766717,0.7059920302875268,0.04279891634763961,1.102333116208754
Gujarat,Kheda,450,483,24,0.7592572638975439,-1.1496117064566895,0.8477533896582778,2299885,466856,0.3088669165436917,0.766090516070232,0.15642445408261604,GUJARAT,KHEDA,KHEDA,100.0,25.833333333333332,34.10419322751691,26.28391342587046,KHEDA,45.5,27.2,48.1,53.7,88.4,51.3,28.6,39.5,37.3,30.9,39.5,85.1,95.2,63.3,48.0,69.0,-8.200000000000003,3.6999999999999993,-8.600000000000001,31.39999999999999,6.799999999999997,12.0,19.4,29.5,0.05479333888023584,4.823415554858331,-2.3173518644839564,7.392446809327328,-16.369593175844845,18.351876842614498,1.0370898352604492,-11.263465510896324,-0.6311620591195073,0.7102126034856412,-0.2894559245633892,1.0035313876505125,-1.1395719638001742,1.1373795001312306,0.131921481214642,-1.0454894978983973,-0.07018087517817903
Gujarat,Mahesana,451,471,24,0.9645978816227879,-1.0759744083812606,0.4536494087575024,2035064,424479,0.1941913652289615,-0.2542522601650861,0.43429357089711845,GUJARAT,MAHESANA,MAHESANA,99.99111111111112,38.75,34.46807691765865,39.32023294976838,MAHESANA,40.5,25.3,41.9,77.8,96.4,66.1,54.9,55.1,31.0,28.2,41.4,86.0,97.3,72.1,63.1,79.6,-9.5,2.8999999999999986,-0.5,8.200000000000003,0.8999999999999915,6.0,8.200000000000003,24.499999999999993,-0.1355852652293601,7.342636932003771,-3.139104283295846,-0.807132075952298,3.648423877721248,13.612069369100048,-3.2823295148531386,-12.943351834981122,-10.277889769425684,1.0811494951281229,-0.3920994245837736,-0.10956891447303528,0.25398563778880656,0.8436242672917259,-0.41752387952507486,-1.2014187283643445,-1.1428305750973078
Gujarat,Narmada,452,487,24,-0.019683675459691574,2.2438367432060744,2.2504985042787493,590297,122174,0.3712265948743572,1.2840244921193398,-0.6103771474973977,GUJARAT,NARMADA,NARMADA,100.0,29.583333333333332,51.83402980500228,30.06318600137345,NARMADA,47.4,35.8,53.6,53.6,77.3,34.8,15.3,69.3,47.2,23.0,52.8,93.2,81.7,54.6,31.3,82.8,-0.19999999999999574,-12.799999999999997,-0.8000000000000043,39.6,4.400000000000006,19.800000000000004,16.0,13.5,-0.5069606904051762,-1.4200411218813405,9.591730850401365,-3.1703090242401766,-27.983779685896074,-5.536268057115397,-6.156472962902329,-12.101827965328077,-3.7471947126397573,-0.20909065179179642,1.1980844877367702,-0.4303723376626076,-1.9480954980765535,-0.34311682937914323,-0.7831250531155838,-1.1233073897979011,-0.41666225115459476
Gujarat,Navsari,453,490,24,1.2916891834376139,0.8082577339767733,0.7496171350926073,1329672,295131,0.1770791963711765,-0.41486262794495266,-0.07296030988466816,GUJARAT,NAVSARI,NAVSARI,100.0,25.13888888888889,71.74319608460058,25.651653631944846,NAVSARI,38.9,26.8,37.4,51.9,95.2,68.8,53.2,78.5,36.8,29.0,43.6,75.3,99.3,80.1,70.2,95.0,-2.1000000000000014,2.1999999999999993,6.200000000000003,23.4,4.099999999999994,11.299999999999997,17.0,16.5,-0.3153562642691441,2.7585498524524916,-4.541331160165291,-6.98356945027514,-12.302648522655124,2.458708699327671,-0.016931941649591664,-6.554687230692828,-0.8913653274991908,0.4061762562800289,-0.5672488627474354,-0.9480259137401961,-0.8564509323049714,0.1523814101081998,-0.002153802637254775,-0.6084145820900857,-0.09911368702143832
Gujarat,Panch Mahals,454,484,24,-0.4058026142546333,0.07884699391899407,-0.13113071472916574,2390776,446611,0.3338580688390263,0.9765601021177392,-0.29450485496508844,GUJARAT,PANCH MAHALS,PANCH MAHALS,100.0,40.916666666666664,40.847990682164735,41.42867861878997,PANCH MAHALS,40.4,36.3,42.3,50.2,79.0,39.8,25.2,30.2,47.1,35.7,51.9,91.0,88.4,58.9,43.6,95.4,6.700000000000003,-0.5999999999999943,9.600000000000001,40.8,9.400000000000006,19.1,18.400000000000002,65.2,-0.4320239188186401,-10.56095031571458,-0.4132387606369661,-13.127779836635543,-28.894230593231008,47.96094158120358,-3.875530738607157,-8.58937752085884,2.3549524110358284,-1.5550225630987449,-0.051616851699920245,-1.7821080700380525,-2.0114766900994745,2.9724366738765147,-0.49298116532164776,-0.7972771775130041,0.2618544933452089
Gujarat,Patan,455,470,24,-0.17894859466451754,-0.9986307643143125,1.0104099939526339,1343734,267633,0.2329018577988373,0.10074185974033593,-0.4643356793764013,GUJARAT,PATAN,PATAN,99.99527777777776,35.27777777777778,42.04566976408738,35.83119298721195,PATAN,37.6,24.5,38.4,67.2,92.0,56.3,32.5,30.7,50.5,20.9,42.3,76.2,98.6,73.1,62.6,81.0,12.899999999999999,-3.6000000000000014,3.8999999999999986,9.0,6.599999999999994,16.799999999999997,30.1,50.3,-0.11977290773626509,-16.746712473581645,2.9570543584671682,-6.8630581598603015,1.0045169110321073,35.07796302385686,-1.488618104628598,-10.507077764353305,8.909398019653985,-2.465830723149711,0.3693599217419318,-0.9316663963007245,0.06992961258588287,2.1739986809987872,-0.18935746803093456,-0.9752806048552444,0.990663715119892
Gujarat,Porbandar,456,478,24,0.4262154713906291,-0.9582980915006118,-0.1736085213493225,585449,124556,0.1331012932418174,-0.8385867284089776,-0.21958759750146528,GUJARAT,PORBANDAR,PORBANDAR,100.0,40.5,57.05379864064236,41.01542856630425,PORBANDAR,22.6,25.4,27.7,70.8,97.3,72.4,48.4,68.8,18.2,21.8,25.5,77.9,100.0,85.7,76.9,82.9,-4.400000000000002,-3.599999999999998,-2.1999999999999993,7.1000000000000085,2.700000000000003,13.299999999999997,28.500000000000007,14.100000000000009,0.11888164308889615,2.5231438907907577,2.2066958206298417,0.5402783078367563,1.746323255092948,-0.2474086486432423,-3.71004896338777,-6.070160323033015,10.429563535923627,0.37151445303991154,0.27563409285400725,0.07334327239213867,0.12157058516107404,-0.015333446684241398,-0.471931300441343,-0.5634401652094672,1.1596956535990892
Gujarat,Rajkot,457,476,24,0.9011578180010663,-1.083894120707425,-0.56696173344087,3804558,786586,0.0983626329045292,-1.1850844423933937,0.21831299901722775,GUJARAT,RAJKOT,RAJKOT,99.73305555555557,37.30555555555556,47.611564972823025,37.89883680765696,RAJKOT,30.9,23.4,31.4,57.6,92.3,72.3,65.2,51.4,38.9,17.6,37.0,77.0,99.3,85.4,83.6,84.9,8.0,-5.799999999999997,5.600000000000001,19.4,7.0,13.100000000000009,18.39999999999999,33.50000000000001,-0.09894909206019506,-9.100983427127339,4.362750049760091,-6.621939745946415,-10.416764468501905,21.055100291837583,2.3397051489438594,-1.9615075816344199,1.8630006482821777,-1.3400531346608442,0.5449426427839837,-0.8989343519933118,-0.7251647988009295,1.3049150040902007,0.29761873885947787,-0.18206968136609278,0.20715284460595554
Gujarat,Sabar Kantha,458,472,24,0.053994418769274743,-0.11395636801958027,0.18358414130166634,2428589,481414,0.2586037674312796,0.330336114531868,-0.3382120272944404,GUJARAT,SABAR KANTHA,SABAR KANTHA,99.99944444444444,33.72222222222222,51.13504337194519,34.21743840243336,SABAR KANTHA,50.6,23.5,45.5,72.5,88.9,46.7,29.9,49.1,37.0,33.1,41.0,81.1,89.4,61.0,58.7,88.5,-13.600000000000001,9.600000000000001,-4.5,8.599999999999994,0.5,14.299999999999997,28.800000000000004,39.4,0.15372269886593815,10.879208049410424,-10.777816067064652,1.9314516700088218,2.509157519503608,23.328058104655895,-9.35076891164912,-10.374806981393842,11.187129621247045,1.6018836827880694,-1.3462360905477193,0.26219632343357024,0.17467541992454716,1.445784281011218,-1.1894507528470633,-0.9630030589854465,1.2439317861503294
Gujarat,Surat,459,492,24,1.2381244729875034,-0.708565571209365,-0.6718663305583648,6081322,1333200,0.1657090294617492,-0.5228764433968444,1.3743713741051602,GUJARAT,SURAT,SURAT,100.0,25.11111111111111,44.749197862253894,25.603889336684304,SURAT,30.0,26.2,36.1,42.3,92.7,77.4,83.4,48.0,36.1,26.0,32.5,83.6,97.7,82.0,88.6,92.8,6.100000000000001,-0.1999999999999993,-3.6000000000000014,41.3,5.0,4.599999999999994,5.199999999999989,44.8,-0.33525022572356955,-7.612124586954305,-1.2167667664698731,1.785612277181469,-30.25328181203229,35.270997072472575,-0.05278399391789179,-9.2858724396624,-7.759658741012069,-1.1208295780181157,-0.15198397565963634,0.2423984930219289,-2.1060872677526645,2.1859621968618095,-0.006714310009917568,-0.8619267404955762,-0.8628206237363847
Gujarat,Surendranagar,460,475,24,-0.15047125872529932,-0.9422935569631453,0.6837587434843697,1756268,343213,0.200034411028606,-0.199937590733648,-0.35079900841680567,GUJARAT,SURENDRANAGAR,SURENDRANAGAR,99.99361111111112,40.916666666666664,38.82928679787195,41.45976299428755,SURENDRANAGAR,45.5,27.7,45.9,76.8,80.8,47.7,36.5,37.5,39.2,27.1,41.8,81.0,85.6,63.8,56.9,62.5,-6.299999999999997,-0.5999999999999979,-4.100000000000001,4.200000000000003,4.799999999999997,16.099999999999994,20.4,25.0,0.017446457496598858,2.8109433989789943,-0.6024396715349201,1.0512339574179435,4.802804065032497,9.684547686615483,-3.3281393681308202,-9.604529195855434,0.34643282804745823,0.41389082216414674,-0.0752495703351622,0.14270596721803974,0.3343480073904811,0.6002114171353894,-0.4233510542722842,-0.8915048744821271,0.0385209451543074
Gujarat,Tapi,641,493,24,-0.03841421726569489,2.3398795155768584,2.1327892953909013,807022,177091,0.2761748535579155,0.48461539992502284,-0.5245867750143678,GUJARAT,TAPI,TAPI,100.0,22.88888888888889,54.097008047998216,23.43958105667298,TAPI,35.9,35.8,42.4,49.5,83.2,38.6,22.7,72.9,41.7,36.6,51.8,80.7,92.9,70.2,45.5,97.5,5.800000000000004,0.8000000000000043,9.399999999999999,31.200000000000003,9.700000000000003,31.6,22.8,24.599999999999994,-0.5305968639815427,-6.681186169841314,-5.493700647164329,-13.79402689722563,-22.649034424628365,5.08769032057311,-0.0024374783486109663,1.6634369927200368,3.642746311591438,-0.9837557162736783,-0.6862074872922043,-1.8725517153529496,-1.5767163154388786,0.315315688049896,-0.00031005583435949686,0.15440238216400384,0.40504830812582904
Gujarat,Vadodara,461,486,24,0.6902204938665704,0.013901309010146303,0.2927540969917856,4165626,877106,0.1921693054330365,-0.27311045444203114,0.5400634233623418,GUJARAT,VADODARA,VADODARA,99.99972222222222,36.333333333333336,37.63904420512627,36.87094494886719,VADODARA,43.8,16.3,39.1,54.3,79.9,60.8,52.1,63.3,42.3,20.1,39.9,86.4,95.9,85.6,78.1,84.9,-1.5,3.8000000000000007,0.7999999999999972,32.10000000000001,16.0,24.799999999999997,25.999999999999993,21.60000000000001,0.0661930448030672,-0.08882345029288863,-6.030833042438671,-3.3846987718865003,-22.157032552852158,8.459033089321897,9.435472354019762,4.941508652750013,10.024926592641975,-0.013078602323523604,-0.7532996524786529,-0.4594759411788479,-1.5424655229365514,0.5242586853234247,1.2002253291678389,0.4586772512621715,1.1147028115886783
Gujarat,Valsad,462,491,24,0.6388590408179674,1.0039392975601467,-0.38270329915573403,1705678,364403,0.1784807311536846,-0.40162068037108717,0.1507171014827478,GUJARAT,VALSAD,VALSAD,100.0,25.86111111111111,59.42844330737869,26.33898119890844,VALSAD,43.3,30.3,41.9,50.4,75.0,61.2,56.7,52.9,37.8,23.2,34.8,87.6,96.5,85.3,73.1,91.1,-5.5,-7.100000000000001,-7.100000000000001,37.199999999999996,21.5,24.099999999999994,16.39999999999999,38.199999999999996,0.46837659628953643,5.293079965386531,3.6445322553405424,4.742980079647253,-28.013698126032985,22.172219274034358,12.838481408109867,5.57330819828227,2.645459809060263,0.7793672471136003,0.45523145178715013,0.643863865874776,-1.9501782752851504,1.3741497881100928,1.63310007129629,0.5173217056702705,0.2941569157492622
Haryana,Ambala,58,70,6,0.9972876138396463,-0.2829534714476613,-0.5707138689806467,1128350,224334,0.0984281589178366,-1.1844205967087384,1.0800583633716152,HARYANA,AMBALA,AMBALA,99.9925,28.333333333333332,50.508683493251134,28.851943623550703,AMBALA,19.8,37.9,32.9,75.1,96.1,89.9,67.8,97.4,24.1,10.9,13.7,64.2,97.8,87.2,81.6,79.3,4.300000000000001,-27.0,-19.2,-10.899999999999991,1.7000000000000028,-2.700000000000003,13.799999999999997,-18.10000000000001,0.2541305303351461,-5.039899679076375,23.83934216607106,16.77647438457524,18.65958723540823,-29.78004290508729,-3.4869296014273994,-16.757622162986994,0.590525344898051,-0.7420883047860077,2.977725969638074,2.27742167827218,1.2989902828453999,-1.8456537499545098,-0.44354973144246646,-1.555464254247814,0.06566235235631322
Haryana,Bhiwani,59,81,6,0.04120019000259726,-0.5224585713291302,-0.6405633065478359,1634445,311380,0.1065029647094496,-1.1029161901345652,-0.048975569010693366,HARYANA,BHIWANI,BHIWANI,100.0,22.38888888888889,55.251966555816985,22.832457176071273,BHIWANI,35.1,15.7,26.9,74.8,87.2,82.6,33.4,66.1,29.0,6.0,20.6,69.2,97.7,89.7,36.6,72.5,-6.100000000000001,-9.7,-6.299999999999997,-5.599999999999994,10.5,7.1000000000000085,3.200000000000003,6.400000000000006,-0.01979758540672727,4.201870856010541,6.697246240108404,3.3395659385104453,11.928708139721435,-9.58022782977864,1.8280088918710913,-12.49715980508407,-12.376342240604403,0.6186947000972916,0.8365400318224661,0.4533491179395754,0.8304190100729184,-0.5937460693325242,0.2325291720062117,-1.1600026046276444,-1.3761640412321126
Haryana,Faridabad,60,88,6,0.7045930051821719,-0.9010559467777053,-1.1958573091014864,1809733,358919,0.095449984672115,-1.2146326303103583,2.8389910207623106,HARYANA,FARIDABAD,FARIDABAD,100.0,29.833333333333332,37.95354675111557,30.313713462980772,FARIDABAD,29.7,19.7,20.5,75.0,72.0,78.0,82.6,46.3,28.9,8.0,19.5,68.4,92.5,84.2,89.3,69.5,-0.8000000000000007,-11.7,-1.0,-6.599999999999994,20.5,6.200000000000003,6.700000000000003,23.200000000000003,0.3549912361299906,-2.07725071158962,7.604116827135472,-4.220108084915356,12.366467693452364,15.11095149250399,13.7429631814059,-6.874928974550901,-1.2461978331454713,-0.3058599490737422,0.9498154770625089,-0.5728835163408659,0.8608937145422735,0.9365192782430929,1.7481533397866642,-0.638139836690314,-0.13856861848969212
Haryana,Fatehabad,61,78,6,-0.2884141654715325,-0.10798795918721023,0.01946471284620685,942011,180637,0.1380552994885536,-0.7900408627649692,0.06412549704372465,HARYANA,FATEHABAD,FATEHABAD,99.9986111111111,23.13888888888889,58.19020577033244,23.556947020441623,FATEHABAD,28.5,20.7,30.0,70.5,91.2,87.5,39.1,87.6,24.6,16.0,26.6,59.3,97.9,87.3,43.7,90.7,-3.8999999999999986,-4.699999999999999,-3.3999999999999986,-11.200000000000003,6.700000000000003,-0.20000000000000284,4.600000000000001,3.1000000000000085,-0.41511613466790437,1.361167947339386,0.9645792841975189,-0.9043849150208043,16.81756181769298,-13.622860385545462,-3.020301088472559,-23.57192674132288,-11.451772590774564,0.20042200815299752,0.12048372661967753,-0.12277107595767786,1.1707573756444383,-0.8442930534325577,-0.3841929404364791,-2.1879768557414727,-1.2733582621921613
Haryana,Gurugram,62,86,6,1.0263173263942467,-0.8697405090951642,-1.243798477801467,1514432,326428,0.1419706675439934,-0.7518222149932816,2.787108000961348,HARYANA,GURUGRAM,GURUGRAM,100.0,34.416666666666664,52.71487722078485,34.87145962951334,GURUGRAM,41.2,17.9,30.6,66.2,74.2,66.3,82.0,23.6,22.1,15.7,22.2,67.7,96.7,84.5,81.0,58.7,-19.1,-2.1999999999999993,-8.400000000000002,1.5,22.5,18.200000000000003,-1.0,35.1,0.8372322194940549,16.432534115864364,-0.7235509198457599,4.206504155476466,7.030072785380902,27.848258620642277,16.127964770091104,5.831237989488432,-9.087772830096071,2.419570261687193,-0.0903773413448733,0.571036770528629,0.48939969146674944,1.7259291101998757,2.051533945382525,0.5412630838935444,-1.0104977658612044
Haryana,Hisar,63,80,6,-0.03263421967569591,-0.408206638570005,-0.3385021400759215,1743931,335608,0.1018694229609012,-1.1496126007843221,0.2365894441832493,HARYANA,HISAR,HISAR,99.9986111111111,22.444444444444443,57.83070547246715,22.937167416854624,HISAR,25.6,23.5,23.5,66.4,90.8,84.5,38.8,75.3,27.8,16.4,21.4,70.5,98.2,89.1,44.8,85.5,2.1999999999999993,-7.100000000000001,-2.1000000000000014,4.099999999999994,7.400000000000006,4.599999999999994,6.0,10.200000000000003,-0.41553760569674564,-4.321929025723555,3.471676524532172,-1.6559264447336575,1.2948250675725106,-5.422287913640368,-1.1130423376410743,-15.785194419168143,-9.389761698567998,-0.6363723860258275,0.4336403778790196,-0.2247935231450058,0.09013946340515235,-0.33605277376661413,-0.14158290713488977,-1.4652022480611642,-1.0440768487246357
Haryana,Jhajjar,64,83,6,0.5899362615559905,-0.6599217687176063,-0.9186961374903982,958405,185334,0.0834619640135393,-1.337081357306754,0.8699198205858738,HARYANA,JHAJJAR,JHAJJAR,99.9975,28.36111111111111,44.60445249693779,28.79186151714488,JHAJJAR,22.3,15.5,21.0,70.9,86.9,86.4,43.9,50.0,15.6,8.0,9.7,76.9,97.2,91.7,55.9,90.9,-6.700000000000001,-7.5,-11.3,6.0,10.299999999999997,5.299999999999997,12.0,40.900000000000006,0.4578938335934266,5.245193735183984,4.323042420239972,8.443573867311558,0.5850051763920137,28.133601372492762,3.6507091700774286,-9.841487088098104,-1.1744757978435079,0.7723163505370015,0.539982839833418,1.1462228431730581,0.0407252330911948,1.7436135682664295,0.4643830696494511,-0.9134996138049571,-0.13059362199818253
Haryana,Jind,65,77,6,-0.14848468723593122,-0.5095491022138234,-0.44454914642690496,1334152,249736,0.1123726821598133,-1.0440416760480538,0.24422007867288498,HARYANA,JIND,JIND,99.99805555555557,20.77777777777778,52.15031134930465,21.200781810174124,JIND,26.0,26.7,29.3,76.6,92.9,84.6,36.8,89.0,25.5,8.8,22.9,68.9,98.7,88.5,42.1,77.5,-0.5,-17.9,-6.400000000000002,-7.699999999999989,5.799999999999997,3.9000000000000057,5.300000000000004,-11.5,-0.25407329672036316,-1.99642100869614,14.440718573370411,2.4689263179721874,13.231164022144839,-27.229350593069128,-3.3791863712123202,-17.063927252642365,-9.868659460286521,-0.29395836749155246,1.8037621347353991,0.33515899644423025,0.921089693928794,-1.6875715455177847,-0.42984441292755315,-1.5838958905037885,-1.0973269824306497
Haryana,Kaithal,66,73,6,-0.2649442894117596,-0.42605547498268875,-0.2869555060573414,1074304,204274,0.1343249045534414,-0.8265764671341991,0.11036045916471603,HARYANA,KAITHAL,KAITHAL,99.97555555555556,21.444444444444443,61.81292003187448,21.935949550084786,KAITHAL,33.6,23.8,37.5,68.0,83.6,78.0,41.1,90.5,29.9,20.7,29.9,61.4,98.2,89.7,55.9,74.3,-3.700000000000003,-3.1000000000000014,-7.600000000000001,-6.600000000000001,14.600000000000009,11.700000000000003,14.799999999999997,-16.200000000000003,-0.1277471023070211,0.9524999487419419,-0.2000255614521631,3.544727150905337,12.530013715973077,-32.43755074896485,4.8382031088159,-10.76161954270086,-0.8713902457330427,0.14024863931422618,-0.02498480473069639,0.48119993938977956,0.872278998223645,-2.01035597463627,0.6154364827729601,-0.9989075033245746,-0.0968925954652386
Haryana,Karnal,67,74,6,0.2732080073067555,-0.44738176406733304,-0.06298278727480339,1505324,292084,0.1320293087865321,-0.8491193713765537,0.6807650564198082,HARYANA,KARNAL,KARNAL,99.99777777777778,26.916666666666668,58.92690651330541,27.46391571814923,KARNAL,41.0,19.8,32.5,75.5,92.7,87.5,54.7,91.0,29.2,9.8,20.5,78.3,99.0,83.5,74.1,88.9,-11.8,-10.0,-12.0,2.799999999999997,6.299999999999997,-4.0,19.39999999999999,-2.0999999999999943,0.1038210893153339,9.540198206006838,6.891114160735856,8.347078697895947,4.128844761830628,-15.704735871425093,-1.0663878415422516,-23.850008461395966,4.202524583671886,1.4047242931064783,0.8607556975866711,1.1331235360339065,0.287430217899875,-0.9733197747740407,-0.13564829084474578,-2.213788762175836,0.4672917976903628
Haryana,Kurukshetra,68,72,6,0.46926412391291833,-0.4589158152191333,0.02689680239226609,964655,188143,0.1172698678650194,-0.9951590962556213,0.6378387984327407,HARYANA,KURUKSHETRA,KURUKSHETRA,99.995,19.75,56.11832589183167,20.341870149619332,KURUKSHETRA,31.9,24.1,27.1,63.4,91.7,86.0,59.1,88.2,24.9,12.8,22.5,73.7,98.4,82.6,77.6,69.8,-7.0,-11.3,-4.600000000000001,10.300000000000004,6.700000000000003,-3.4000000000000057,18.499999999999993,-18.400000000000006,-0.23555202828142377,5.204519460475593,8.255685929886003,1.4187812298638467,-3.256320952557134,-31.625635472817024,0.4520055389796003,-22.160349054508405,2.802650381753061,0.766327361571197,1.031201709314982,0.19260084422674711,-0.2266893271449717,-1.9600365550557295,0.05749669719252091,-2.0569523814706936,0.3116354251145581
Haryana,Mahendragarh,69,84,6,0.1869331606129296,-0.696966392628766,-1.1149864438250308,922088,171712,0.0985143982793715,-1.183546963928324,0.1709629171025153,HARYANA,MAHENDRAGARH,MAHENDRAGARH,100.0,28.63888888888889,43.97145594642568,29.136308690819146,MAHENDRAGARH,23.5,19.2,26.1,73.7,96.8,74.3,32.9,73.0,25.2,8.4,15.4,72.3,98.9,79.8,34.2,73.9,1.6999999999999993,-10.799999999999999,-10.700000000000001,-1.4000000000000057,2.1000000000000085,5.5,1.3000000000000043,0.9000000000000057,-0.2660325431836566,-3.504590791706103,8.005569051446557,8.023476283494057,8.061875599746372,-14.265175655803745,-6.526386404591809,-11.98807913153454,-12.910767232595022,-0.5160253189925498,0.9999600953817778,1.0891942135311,0.5612288167718332,-0.8841013099546706,-0.8301793462826045,-1.1127490753063012,-1.4355884206178375
Haryana,Nuh,604,87,6,-2.1760586133750426,-1.1439631516479527,-0.5999438194577726,1089263,160280,0.2287449566832325,0.06315929155776633,0.8581807213264318,HARYANA,NUH,MEWAT,99.14694444444444,38.888888888888886,40.76189377230766,39.37671393841535,NUH,52.2,17.2,40.2,83.7,37.6,46.7,17.2,13.1,44.4,14.2,37.3,76.4,74.6,71.7,22.0,53.8,-7.800000000000004,-3.0,-2.9000000000000057,-7.299999999999997,36.99999999999999,25.0,4.800000000000001,40.699999999999996,0.24004328575069644,-0.13529289835781988,-0.983467856895273,-6.258009298498569,10.28209706238255,22.76624491077187,18.909906401642317,-8.009989168763532,-7.878397612012096,-0.019920888109887902,-0.12284306158201337,-0.8495304622724142,0.7157899048250813,1.4109652368825463,2.40540672304286,-0.7434975981522556,-0.8760235686283445
Haryana,Palwal,619,89,6,-0.8109083638082234,-0.5844508528083314,-0.6252026328177056,1042708,171157,0.1687612824482813,-0.49377768157990304,1.0104754265207023,HARYANA,PALWAL,PALWAL,99.76166666666668,39.55555555555556,37.68892029865209,39.97319272306795,PALWAL,34.0,21.4,27.5,75.2,56.2,66.4,30.6,25.3,31.0,9.9,21.0,71.6,78.3,80.3,34.6,69.0,-3.0,-11.499999999999998,-6.5,-3.6000000000000085,22.099999999999994,13.899999999999991,4.0,43.7,0.2864240950028357,-1.669110827192565,7.5304942185627075,0.07720551220278349,8.365434675259017,28.248629049184252,9.331946124203741,-10.791818858728934,-8.385343858540844,-0.24576434118194512,0.9406194198906113,0.010480718602854275,0.582361132529183,1.7507425460019832,1.1870564279622196,-1.0017106430616762,-0.9323925007205442
Haryana,Panchkula,70,69,6,0.9739872151558956,-0.6440116093745664,-1.1395339063887304,561293,117107,0.0963733340628225,-1.2052569532546307,1.0613237079977489,HARYANA,PANCHKULA,PANCHKULA,99.99583333333334,24.75,15.818219213466698,25.26013386081863,PANCHKULA,21.5,31.8,26.2,66.4,96.5,86.9,77.3,96.9,21.8,12.0,19.3,53.1,97.0,82.6,81.1,85.1,0.3000000000000007,-19.8,-6.899999999999999,-13.300000000000004,0.5,-4.300000000000011,3.799999999999997,-11.800000000000011,-0.0692522551631829,-1.289566318502651,17.19812821757484,4.837290994338341,21.50417708371915,-23.29713551384193,-5.312519745808822,-17.167054420612004,-8.569774111531881,-0.18987919286959748,2.1481848226300304,0.6566666584455821,1.497016880380461,-1.4438678164891217,-0.6757712302455741,-1.5934682881780176,-0.952899874979226
Haryana,Panipat,71,75,6,0.21584687276257164,-0.6900801353056983,-0.7239826934320056,1205437,235640,0.1343909558016378,-0.8259285148694786,1.4642556850893618,HARYANA,PANIPAT,PANIPAT,99.99666666666668,33.416666666666664,47.893792884333806,33.92162134837097,PANIPAT,44.6,25.1,40.8,65.5,78.2,91.0,63.6,68.4,25.1,9.9,18.9,73.4,97.1,79.3,73.0,80.6,-19.5,-15.200000000000001,-21.9,7.900000000000006,18.89999999999999,-11.700000000000003,9.399999999999999,12.199999999999989,0.5549653941760804,16.485219172702234,11.850008157955479,17.334867662461036,-1.3353490689325227,0.15294728941088742,10.384627197963402,-29.95906996222706,-2.4968283621206844,2.4273277503290176,1.4801615240284347,2.353224074348188,-0.09296054853016426,0.009479091052563926,1.3209611696494419,-2.78083978523402,-0.2776301222348192
Haryana,Rewari,72,85,6,0.51259662470546,-0.5487694327325294,-1.1774293879918796,900332,178043,0.061560388346377,-1.5643296982279755,0.8792194409488531,HARYANA,REWARI,REWARI,97.19583333333334,20.555555555555557,44.85133904112595,20.997148639421663,REWARI,27.8,18.3,23.0,77.8,90.2,69.7,39.1,41.2,25.9,9.3,20.5,71.3,98.7,86.4,54.9,79.3,-1.9000000000000021,-9.0,-2.5,-6.5,8.5,16.700000000000003,15.799999999999997,38.099999999999994,0.47708601185162236,0.6677196354915675,5.238528958182878,-0.5798588408481931,12.03254353636753,24.74869743622302,1.3675332243103462,2.250309676536963,3.4934160190080306,0.09831682452557788,0.6543344867830755,-0.07871636579969593,0.8376475285581895,1.5338301014284819,0.173955044613806,0.208876666915928,0.38844380778761606
Haryana,Rohtak,73,82,6,0.6625911142383071,-0.5418294054806937,-0.9710402097336996,1061204,206988,0.0898688949535529,-1.2714717339778034,0.7307485853471465,HARYANA,ROHTAK,ROHTAK,99.98166666666668,29.61111111111111,50.836691463947574,30.122728641968006,ROHTAK,36.6,13.6,25.2,76.3,86.3,77.0,45.8,64.1,28.9,12.5,22.1,76.2,97.4,90.0,67.3,77.4,-7.700000000000003,-1.0999999999999996,-3.099999999999998,-0.09999999999999432,11.100000000000009,13.0,21.5,13.300000000000011,0.32855732351441824,6.529068974495762,-1.9164341065034733,0.6173466105368219,7.221638944148486,0.243405952724288,4.423870560323936,-1.8750155670030715,8.239378844879633,0.9613575736893264,-0.23937806539634196,0.08380536468002407,0.5027356016142639,0.015085374820937188,0.5627319227106483,-0.1740413802307388,0.9161621962272272
Haryana,Sirsa,74,79,6,-0.15158184247444267,-0.12031316797555712,0.26380019340576644,1295189,246571,0.1277571283831452,-0.8911944361603235,-0.12792220198053525,HARYANA,SIRSA,SIRSA,99.99055555555556,14.944444444444445,53.45686245719353,15.446702373713464,SIRSA,34.2,22.5,30.1,72.4,85.1,79.5,41.8,75.2,25.0,12.6,23.4,70.1,99.3,81.9,38.8,,-9.200000000000003,-9.9,-6.700000000000003,-2.3000000000000114,14.200000000000003,2.4000000000000057,-3.0,,-0.09769668257876589,7.054661340492628,6.321679011197585,2.89265350784908,8.079509533384304,,5.575022840928067,-20.714966676784858,-20.268897353997335,1.0387471990245989,0.7896286580487213,0.3926803484147158,0.5624564060081346,,0.7091625488702158,-1.9227901118836372,-2.2537618265341104
Haryana,Sonipat,75,76,6,0.4878150495750214,-0.6229093848405775,-0.5184844747675855,1450001,277726,0.1037544950025759,-1.1305913669079957,0.9428267614510364,HARYANA,SONIPAT,SONIPAT,99.98805555555556,26.333333333333332,46.141964551451025,26.86235966107797,SONIPAT,40.2,21.6,30.4,58.6,83.7,79.9,48.4,64.1,23.6,9.2,12.7,68.7,99.7,86.7,69.9,83.0,-16.6,-12.400000000000002,-17.7,10.100000000000001,16.0,6.799999999999997,21.500000000000007,18.900000000000006,0.8134739858694306,14.696961575981264,9.233769411212482,14.368334499280973,-3.392696580462582,6.2766153875859345,9.272837803519632,-10.170371434109668,7.658361753947499,2.1640199202186845,1.1533722189930966,1.950514495430265,-0.23618313926585063,0.3890007399936016,1.1795376413039746,-0.9440270859622285,0.8515570962439025
Haryana,Yamunanagar,76,71,6,0.645907893377446,-0.3270992740022495,-0.3565556984516766,1214205,235423,0.1278729005118824,-0.8900521412500269,0.5595898738624862,HARYANA,YAMUNANAGAR,YAMUNANAGAR,99.95916666666668,31.25,29.435115668461815,31.829842042116475,YAMUNANAGAR,30.0,26.8,31.8,58.0,94.4,80.2,61.6,87.9,27.7,12.1,23.1,72.9,94.8,83.5,77.7,82.9,-2.3000000000000007,-14.700000000000001,-8.7,14.900000000000006,0.3999999999999915,3.299999999999997,16.1,-5.0,-0.13204599716028703,0.966295685860808,12.00394748759392,6.201412902046348,-6.755107310930269,-18.29903915650039,-6.113053275534009,-13.970306398283437,1.2484718307392022,0.1422799605356218,1.4993897869737711,0.841847449904161,-0.47025792402445743,-1.1341048213866016,-0.7776019158937567,-1.2967419847557926,0.13882147136475848
Himachal Pradesh,Bilaspur,15,30,2,1.1944013321086333,-0.17342330807265932,-1.390431376775934,381956,80485,0.0406901195141551,-1.785282714991519,-0.4864451907068727,HIMACHAL PRADESH,BILASPUR,BILASPUR,99.99444444444444,32.833333333333336,59.48204731092293,33.41926980806969,BILASPUR,27.2,13.1,23.4,28.3,82.9,70.3,19.1,58.3,40.1,12.0,38.8,44.8,91.7,80.8,35.8,100.0,12.900000000000002,-1.0999999999999996,15.399999999999999,16.499999999999996,8.799999999999997,10.5,16.699999999999996,41.7,-0.2753093542670945,-11.448157325412094,-1.452859783902524,-14.926997061401911,-8.413883127775707,26.37174375962841,3.9084620892861626,-0.29513432410658424,1.5517862780430214,-1.6856572954832094,-0.18147389632783248,-2.0263534470864664,-0.5857338796454031,1.6344203370668364,0.4971701491611067,-0.027394751288959292,0.17254794946717109
Himachal Pradesh,Chamba,16,23,2,-0.13141024287728076,0.667939795014046,-1.3143401544827162,519080,102460,0.1198813639843095,-0.9691792648319457,-1.0426102784960514,HIMACHAL PRADESH,CHAMBA,CHAMBA,100.0,44.80555555555556,51.03716229050617,45.32529220559471,CHAMBA,29.9,15.0,22.5,66.3,56.9,75.7,25.4,64.6,42.6,15.4,26.0,46.5,72.0,86.5,35.0,100.0,12.700000000000003,0.40000000000000036,3.5,-19.799999999999997,15.100000000000001,10.799999999999997,9.600000000000001,35.400000000000006,-0.1762492106177366,-13.054581910487023,-4.145774275278396,-5.649408300045114,26.363410569563367,14.797591714346403,3.317325288104879,-9.002400012644443,-4.872620613278338,-1.9221915467608637,-0.5178406198357154,-0.7669123223984992,1.8352932313283992,0.9170984314872723,0.42197546518974566,-0.8356144616410498,-0.5418018623111819
Himachal Pradesh,Hamirpur,17,28,2,1.5929086143195534,-0.35242072482825354,-1.2766958840233522,454768,105519,0.0381645221597666,-1.8123211962773376,-0.8221604667783157,HIMACHAL PRADESH,HAMIRPUR,HAMIRPUR,100.0,30.86111111111111,77.55605713293583,31.26883405429508,HAMIRPUR,29.3,12.6,19.4,41.2,90.9,81.0,24.3,45.9,27.3,14.9,23.6,52.0,97.6,85.5,44.7,74.3,-2.0,2.3000000000000007,4.200000000000003,10.799999999999997,6.699999999999989,4.5,20.400000000000002,28.4,0.13062372077400142,4.184789272840486,-3.851935221487987,-2.2155887958069624,-1.0909723560591242,13.671736287870852,3.731179696366577,-4.659102777783033,3.5720462576683296,0.6161795621173922,-0.4811377538224549,-0.3007681970621318,-0.07594822283552785,0.8473221958920487,0.47461920413004816,-0.43246397115427254,0.3971869489269094
Himachal Pradesh,Kangra,18,24,2,1.3677745406954789,-0.2609028562970453,-1.2216803747648537,1510075,338887,0.045950644095454,-1.7291747681024696,-0.814725652987588,HIMACHAL PRADESH,KANGRA,KANGRA,100.0,28.77777777777778,71.67800149361186,29.161234972544396,KANGRA,25.6,11.3,23.3,47.3,87.8,67.1,34.9,68.6,28.0,19.4,32.0,55.3,90.2,73.3,49.1,83.9,2.3999999999999986,8.099999999999998,8.7,8.0,2.4000000000000057,6.200000000000003,14.200000000000003,15.300000000000011,-0.3905053167698108,-0.5992482811699009,-9.963278792042338,-7.322674861248069,1.1712618717900067,-0.03847872790738549,-1.5391636018760186,-4.404709031934921,-2.444117090325154,-0.08823491923172504,-1.2444938201370794,-0.9940597821481619,0.0815375908870819,-0.002384765148998916,-0.1957870333770608,-0.4088508132538076,-0.27176899174873476
Himachal Pradesh,Kinnaur,19,34,2,0.6743817379663157,1.907891262269493,-1.2065382495066002,84121,19976,0.0958071067639946,-1.2110054806432957,-1.0982507099074128,HIMACHAL PRADESH,KINNAUR,KINNAUR,100.0,39.5,69.78591071350387,40.02655845324077,KINNAUR,18.4,12.4,15.9,83.1,79.9,67.1,66.7,82.0,32.2,11.3,18.9,75.6,82.7,80.1,70.4,91.7,13.800000000000004,-1.0999999999999996,2.9999999999999982,-7.5,2.799999999999997,13.0,3.700000000000003,9.700000000000003,-0.559490586563036,-11.345693096412033,-3.6802489698216014,-3.759964675605852,14.748601699332761,-11.066676116558028,-6.690800668086755,-2.427298326635567,-9.890006327813914,-1.6705701884291668,-0.4596927572845713,-0.5104186294133097,1.026726371344155,-0.6858704783990797,-0.8510934199101997,-0.22530498329389323,-1.0997006071182223
Himachal Pradesh,Kullu,20,26,2,0.616204689471457,-0.0338486329466865,-1.210775436307385,437903,94807,0.0858793081556607,-1.3122812891943703,-1.0232241629198038,HIMACHAL PRADESH,KULLU,KULLU,99.99944444444444,32.44444444444444,55.22928107127913,32.95738234934333,KULLU,19.0,11.3,11.0,54.9,70.5,65.2,37.8,65.7,35.9,16.1,25.6,75.3,87.0,81.2,65.0,80.2,16.9,4.800000000000001,14.600000000000001,20.4,16.5,16.0,27.200000000000003,14.5,-0.4949679312148986,-16.39111270706843,-7.144270359380181,-14.753730334929237,-12.137611011635752,-3.252014448613764,8.919039405619449,0.5189256429112827,10.906662748390108,-2.413471262700599,-0.8923769471088554,-2.0028323311507528,-0.8449618184025831,-0.20154748202074987,1.1345332384880527,0.0481673521643115,1.2127458010119865
Himachal Pradesh,Lahaul And Spiti,21,25,2,0.3798429846239912,2.4883767112585837,-1.3480947705531414,31564,6674,0.2034324852968753,-0.16847191221340185,-1.1627115383926312,HIMACHAL PRADESH,LAHAUL AND SPITI,LAHUL AND SPITI,97.22222222222224,29.666666666666668,63.10826080472628,30.10427027880268,LAHUL AND SPITI,23.0,20.8,16.1,94.7,73.3,52.5,59.9,58.9,28.5,16.3,18.4,91.0,86.4,61.7,71.7,77.9,5.5,-4.5,2.299999999999997,-3.700000000000003,13.100000000000009,9.200000000000003,11.800000000000004,19.000000000000007,-0.15158084033569633,-3.8415110092231446,0.24966920160797024,-3.57215470605808,13.41185297394887,-3.081313390780636,0.09267887492245563,-9.711237842324223,-0.4168826999435833,-0.5656343527007711,0.031185695488902997,-0.4849232549836862,0.9336683854962885,-0.1909680799522225,0.01178907944267565,-0.9014097096423311,-0.04635448583442683
Himachal Pradesh,Mandi,22,27,2,0.8703533385829753,-0.08692501744680309,-1.3508169220853004,999777,219145,0.0559658804914589,-1.623129543318369,-0.8850448187001168,HIMACHAL PRADESH,MANDI,MANDI,100.0,34.94444444444444,69.89244578470719,35.41097839992753,MANDI,26.3,13.1,16.2,37.8,64.3,71.6,23.8,78.8,31.3,19.9,21.3,52.2,86.6,87.0,38.6,94.1,5.0,6.799999999999999,5.100000000000001,14.400000000000006,22.299999999999997,15.400000000000006,14.8,15.299999999999997,-0.1036400348309689,-3.8991499276451385,-9.318923928652433,-4.845413143720776,-6.467857668244946,-1.6842430870717422,15.95593593611219,2.284812537426891,-1.081970176186113,-0.574121261168226,-1.1640087045238856,-0.6577692476221693,-0.4502609921581945,-0.10438297820443683,2.0296512715595516,0.2120792672766227,-0.120307633807013
Himachal Pradesh,Shimla,23,33,2,1.1602990692094854,-0.22382200593347482,-1.0775396289303578,814010,184362,0.0563302972972801,-1.6192899460114332,-0.9231123492775081,HIMACHAL PRADESH,SHIMLA,SHIMLA,100.0,34.166666666666664,50.974483583984714,34.62918010582168,SHIMLA,30.3,15.0,24.8,70.0,77.3,74.0,67.2,87.3,27.1,15.5,14.9,59.1,92.2,87.3,78.0,96.5,-3.1999999999999993,0.5,-9.9,-10.899999999999999,14.900000000000006,13.299999999999997,10.799999999999997,9.200000000000003,0.4385539084544508,4.630949036997611,-2.4499502159644657,10.882420164499692,19.80665423743482,-6.80361124976891,10.226544371222126,1.013256285098258,-6.266645399560691,0.681873318765295,-0.30601852733926027,1.4772984493979782,1.3788435438316708,-0.4216619383789928,1.3008524770856298,0.09405176441699534,-0.6968078201437095
Himachal Pradesh,Sirmaur,24,32,2,0.5567534710880881,-0.0066560335938759055,-1.2546833765412235,529855,98208,0.1314221161451883,-0.8550896887950125,-0.7153486932334223,HIMACHAL PRADESH,SIRMAUR,SIRMAUR,100.0,38.111111111111114,42.303543348060224,38.601953134729975,SIRMAUR,23.5,19.5,25.3,65.1,77.8,69.3,38.2,70.6,28.6,18.5,24.2,58.5,87.4,84.3,46.8,93.9,5.100000000000001,-1.0,-1.1000000000000014,-6.599999999999994,9.600000000000009,15.0,8.599999999999994,23.30000000000001,-0.011360984261662169,-5.272522384092197,-0.9843003474483463,0.49465167091520623,16.015460580864193,6.2069609148534255,0.9761893475877095,-1.5056477135297932,-6.6800114775888915,-0.7763402938755134,-0.12294704636154695,0.06714941487179274,1.1149189640357544,0.3846838208001138,0.12417472460077138,-0.13975617633021603,-0.7427712818344534
Himachal Pradesh,Solan,25,31,2,1.0360400162895835,0.007083291436935683,-1.2854498327523407,580320,122425,0.0431422258313243,-1.759093721250012,0.08254303498894794,HIMACHAL PRADESH,SOLAN,SOLAN,100.0,36.19444444444444,48.14957059619579,36.68082982909877,SOLAN,27.6,17.5,29.4,71.8,75.4,69.1,48.4,79.8,32.3,20.9,26.7,50.4,90.2,81.8,62.5,92.6,4.699999999999996,3.3999999999999986,-2.6999999999999993,-21.4,14.799999999999997,12.700000000000003,14.100000000000001,12.799999999999997,0.25234414208090417,-3.7695259966771864,-6.872017119289297,1.8220635916607213,28.29753977619866,-1.9521345162461703,9.227228893319863,1.1347886903410522,0.5107427561409068,-0.5550350869749067,-0.8583703231974564,0.24734679216354663,1.969937959182786,-0.12098586969160768,1.1737360272242954,0.10533256011994788,0.056791077820628644
Himachal Pradesh,Una,26,29,2,1.4075617702864605,-0.3917530694574643,-1.102995443819668,521173,110332,0.0559110130132607,-1.6237077571701255,-0.3205841804805695,HIMACHAL PRADESH,UNA,UNA,100.0,36.388888888888886,69.14937051720659,36.86632018892857,UNA,22.6,10.7,14.6,56.6,80.6,69.3,32.2,59.1,24.7,13.1,25.8,58.7,89.7,81.4,46.2,75.3,2.099999999999998,2.4000000000000004,11.200000000000001,2.1000000000000014,9.100000000000009,12.100000000000009,14.0,16.199999999999996,-0.10133690444499416,-0.8087204236684005,-4.293580680320861,-10.409128953903776,7.141657632918575,2.302425762500773,5.443789481824057,1.4820188432881949,-1.9080399524265488,-0.11907815759457518,-0.53630283107073,-1.4130487364703408,0.4971676892705364,0.1426955883205088,0.6924692031935356,0.1375629139048198,-0.21216090511370794
Jammu And Kashmir,Anantnag,1,14,1,-1.0116755864370301,-0.9652681769567365,-0.692800164000192,1078692,153640,0.1914524731055354,-0.27980347780845866,-0.740396194449998,JAMMU AND KASHMIR,ANANTNAG,ANANTNAG,91.66666666666669,38.666666666666664,33.55913890072125,39.1467506648456,ANANTNAG,18.2,5.4,8.2,41.1,91.2,54.9,70.0,72.7,28.2,24.9,28.3,79.2,90.5,84.7,76.5,83.3,10.0,19.5,20.1,38.1,-0.7000000000000028,29.800000000000004,6.5,10.599999999999994,-1.682967803645203,-14.37816054285452,-21.376128087933814,-24.161997103372553,-31.104380569650488,-8.308171558838307,-14.145939949514268,2.7601513663930675,-10.55048916299944,-2.117078803668442,-2.6700506790133822,-3.280013114326553,-2.1653366499571063,-0.5149088616731253,-1.7994134045722716,0.25620083475926797,-1.1731417507100117
Jammu And Kashmir,Bandipora,623,9,1,-1.4391627953392527,-0.5917365401117592,-0.5942060322223788,392232,58392,0.4117684836425216,1.608262822321405,-0.9199981539745484,JAMMU AND KASHMIR,BANDIPORA,BANDIPORA,100.0,33.611111111111114,25.742526198359062,34.061677632459315,BANDIPORA,20.5,6.2,9.9,58.9,88.7,37.2,54.3,68.0,25.2,14.0,16.8,75.1,92.8,66.8,77.9,90.3,4.699999999999999,7.8,6.9,16.199999999999996,4.099999999999994,29.599999999999994,23.60000000000001,22.299999999999997,-0.7050975131355621,-11.023737352179772,-7.62895328160477,-11.367352023911359,-3.9345027992380945,2.3789590715159186,-14.0351812844318,-4.0560634910548,6.895268958925708,-1.6231645637804593,-0.9529177503950431,-1.5431283910050406,-0.273901069705334,0.1474388316136909,-1.7853245121173897,-0.37648908132266723,0.766706431627746
Jammu And Kashmir,Baramulla,3,8,1,-0.9035643450030575,-1.278438484281729,-0.7576258545754773,1008039,152635,0.2109420842045642,-0.09924808857057175,-0.4973880485352655,JAMMU AND KASHMIR,BARAMULLA,BARAMULLA,97.22222222222224,26.47222222222222,15.530203468401092,27.06385913952032,BARAMULLA,28.6,14.5,12.8,63.6,93.8,62.4,70.6,78.6,23.2,18.2,17.3,70.4,96.2,77.7,76.5,73.7,-5.400000000000002,3.6999999999999993,4.5,6.800000000000004,2.4000000000000057,15.300000000000004,5.900000000000006,-4.8999999999999915,-0.8251264132843024,0.5892664959156129,-4.8964159623368895,-8.42550263731998,1.2514262884342635,-22.487802601042727,-10.722680152771705,-11.303268539845611,-10.905963523188085,0.08676517448088301,-0.6116018163434039,-1.1437696572418292,0.08711825014482037,-1.3937084419633625,-1.3639626966252587,-1.0491840667423085,-1.2126680519839586
Jammu And Kashmir,Budgam,2,2,1,-1.5516875248070716,-1.3080612266689682,-0.8578172606994977,753745,103363,0.2565594397045746,0.3122466157676776,0.046839090796415905,JAMMU AND KASHMIR,BUDGAM,BADGAM,97.22222222222224,26.97222222222222,11.03593131931147,27.43903997495468,BUDGAM,20.4,4.2,8.9,71.3,97.1,50.0,61.8,87.5,26.8,18.9,20.6,85.0,96.5,77.0,71.1,92.5,6.400000000000002,14.7,11.700000000000001,13.700000000000003,-0.5999999999999943,27.0,9.299999999999997,5.0,-1.3417022808905605,-13.057202463127211,-16.49991848323307,-17.851304032073664,-6.725134222527803,-12.837529702535676,-16.94375665622207,-3.263282640080071,-5.438619061605076,-1.9225774039386234,-2.060972799591802,-2.4233307819103778,-0.4681713424677236,-0.7956212457836929,-2.1553055477280987,-0.3029021330581915,-0.6047369926459738
Jammu And Kashmir,Doda,4,16,1,-1.1431528522050924,-0.4458439621079289,-1.1227217267204634,409936,79636,0.1830926199060176,-0.358157647778036,-0.8325859418015288,JAMMU AND KASHMIR,DODA,DODA,97.22222222222224,41.916666666666664,39.540283618866646,42.398395200704734,DODA,36.2,13.2,18.8,56.3,49.6,45.5,15.8,43.2,32.7,9.5,15.2,80.7,73.5,70.9,42.4,61.7,-3.5,-3.6999999999999993,-3.6000000000000014,24.400000000000006,23.9,25.400000000000006,26.599999999999998,18.5,0.10394313344282316,-0.3823438241161625,0.944005464718578,-0.7400526567697199,-18.254825447807626,-1.9877616680717622,8.847819265386981,-1.2150070835995308,11.257016305648783,-0.0562973270007153,0.11791389075213082,-0.1004628222208533,-1.2708127233781357,-0.12319390500494397,1.125473785707453,-0.11277853557118792,1.2517027042588378
Jammu And Kashmir,Ganderbal,626,11,1,-1.3872068594390226,-0.5359199994043108,-0.7389365404003951,297446,45361,0.2956857901992514,0.6534576409375992,-0.5429149317404593,JAMMU AND KASHMIR,GANDERBAL,GANDERBAL,91.54388888888889,29.055555555555557,28.545529625089817,29.509380377312116,GANDERBAL,24.4,4.6,8.3,52.7,95.4,55.8,66.6,82.9,18.5,25.9,20.1,89.8,98.0,78.4,84.4,81.2,-5.899999999999999,21.299999999999997,11.8,37.099999999999994,2.5999999999999943,22.60000000000001,17.80000000000001,-1.7000000000000028,-1.3408414237142248,0.34368299830818927,-22.951358401714618,-16.966355276993227,-28.47812834407778,-21.34660854475219,-14.203442180533717,-8.164414120273094,2.362756752990265,0.05060480363470969,-2.8668096407678743,-2.3031981823677,-1.9825096625065766,-1.3229815764537556,-1.8067278909661404,-0.7578315227210776,0.26272228243461676
Jammu And Kashmir,Jammu,5,21,1,1.1432459537345836,-0.1506081944621631,-1.1897863197503413,1529958,314199,0.079980763148229,-1.3728931568739053,1.0532530007075662,JAMMU AND KASHMIR,JAMMU,JAMMU,100.0,28.583333333333332,18.994274531364304,29.056339704695013,JAMMU,23.2,13.7,16.6,33.7,91.8,64.3,73.4,77.3,27.0,18.0,17.6,68.4,96.5,81.2,87.9,84.1,3.8000000000000007,4.300000000000001,1.0,34.7,4.700000000000003,16.900000000000006,14.5,6.799999999999997,-0.4246288392047667,-3.857423274012084,-7.624074349089612,-2.8906705180251793,-26.94062421109439,-5.184615409861848,-0.8112593064437528,5.376877239900503,2.8470395643972353,-0.5679773171156292,-0.9523083324021602,-0.39241115573994884,-1.8754760554185164,-0.32132273629628644,-0.10319504223888769,0.49908872898546763,0.31657119658782773
Jammu And Kashmir,Kathua,7,7,1,0.022954566601961914,-0.04696016842649226,-0.9729883832727322,616435,119583,0.1542265004531202,-0.6330322187335552,-0.1481831570614069,JAMMU AND KASHMIR,KATHUA,KATHUA,100.0,25.61111111111111,21.257112377754325,26.09012299882397,KATHUA,31.5,15.3,19.1,41.6,92.0,43.5,40.4,82.5,21.8,22.5,25.9,67.0,97.1,75.4,68.5,100.0,-9.7,7.199999999999999,6.799999999999997,25.4,5.099999999999994,31.900000000000006,28.1,17.5,-0.07600679390322773,7.94501377574207,-10.007910836337974,-9.592546306143475,-17.57343852442136,0.5934229076464455,-5.3875968068794915,11.883256217009475,13.879168579796895,1.1698450722777898,-1.250068722181411,-1.3021968982664767,-1.223377858867462,0.03677809391669717,-0.6853212969465918,1.1030192762343336,1.5432679826072988
Jammu And Kashmir,Kishtwar,620,18,1,-1.6207335282139186,-0.4394618398306375,-0.9097999321892598,230696,45209,0.2318380619529455,0.09113615334417699,-1.1015763312370364,JAMMU AND KASHMIR,KISHTWAR,KISHTWAR,94.44444444444444,40.44444444444444,33.32732614922984,40.96378055046111,KISHTWAR,29.3,16.3,18.9,65.3,64.7,39.0,23.9,74.4,27.5,22.8,17.7,88.5,91.6,59.6,50.6,91.6,-1.8000000000000007,6.5,-1.1999999999999993,23.200000000000003,26.89999999999999,20.6,26.700000000000003,17.19999999999999,-0.2622090117267912,-3.149282344769171,-8.994480780289397,-3.873097152895098,-16.810136665500202,-4.695139681631346,9.74270676904575,-10.060327324647119,10.531494285196999,-0.4637087532168004,-1.1234831404449095,-0.5257764662501159,-1.1702404724340199,-0.29098689305389763,1.2393066292947115,-0.9338126487947885,1.1710296510854912
Jammu And Kashmir,Kulgam,622,15,1,-1.173057131680583,-1.173100898457584,-0.6770512057465801,424483,73728,0.2407902909500658,0.17171412403934433,-0.9419278488855392,JAMMU AND KASHMIR,KULGAM,KULGAM,80.55555555555556,39.77777777777778,29.7434071612592,40.28908947976033,KULGAM,20.9,7.4,10.2,59.7,89.5,50.9,50.8,83.0,28.4,11.3,15.3,77.7,98.9,80.5,40.3,98.1,7.5,3.9000000000000004,5.100000000000001,18.0,9.400000000000006,29.6,-10.5,15.099999999999994,-1.0417290799351737,-12.624461416910545,-4.811722068751464,-9.031493907424686,-9.521850733979914,-4.061062448704195,-5.086374736945533,0.598632874893454,-28.256456966403345,-1.8588594552001871,-0.6010228664444416,-1.226033524115375,-0.6628652296591729,-0.2516891987408765,-0.6470047882998277,0.0555658809619799,-3.1419234579834887
Jammu And Kashmir,Kupwara,8,1,1,-1.2571020409259948,-1.0863235878091333,-0.9147787601017482,870354,113929,0.3084096501434883,0.7622021981359157,-0.8766118582986693,JAMMU AND KASHMIR,KUPWARA,KUPWARA,100.0,35.0,32.4190987129497,35.475207921890565,KUPWARA,30.8,5.1,14.4,75.2,91.0,38.4,48.6,77.8,24.9,25.1,25.5,78.8,97.1,67.7,62.0,93.2,-5.900000000000002,20.0,11.1,3.5999999999999943,6.099999999999994,29.300000000000004,13.399999999999999,15.400000000000006,-0.7559258903518375,0.19225125881453842,-20.218822847088298,-15.091569759253796,6.718858324128359,-3.7882779441102166,-10.089528078460948,-0.8441126138112693,-3.351850394057486,0.028307589402811733,-2.525493927134188,-2.0486943407180997,0.4677344447521334,-0.23478305305673594,-1.2834235218716832,-0.07835162916151366,-0.372702685027425
Jammu And Kashmir,Poonch,10,5,1,-0.9198016164002608,0.1973901362160237,-0.9052144270777185,476835,90261,0.2323066697784783,0.09536854081079955,-0.32101314478010223,JAMMU AND KASHMIR,POONCH,POONCH,100.0,36.47222222222222,38.290474127283794,36.98588303687207,POONCH,27.6,17.7,22.2,51.5,79.6,54.7,22.5,84.2,25.9,15.6,18.8,54.3,86.0,66.7,44.6,91.2,-1.7000000000000028,-2.0999999999999996,-3.3999999999999986,2.799999999999997,6.400000000000006,12.0,22.1,7.0,-0.3275170670142458,-1.9681695132112385,-1.0107972549272244,-1.3822830934895443,4.549969592672387,-12.556813604034911,-8.845376197522718,-14.653515491975085,8.367091049776151,-0.2897985417555167,-0.12625672365739307,-0.18764618897022944,0.31674689335614153,-0.7782235300879231,-1.125163018867008,-1.3601583401956254,0.9303629140635878
Jammu And Kashmir,Pulwama,11,12,1,-0.9599761611422296,-1.2687065500849923,-0.9725989430988635,560440,86241,0.1809846929412205,-0.37800196173473943,-0.18857891861433052,JAMMU AND KASHMIR,PULWAMA,PULWAMA,100.0,32.77777777777778,11.54992562803258,33.32927736560231,PULWAMA,22.7,10.4,11.5,53.7,93.9,66.1,78.6,89.9,22.4,15.3,20.2,67.4,97.8,91.6,76.6,88.8,-0.3000000000000007,4.9,8.7,13.700000000000003,3.8999999999999915,25.5,-2.0,-1.1000000000000085,-1.0123123572289328,-4.515598695599316,-6.851380298046196,-13.227390114565821,-7.054407566526754,-18.44390629573151,-9.393705984297824,-0.12072692666611218,-17.464136497506406,-0.6648888260659411,-0.8557926179018036,-1.7956302559954136,-0.4910937613218237,-1.1430831354749746,-1.19491249977607,-0.0112060301352959,-1.9418917311601396
Jammu And Kashmir,Rajouri,12,6,1,-0.654717122843143,0.49508448123790033,-1.1398584169992658,642415,130401,0.16263947839459,-0.5522170587917593,-0.3518576935382481,JAMMU AND KASHMIR,RAJOURI,RAJAURI,100.0,36.666666666666664,34.76407331468354,37.1245329842699,RAJOURI,36.7,11.1,22.8,52.0,75.2,39.6,32.6,44.5,30.3,22.5,32.4,76.4,88.8,63.3,42.8,95.0,-6.400000000000002,11.4,9.599999999999998,24.400000000000006,13.599999999999994,23.699999999999996,10.199999999999996,50.5,-0.3694284122332005,4.115620730165,-15.543426735053282,-13.92672041585934,-18.646353715219288,30.619990388773093,-0.3558388046582692,0.3246028020175764,-2.8227073326199097,0.6059950009461317,-1.941499271402208,-1.8905649813691083,-1.2980690291265258,1.8977104990992444,-0.04526394974489133,0.030130053682808543,-0.31386561995105505
Jammu And Kashmir,Ramban,621,17,1,-1.990106920498808,-0.6091767297990699,-1.011761168678754,283713,55490,0.2460726294637191,0.21898755524066818,-0.43063743006306376,JAMMU AND KASHMIR,RAMBAN,RAMBAN,91.66666666666669,30.583333333333332,27.020991700880973,31.038878965739418,RAMBAN,33.6,16.2,18.8,51.6,60.7,41.1,19.8,57.5,25.7,15.6,21.2,62.0,80.4,48.9,35.8,78.9,-7.900000000000002,-0.5999999999999996,2.3999999999999986,10.399999999999999,19.700000000000003,7.799999999999997,15.999999999999996,21.400000000000006,-0.45250904188209745,1.6103587973899067,-2.4882303950340297,-9.22034205594477,-5.219887029887255,0.27737742723617487,0.9271209855957565,-24.407802798507312,1.7906450772818907,0.23711353521848552,-0.31080003022401975,-1.2516698322860975,-0.36338330767078925,0.017190797554013145,0.11793305606380318,-2.2655639570191064,0.19910740330693172
Jammu And Kashmir,Reasi,627,20,1,-1.3702774867538818,0.3323860366819846,-1.366918654546238,314667,56689,0.2135329899725149,-0.07546456756112979,-0.6331449591744435,JAMMU AND KASHMIR,REASI,REASI,97.22222222222224,31.47222222222222,36.96030051339688,32.063405678594556,REASI,25.4,17.4,22.7,63.5,62.6,44.4,16.5,73.1,17.7,13.0,11.7,69.7,69.3,62.7,35.2,79.1,-7.699999999999999,-4.399999999999999,-11.0,6.200000000000003,6.699999999999996,18.300000000000004,18.700000000000003,6.0,-0.15232487748468154,3.847903313815549,0.5703835952811871,5.63406060975793,-0.506359033978085,-15.83047676233734,-10.845060722589462,-9.41157460007577,5.829844251247481,0.566575572721151,0.0712455080552352,0.7648288594628314,-0.035250268747658464,-0.9811127167645698,-1.3795299363120657,-0.8735945782892092,0.6482385399968331
Jammu And Kashmir,Samba,624,22,1,0.8318747636628395,0.0754608446279676,-1.2416733858761486,318898,65385,0.0529871874131462,-1.6545636570374378,0.8640038491863683,JAMMU AND KASHMIR,SAMBA,SAMBA,100.0,28.61111111111111,26.556185173465607,29.090965650199635,SAMBA,19.6,5.2,9.0,45.9,85.8,44.9,49.6,68.7,24.5,20.4,15.5,69.0,97.9,78.8,73.0,90.9,4.899999999999999,15.2,6.5,23.1,12.100000000000009,33.9,23.4,22.200000000000003,-0.13065542058569335,-4.87911109113265,-19.537079842520246,-9.055129986294812,-17.343914320888132,8.539169219339298,5.553893094557283,21.41846048491126,11.92844594396239,-0.7184133631693204,-2.440338731358249,-1.2292421433505147,-1.2073994930919465,0.5292252177540476,0.7064747706815274,1.9880893208634296,1.3263610569854787
Jammu And Kashmir,Shopian,625,13,1,-0.9575634504082475,-1.0859240919534996,-0.9891493247120844,266215,44411,0.1919677714995716,-0.274991758753608,-0.6557063628711323,JAMMU AND KASHMIR,SHOPIAN,SHOPIAN,94.44444444444444,38.47222222222222,8.226390916637675,39.06091702542693,SHOPIAN,22.8,8.5,11.1,58.4,92.1,57.2,43.8,69.9,22.0,32.8,33.5,57.1,98.3,86.5,66.1,92.2,-0.8000000000000007,24.299999999999997,22.4,-1.2999999999999972,6.200000000000003,29.299999999999997,22.299999999999997,22.299999999999997,-0.8104158666807989,-3.6075553812530172,-25.946458427130064,-26.275383849100624,8.64666844102468,3.7471134166952247,-7.4240682700243585,3.238778580679753,5.982898671322705,-0.5311861004714103,-3.2409217729405673,-3.566907290001478,0.6019392681186128,0.2322318322733836,-0.9443676425333768,0.3006276344383727,0.6652571376700719
Jammu And Kashmir,Srinagar,13,10,1,-0.07919585414078185,-1.4154289194202716,-1.3314194070223708,1236829,191678,0.1678761194286349,-0.5022085837236304,2.1384207188947735,JAMMU AND KASHMIR,SRINAGAR,SRINAGAR,91.66416666666666,34.44444444444444,23.89800828602371,35.02607347811804,SRINAGAR,26.9,24.8,23.2,51.4,99.2,66.6,97.0,85.5,33.0,18.6,15.8,77.0,99.2,86.8,98.4,90.9,6.100000000000001,-6.199999999999999,-7.399999999999999,25.6,0.0,20.200000000000003,1.4000000000000057,5.400000000000006,-0.5778643948140804,-10.947870588597368,3.534800942417765,1.7905120098300333,-18.58813569388696,-4.961934352592783,-10.421593034486289,1.4749010645002016,-8.140891459707653,-1.6119937386526892,0.44152512642395797,0.24306363619180957,-1.2940161718450058,-0.30752181164005377,-1.325663354303689,0.1369022324330284,-0.9052110771200007
Jammu And Kashmir,Udhampur,14,19,1,-0.5465707500057272,0.11132979411016462,-1.292312322484004,554985,99240,0.1962518955793272,-0.23506810079197474,-0.3028636307643687,JAMMU AND KASHMIR,UDHAMPUR,UDHAMPUR,94.44444444444444,24.22222222222222,17.87685878562607,24.732365671726026,UDHAMPUR,43.1,13.2,27.4,64.0,82.7,34.6,26.8,82.7,37.3,19.8,31.9,70.4,87.2,69.8,55.1,85.8,-5.800000000000004,6.600000000000001,4.5,6.400000000000006,4.5,35.199999999999996,28.3,3.0999999999999943,-0.14454641036351867,3.0404630370975703,-9.568471692088567,-8.291800712395174,1.199478417848316,-15.726370443435716,-9.40073255770933,12.047944018894867,15.15742005873851,0.44768590738650305,-1.1951792314063956,-1.1256194991531645,0.0835018904550622,-0.9746606032304446,-1.195806304672033,1.1183058119046017,1.6854007458077218
Jharkhand,Bokaro,322,355,20,-0.2502884790755212,-0.2540526289882165,-1.0310957192918542,2062330,394918,0.2417349129585848,0.18018262428753165,0.7082785280290307,JHARKHAND,BOKARO,BOKARO,99.8975,32.583333333333336,40.265117055343865,32.995474665925585,BOKARO,39.8,36.9,50.8,74.0,62.5,35.8,26.8,66.2,36.2,19.7,32.3,66.5,80.9,64.4,47.0,71.0,-3.5999999999999943,-17.2,-18.5,-7.5,18.400000000000006,28.60000000000001,20.2,4.799999999999997,0.811840993010231,-0.1124677810222714,14.907073646862843,14.141624621543984,16.733807244713063,-10.2904355651326,5.70516104485149,6.0363541799874945,8.241089139938815,-0.016560056801995075,1.862013642001707,1.9197384230326362,1.1649267870535864,-0.6377620425190107,0.7257165869491635,0.560302235103999,0.9163523692617623
Jharkhand,Chatra,323,347,20,-1.1824662223118965,0.196320755083835,0.8073424449134343,1042886,182271,0.3876220887929594,1.4162891540807665,-0.5850402682428992,JHARKHAND,CHATRA,CHATRA,99.89222222222222,32.361111111111114,44.830900469590595,32.95671046385067,CHATRA,49.6,30.6,51.3,60.6,55.7,14.6,10.8,42.0,42.2,17.2,39.8,62.6,71.5,48.1,20.4,71.7,-7.399999999999999,-13.400000000000002,-11.5,2.0,15.799999999999997,33.5,9.599999999999998,29.700000000000003,0.3533989241561677,1.9541306832315204,11.971915331369239,6.180014392887626,8.730552150958983,10.45363011244875,0.40586205348235715,-1.3798994668923967,-8.760159485261916,0.2877314268912904,1.4953887124982561,0.8389425827953968,0.6077788466001192,0.6478762196270202,0.051627083251435536,-0.12808406075341133,-0.9740694176607652
Jharkhand,Deoghar,324,350,20,-1.0324633415440785,-0.3448241122874376,0.15584972370951525,1492073,264347,0.3293015594537973,0.9384817991956836,0.42861565189123013,JHARKHAND,DEOGHAR,DEOGHAR,99.81861111111112,34.25,36.047213100528246,34.66885267445574,DEOGHAR,44.8,23.8,46.0,64.6,58.0,22.3,20.5,64.2,41.7,17.7,36.9,73.9,61.3,41.6,23.5,54.5,-3.0999999999999943,-6.100000000000001,-9.100000000000001,9.300000000000011,3.299999999999997,19.3,3.0,-9.700000000000003,-0.624403932145773,-2.7483204297935657,4.133843799388819,3.0154738001030674,-0.05935546816880155,-26.18007830425676,-11.398267845164606,-11.733934965047336,-12.145828794373484,-0.4046700487355779,0.516350407243478,0.40935331495696686,-0.0041320408330740455,-1.622541641405757,-1.4498998315201073,-1.0891590836862737,-1.3505325331858393
Jharkhand,Dhanbad,325,354,20,0.02006512066674685,-0.3399483264384469,-1.1438739020287116,2684487,507064,0.2491325852168789,0.24628054957900622,1.3328220559600628,JHARKHAND,DHANBAD,DHANBAD,99.76055555555556,32.861111111111114,40.52480795053068,33.373170013248625,DHANBAD,38.5,28.1,42.6,69.9,65.4,28.6,20.5,73.5,27.0,14.0,25.1,66.5,78.8,67.6,37.2,66.1,-11.5,-14.100000000000001,-17.5,-3.4000000000000057,13.399999999999991,38.99999999999999,16.700000000000003,-7.400000000000006,0.8279275479602851,7.706023229885161,11.887411725831424,12.995096193589326,13.249025022307514,-20.41871289495343,1.470942816306346,18.279242809103888,6.287836447947239,1.1346554652760612,1.4848335311100662,1.764096144641891,0.9223330904391513,-1.2654741346050067,0.1871091090777472,1.6967030589266763,0.6991641188156952
Jharkhand,Dumka,326,362,20,-1.1618895541667054,0.7400463316690814,0.651344501514237,1321442,275019,0.3277450083225048,0.9254439376356434,-0.4557945310049655,JHARKHAND,DUMKA,DUMKA,99.56972222222224,36.166666666666664,41.63718529550237,36.734524881021144,DUMKA,43.8,41.4,53.5,74.9,54.3,12.1,9.0,76.0,38.2,27.8,44.9,75.1,60.3,41.5,18.1,78.9,-5.599999999999994,-13.599999999999998,-8.600000000000001,0.19999999999998863,6.0,29.4,9.100000000000001,2.9000000000000057,-0.1307086246685138,1.097976089177159,10.569339984438916,2.797640422477027,8.30575219505724,-17.20447435541689,-9.389184715971862,-3.869716970324866,-7.785777491598395,0.16166893521626005,1.3201957476154975,0.37978223553440826,0.5782063266987996,-1.0662678596962993,-1.1943373785143907,-0.35919215523854336,-0.8657248489638422
Jharkhand,East Singhbum,327,357,20,0.26185384494282765,0.03342961702349051,-0.9463135869440873,2293919,476931,0.191133063523645,-0.2827870842212677,0.587756375507343,JHARKHAND,EAST SINGHBUM,EAST SINGHBUM,99.90083333333332,29.305555555555557,46.62354165076557,29.74847219504372,EAST SINGHBUM,39.3,40.6,49.8,66.5,81.7,43.4,40.4,68.9,35.9,29.4,41.6,67.4,94.0,70.2,57.6,88.8,-3.3999999999999986,-11.200000000000003,-8.199999999999996,0.9000000000000057,12.299999999999997,26.800000000000004,17.200000000000003,19.89999999999999,0.5402076309200942,1.3162848772116331,8.531241700227271,4.975512934498921,8.150273344504386,5.168707686744327,2.0792075716903753,7.598560482069377,4.760062947962416,0.19381330489587242,1.0656208458713852,0.675430412719482,0.567382640541751,0.32033683614434016,0.2644825291737712,0.7053082530828588,0.5292862249312926
Jharkhand,Garhwa,328,346,20,-1.3171968520037114,0.31769531366994425,0.8168527698594018,1322784,254697,0.3346927893180979,0.9835216800421176,-0.7499236081312326,JHARKHAND,GARHWA,GARHWA,99.51944444444445,35.5,43.364887701057626,36.057956588447446,GARHWA,45.6,31.3,50.7,65.4,57.8,10.8,5.7,54.2,47.7,18.9,40.6,62.5,84.0,54.1,24.7,77.2,2.1000000000000014,-12.400000000000002,-10.100000000000001,-2.9000000000000057,26.200000000000003,43.3,19.0,23.0,0.5022919870760185,-7.162186432433771,10.06933956388636,4.492441948840227,11.686099856752275,2.6789428429954043,10.868124143859754,8.56477806611342,0.4344031450612533,-1.0545794810701783,1.2577416653368216,0.6098530864193308,0.8135297939215167,0.16603068436961918,1.3824636847612441,0.7949938241733518,0.04830263869644253
Jharkhand,Giridih,329,349,20,-1.2592368625100876,-0.42558428874620297,-0.14024529432077243,2445474,396521,0.2997983101672045,0.688721683777462,-0.18774520574744513,JHARKHAND,GIRIDIH,GIRIDIH,99.7575,34.02777777777778,47.49219410499113,34.60305844032258,GIRIDIH,45.8,23.6,40.6,74.4,63.3,18.3,14.6,47.6,31.9,27.8,34.3,62.8,70.7,59.2,32.4,70.6,-13.899999999999999,4.199999999999999,-6.300000000000004,-11.600000000000009,7.400000000000006,40.900000000000006,17.799999999999997,22.999999999999993,0.2837659894905793,8.282436363568232,-6.182505875642006,0.6425944409266275,20.029200364236413,4.541687791458919,-8.127008157555128,9.568183613626879,1.8477048305075385,1.2195280763335994,-0.7722448117524245,0.08723278065199667,1.3943361296296881,0.2814765287660757,-1.033784073024786,0.8881312303334238,0.2054520549870617
Jharkhand,Godda,330,351,20,-1.5549798515382454,-0.11386868957376393,1.113181820024124,1313551,253648,0.2992557598442874,0.6840758163991463,0.05764731511979554,JHARKHAND,GODDA,GODDA,99.93805555555556,36.22222222222222,38.012765503260745,36.77168157954224,GODDA,54.0,24.8,46.0,80.7,57.5,17.1,6.0,60.1,39.4,24.5,40.7,75.1,70.2,54.9,19.7,63.9,-14.600000000000001,-0.3000000000000007,-5.299999999999997,-5.6000000000000085,12.700000000000003,37.8,13.7,3.799999999999997,-0.002676127581244664,8.378980440150254,-2.9448102959996367,-2.1084364205675836,11.949589043903522,-14.749802851868452,-2.1860101388002136,2.2975872960172126,-4.083280024899963,1.2337434843158894,-0.36783053965875795,-0.2862221645254693,0.8318726377061217,-0.914136659621476,-0.2780681920272865,0.21326503696104604,-0.45403262380002474
Jharkhand,Gumla,331,366,20,-0.6896219064398645,1.7575361276638624,-0.6393180393395356,1025213,188988,0.2824733937053186,0.5394017394222822,-0.9113018194002276,JHARKHAND,GUMLA,GUMLA,99.14888888888888,37.05555555555556,39.71606035155597,37.52412513651738,GUMLA,45.8,31.7,47.7,73.8,69.3,16.3,10.6,58.8,40.2,20.1,38.7,65.8,83.8,50.1,19.1,85.3,-5.599999999999994,-11.599999999999998,-9.0,-8.0,14.5,33.8,8.500000000000002,26.5,0.43071824464762404,3.79066832116449,7.753183383946876,4.977221648626517,16.845817151236176,4.17776716717843,-1.6792277954035981,6.436854630181397,-5.144380127531804,0.5581481393642537,0.9684350914096527,0.6756623722186563,1.1727243754096592,0.2589221131451926,-0.21360369230772347,0.5974772070676665,-0.5720196491263647
Jharkhand,Hazaribagh,332,360,20,-0.4566419871862579,-0.36019951548135526,-0.5435805258141538,1734495,304749,0.2075880285144499,-0.13011272309416896,0.1351762935695827,JHARKHAND,HAZARIBAGH,HAZARIBAGH,99.62277777777778,33.22222222222222,45.11726287864817,33.7284606069467,HAZARIBAGH,49.3,24.5,47.1,64.3,76.5,27.7,18.0,72.5,37.8,16.2,32.5,62.1,82.0,55.6,36.8,70.1,-11.5,-8.3,-14.600000000000001,-2.1999999999999957,5.5,27.900000000000002,18.799999999999997,-2.4000000000000057,0.34652334825295367,7.90211463780105,5.785469194556006,10.3286640158158,10.073578605148313,-18.935410757743476,-6.535834978641171,3.535266186709457,4.1314168987417546,1.163528488500617,0.7226517303690241,1.402125547834779,0.7012738575875948,-1.1735447119180629,-0.8313812381935834,0.32814799911310105,0.45938511273016
Jharkhand,Jamtara,333,363,20,-0.9383852197804676,0.31165744720432226,0.059338735889221506,791042,155275,0.3382207305831785,1.0128967412887486,-0.11268925811365509,JHARKHAND,JAMTARA,JAMTARA,99.78722222222224,40.166666666666664,37.1252455856361,40.69615159716668,JAMTARA,44.1,29.8,48.8,73.7,60.6,14.0,3.7,62.4,41.9,23.0,46.2,72.8,75.4,52.8,20.3,78.8,-2.200000000000003,-6.800000000000001,-2.5999999999999943,-0.9000000000000057,14.800000000000004,38.8,16.6,16.4,0.16095880595072587,-2.5330046665676225,4.623422305042062,-2.689739286813114,10.746365040789831,-2.017599454824545,-0.45400634468443,7.999631440067429,1.26281959146662,-0.37296638003173416,0.5775027083558425,-0.3651345580881197,0.7481099977070363,-0.12504313749887058,-0.057751206727982375,0.7425361803218924,0.1404168435677423
Jharkhand,Khunti,606,365,20,-0.8073560780486613,2.009864127625652,-0.7203592480003252,531885,103700,0.3280806219510027,0.9282563702324285,-0.6771474494955311,JHARKHAND,KHUNTI,KHUNTI,99.785,33.888888888888886,38.87457386091424,34.31215963072558,KHUNTI,40.1,43.0,53.8,64.8,67.7,14.0,7.3,72.7,38.5,32.1,44.0,66.9,73.8,55.2,18.7,71.9,-1.6000000000000014,-10.899999999999999,-9.799999999999997,2.1000000000000085,6.099999999999994,41.2,11.399999999999999,-0.7999999999999972,0.020499421037260906,-0.6534036129061431,6.977889650949735,5.180068902847166,7.364210652890561,-23.16535817297674,-11.521422022147402,12.709643984176083,-0.9506851786160091,-0.09620889508091036,0.8715946556811481,0.7031990717390777,0.5126607549377622,-1.4357007582984394,-1.4655654767640995,1.1797256621089631,-0.1057096460254147
Jharkhand,Koderma,334,348,20,-0.9478546174611664,-0.7312371400523248,-0.29082450731309517,716259,116155,0.3108834622123669,0.783221816289845,0.029256544167385014,JHARKHAND,KODERMA,KODERMA,99.66194444444444,33.861111111111114,49.44435629335052,34.31940776427516,KODERMA,42.4,20.3,42.2,72.4,78.6,28.6,31.1,70.9,34.6,18.0,31.7,60.0,91.3,54.0,35.8,73.8,-7.799999999999997,-2.3000000000000007,-10.500000000000004,-12.400000000000006,12.700000000000003,25.4,4.699999999999996,2.8999999999999915,0.010550252861728948,2.213961525002122,1.1561961421268798,5.525534672802968,22.291085416936127,-13.892021477468308,-1.7612961017314994,-4.094454924704806,-10.997348935957788,0.3259896147876025,0.14441821651045897,0.7500963646721932,1.5517976354659346,-0.8609746337859691,-0.22404307003900245,-0.3800526240574955,-1.22282948065989
Jharkhand,Latehar,335,359,20,-1.2678841708583672,1.5238653265909852,0.5058206699904734,726978,133381,0.4252312782365046,1.7138767686194687,-0.7649389569545578,JHARKHAND,LATEHAR,LATEHAR,99.28555555555556,34.94444444444444,43.4976616897932,35.42578300641853,LATEHAR,44.2,29.0,44.2,50.1,51.3,12.0,5.2,52.7,40.1,19.2,39.4,68.3,70.3,51.4,14.2,75.0,-4.100000000000001,-9.8,-4.800000000000004,18.199999999999996,19.0,39.4,9.0,22.299999999999997,-0.00587868117939145,-0.28706933121015865,7.06455011222053,-0.8580906912206245,-7.466796402066375,0.38438194782865054,0.989121626526682,4.0325101466673985,-6.968381864296976,-0.04226885591358446,0.8824192457335586,-0.11648659291049782,-0.5198022790056115,0.023822530601645853,0.1258197560484875,0.37430282930515174,-0.7748360832942816
Jharkhand,Lohardaga,336,356,20,-0.569048965751151,1.2284174610491985,-0.02717642066216278,461790,88638,0.3034262182080092,0.7197377713187099,-0.40156067669244055,JHARKHAND,LOHARDAGA,LOHARDAGA,99.87888888888888,30.305555555555557,46.21055931407071,30.87795037170958,LOHARDAGA,41.7,28.9,48.1,64.9,71.8,19.5,14.9,60.0,40.7,26.6,43.4,68.7,84.1,67.7,34.0,88.2,-1.0,-2.299999999999997,-4.700000000000003,3.799999999999997,12.299999999999997,48.2,19.1,28.200000000000003,0.3314535366213208,-1.7406806677938897,-0.8875479118831366,0.27373450107607145,5.7340238412104245,8.454020953769405,-2.187291395052629,19.96329286122592,4.3502897680013675,-0.25630247588056576,-0.1108618873835322,0.03715970784748693,0.3991750276877568,0.523948052232424,-0.2782311723370797,1.853018772036959,0.4837222687671174
Jharkhand,Pakur,337,353,20,-1.825834699774857,0.5628333122269336,0.13142159463245126,900422,182317,0.4308234244108568,1.7574534987351171,-0.4226533140166806,JHARKHAND,PAKUR,PAKUR,99.63916666666668,34.638888888888886,37.99984873741111,35.11639897072641,PAKUR,51.8,24.2,46.9,74.3,49.4,13.4,6.5,70.1,51.3,23.6,51.4,72.1,64.6,38.3,16.9,69.4,-0.5,-0.5999999999999979,4.5,-2.200000000000003,15.199999999999996,24.9,10.399999999999999,-0.6999999999999886,-0.6803179088919286,-5.968181537194021,-1.6754330426572448,-11.439422217353055,11.936299124171331,-21.918206660992762,-4.6204635390773205,-12.379170243205188,-4.832454708051129,-0.878771007680676,-0.20927509017470683,-1.5529119854086597,0.8309474577236218,-1.358407052839692,-0.5877392423003076,-1.1490506602472341,-0.5373356902077736
Jharkhand,Palamu,338,358,20,-0.9676501033039373,0.19489106467425032,0.8858064123396939,1939869,358754,0.341972547432851,1.0440510335454378,-0.2833263332466373,JHARKHAND,PALAMU,PALAMU,99.31027777777778,28.694444444444443,40.54651107299209,29.233938092554094,PALAMU,45.4,23.8,43.9,59.5,54.7,17.2,16.2,57.7,43.7,18.4,37.3,68.2,74.9,46.3,25.4,80.9,-1.6999999999999957,-5.400000000000002,-6.600000000000001,8.700000000000003,20.200000000000003,29.099999999999998,9.2,23.200000000000003,-0.006035041954342429,-3.268332436033954,3.3993012316872857,1.2168562956394684,1.0395367488318872,4.96023381725848,6.287163035520241,-3.877336024053161,-8.78170983479934,-0.48123800697914765,0.42460012049427076,0.165189350485899,0.07236752444506987,0.30741641893035593,0.799749290836971,-0.35989936570135783,-0.9764656681468004
Jharkhand,Ramgarh,607,361,20,-0.0753104123732786,-0.009918466660987876,-0.7953812973686357,949443,179375,0.2105663994328258,-0.1027009542978915,0.8725195500584588,JHARKHAND,RAMGARH,RAMGARH,99.93444444444444,38.083333333333336,42.333580220126585,38.63085772182496,RAMGARH,38.7,30.3,46.3,71.3,71.5,39.3,17.8,66.1,35.3,23.5,35.3,59.7,79.0,64.2,33.2,81.8,-3.4000000000000057,-6.800000000000001,-11.0,-11.599999999999994,7.5,24.900000000000006,15.400000000000002,15.700000000000003,0.3809347810767574,0.3186076941153688,3.7660709306303173,6.534498399236343,19.892311631208614,0.968610318252912,-3.9802122880419546,3.4122043652133662,3.4878354322404075,0.04691264879724401,0.4704126118713765,0.8870641095329574,1.3848065976099921,0.06003078208536513,-0.5062970272535258,0.3167252410070862,0.38782328496356366
Jharkhand,Ranchi,339,364,20,0.25492435510385475,0.3734576316686876,-0.5113128275012043,2914253,569444,0.2298167317763851,0.0728613674658845,0.5953914688228675,JHARKHAND,RANCHI,RANCHI,99.70527777777778,32.0,43.464027669620044,32.48187618244682,RANCHI,40.7,27.2,43.8,64.8,76.9,37.8,39.1,67.7,28.3,32.7,40.6,62.8,87.3,77.2,57.7,73.8,-12.400000000000002,5.5000000000000036,-3.1999999999999957,-2.0,10.399999999999991,39.400000000000006,18.6,6.099999999999994,0.3827292628728827,10.228898604150881,-8.172259655772274,-0.2731629784564422,11.812731429185936,-8.776151609164266,-0.019168658164062435,18.41778994219738,5.647915269513044,1.5061303812248479,-1.0207810953044094,-0.03708212313131067,0.8223452719927904,-0.5439124845873307,-0.002438320858930463,1.7095631837677432,0.6280092898796612
Jharkhand,Sahebganj,340,352,20,-1.6360930387613257,0.021097766853089787,0.9143071125049508,1150567,227023,0.3425881239627474,1.0491543315247986,-0.22968158710432166,JHARKHAND,SAHEBGANJ,SAHEBGANJ,99.5761111111111,30.97222222222222,41.503262209710186,31.43334798780406,SAHEBGANJ,50.2,24.6,49.7,70.4,48.2,24.7,11.6,62.2,49.1,19.7,44.8,72.6,64.7,43.2,17.4,66.0,-1.1000000000000014,-4.900000000000002,-4.900000000000006,2.1999999999999886,16.5,18.500000000000004,5.799999999999999,3.799999999999997,-0.5405250725837704,-5.221298212746211,2.2144997424901165,-2.1496609320734787,5.477045778638109,-15.672271699031228,0.3059720305290732,-17.927316249073886,-11.91669773195339,-0.7687979099197325,0.27660886559003683,-0.29181842951103903,0.38128545692852606,-0.9713077688911456,0.03892072037087326,-1.6640367785366015,-1.3250547367010803
Jharkhand,Saraikela Kharsawan,341,369,20,-0.6091356608388578,0.34889514980019815,-0.4869990644242073,1065056,221232,0.2120812804751411,-0.08878444169679355,0.34496732912046824,JHARKHAND,SARAIKELA KHARSAWAN,SARAIKELA KHARSAWAN,99.91583333333332,35.388888888888886,47.23932650634434,35.888989496268636,SARAIKELA KHARSAWAN,45.1,23.3,52.6,81.9,64.1,27.0,24.9,65.1,40.0,32.9,48.7,76.1,81.8,60.9,31.5,80.9,-5.100000000000001,9.599999999999998,-3.8999999999999986,-5.800000000000011,17.700000000000003,33.9,6.600000000000001,15.800000000000011,-0.026103414569615818,1.7424040213394698,-13.436727258081543,-1.3950475555585804,12.494117121565216,-1.7388912693583194,4.386337267079018,8.673288671691175,-6.499347583761013,0.25655622706464104,-1.6783555277912838,-0.1893789763223941,0.8697800508067068,-0.10776986461312595,0.5579575555619339,0.8050659195184647,-0.7226827007818692
Jharkhand,Simdega,342,367,20,-0.36129329410880356,2.0304333195423596,-0.14119058645042729,599578,118288,0.2960361526525693,0.6564662880080472,-1.0085333950391517,JHARKHAND,SIMDEGA,SIMDEGA,99.90694444444443,36.388888888888886,41.49229839988018,36.86866458130819,SIMDEGA,39.2,36.7,47.9,80.0,49.2,8.5,5.7,56.9,42.2,21.1,37.0,75.4,75.7,71.3,15.9,79.3,3.0,-15.600000000000001,-10.899999999999999,-4.599999999999994,26.5,62.8,10.2,22.4,0.9079832887819612,-4.120055183941135,11.986753267475157,7.54387544377006,14.559730392852954,0.5515559852259351,11.918646708122145,35.68010902669156,-4.735411236375196,-0.6066479417772846,1.49724209030418,1.024087962702307,1.0135780637888825,0.03418334136342703,1.5160938564349398,3.31187406177864,-0.5265451243394024
Jharkhand,West Singhbhum,343,368,20,-1.3626301990098164,1.7132362356476185,0.004178171357536855,1502338,302046,0.2782958747142172,0.503094731577933,-0.5155332699384595,JHARKHAND,WEST SINGHBHUM,WEST SINGHBHUM,99.46444444444444,30.416666666666668,44.68441132961741,30.96310448821774,WEST SINGHBHUM,59.4,37.5,66.9,83.8,37.4,16.1,10.0,49.7,60.6,30.5,62.4,73.3,67.9,37.7,15.5,87.0,1.2000000000000028,-7.0,-4.500000000000007,-10.5,30.500000000000007,21.6,5.5,37.3,0.13496566110703073,-4.55654140648322,1.8201826183951333,-2.0294477231836936,16.37375382361401,14.52200268663173,12.94700274721902,-10.331711943568479,-8.354788895900235,-0.6709173402919917,0.22735547879307458,-0.2754993769100959,1.139861607989743,0.9000184721309674,1.6469043680041837,-0.9590029216019418,-0.9289949992576934
Karnataka,Bagalkote,524,556,29,-0.3926473790239187,-0.4708846555577137,0.835487384536513,1889752,361149,0.2138117238726539,-0.07290892314372628,-0.2543434605614261,KARNATAKA,BAGALKOTE,BAGALKOTE,99.99083333333334,35.02777777777778,48.61984524534176,35.55465305463009,BAGALKOTE,47.3,24.6,44.6,62.6,91.6,23.0,29.7,75.9,48.3,16.9,42.3,63.8,95.2,51.3,56.6,78.6,1.0,-7.700000000000003,-2.3000000000000043,1.1999999999999957,3.6000000000000085,28.299999999999997,26.900000000000002,2.6999999999999886,-0.05088389410763354,-4.65072160497648,5.606538821255096,-1.7295977987892375,6.912531796539856,-13.610421715501026,-5.863611979505533,0.8068719222850973,7.603783984037641,-0.6847846845437888,0.7003018846550152,-0.23479447656034946,0.48121705589103714,-0.8435221519907724,-0.7458721041365018,0.07489489980522264,0.8454884240190692
Karnataka,Ballari,528,565,29,-0.40927939702074984,0.3065966563555444,0.8628236696216113,2452595,489118,0.1720203625978354,-0.4627908973170154,0.03418623439411573,KARNATAKA,BALLARI,BALLARI,99.99805555555557,42.30555555555556,50.8532819479893,42.79358819330996,BALLARI,49.5,26.9,53.3,72.3,86.0,40.7,46.7,71.1,36.1,22.9,36.5,67.5,95.7,64.1,76.2,71.5,-13.399999999999999,-4.0,-16.799999999999997,-4.799999999999997,9.700000000000003,23.39999999999999,29.5,0.4000000000000057,0.48590147210201995,10.624209429438693,-0.07958378305874714,11.810430741915017,10.488641603346469,-16.75574580788108,0.0013823036214528628,-3.2101735192303735,12.011752511927444,1.5643370041501579,-0.009940655909262023,1.6032767305447446,0.7301685375516281,-1.0384573716754901,0.0001758338911735417,-0.29797247548191,1.3356241737451173
Karnataka,Belagavi,527,555,29,0.09885214186152462,-0.6370392929005194,0.4058313211078165,4779661,983854,0.1535245658644898,-0.6398016126458552,-0.2859899444696939,KARNATAKA,BELAGAVI,BELAGAVI,99.98611111111111,32.52777777777778,51.98091248646853,32.998120920703926,BELAGAVI,36.7,31.7,38.5,66.3,97.1,40.2,47.1,63.4,32.8,23.6,36.9,72.7,97.5,67.7,74.8,81.4,-3.9000000000000057,-8.099999999999998,-1.6000000000000014,6.400000000000006,0.4000000000000057,27.5,27.699999999999996,18.000000000000007,0.2053326053879851,1.5339485875657903,6.091365909041577,-1.0934244791134304,1.6261353028287697,2.592442890692631,-6.901061585537612,4.692405959936895,8.748577058267841,0.2258626916129808,0.760860695381785,-0.1484333689667206,0.1132036807844329,0.16066974644728907,-0.8778393494609417,0.43555521577652284,0.9727815315285323
Karnataka,Bengaluru Rural,526,583,29,0.6427043546648713,-0.254037894960551,-0.40624826799215347,990923,229279,0.0935425008046051,-1.2340262467918819,1.3229941037207507,KARNATAKA,BENGALURU RURAL,BENGALURU RURAL,99.98666666666666,37.52777777777778,47.73806056533252,38.03668674820821,BENGALURU RURAL,28.7,22.8,26.5,48.8,98.5,74.4,64.5,64.1,36.6,16.2,23.8,60.8,100.0,88.8,93.6,92.7,7.900000000000002,-6.600000000000001,-2.6999999999999993,12.0,1.5,14.399999999999991,29.099999999999994,28.60000000000001,0.061795941810837945,-9.366676682032619,2.61607836986679,-1.0576683370998725,-5.911908326934114,16.5684430248204,-4.708604605351958,-1.584600250904014,16.37778927376505,-1.3791745199424394,0.32676927267094286,-0.14357944012050688,-0.411558485880527,1.0268490578448273,-0.5989510964940844,-0.14708465339416452,1.8210973998026558
Karnataka,Bengaluru Urban,525,572,29,1.5917369997819382,-0.8091075688809645,-1.3291218497887025,9621551,2393845,0.051663207903263,-1.668564153819713,4.041917980057928,KARNATAKA,BENGALURU URBAN,BENGALURU,100.0,33.22222222222222,48.492318427250375,33.71170622783602,BENGALURU URBAN,28.1,28.9,26.8,51.7,95.9,86.2,93.9,62.1,31.3,19.2,28.1,58.9,99.3,90.4,97.2,78.2,3.1999999999999993,-9.7,1.3000000000000007,7.199999999999996,3.3999999999999915,4.200000000000003,3.299999999999997,16.1,-0.08414223563026885,-4.8584696455159175,4.942364248395744,-6.231306939151901,-1.4259438430749825,12.242480357754276,0.2501186709603136,-2.3762459626917796,-1.7979902031088049,-0.7153740615241613,0.6173411275922076,-0.8459055926697147,-0.09926731886773729,0.7587423514817593,0.03181597623530439,-0.2205662365649685,-0.19992413072484042
Karnataka,Bidar,529,558,29,-0.12736803440584393,0.2093345599735797,1.0422353028896636,1703300,319937,0.2616241752930325,0.35700888131226766,-0.18281344852357775,KARNATAKA,BIDAR,BIDAR,100.0,32.94444444444444,53.359355208945594,33.49055736964063,BIDAR,42.8,23.6,39.4,69.1,98.0,26.7,31.3,59.6,36.8,22.1,36.1,69.3,99.0,56.5,65.2,74.8,-6.0,-1.5,-3.299999999999997,0.20000000000000284,1.0,29.8,33.900000000000006,15.199999999999996,0.2155951058997077,2.9905680740832055,-0.6108062647645349,-0.4375714297969324,9.581173079149947,-1.0667903170405175,-8.489357756528605,2.3055571779111794,15.15479628472852,0.4403392396196009,-0.07629462526007032,-0.05940072014942124,0.6669949646291535,-0.0661156048477231,-1.0798762187472517,0.21400481174985966,1.6851090002035138
Karnataka,Chamarajanagar,531,578,29,-0.4429465611181381,0.203856359980397,1.35409099097273,1020791,244874,0.1528164986153651,-0.6466343240730539,-0.5724465651442349,KARNATAKA,CHAMARAJANAGAR,CHAMARAJA NAGARA,100.0,31.11111111111111,51.42428521823305,31.62927444168751,CHAMARAJANAGARA,30.5,19.1,31.1,53.2,95.5,32.9,36.3,59.5,32.2,18.0,28.7,68.7,100.0,75.2,89.0,93.3,1.7000000000000028,-1.1000000000000014,-2.400000000000002,15.5,4.5,42.300000000000004,52.7,33.8,0.43163803630769176,-4.154769379728551,-2.7476525101099916,-1.987746387986257,-10.126785635982028,15.611407516738513,-4.083567970214432,14.464146161724035,32.30606156096262,-0.6117593527862859,-0.3432039432086473,-0.2698383826740926,-0.7049778739283691,0.9675356384531711,-0.5194442341979645,1.342580833005676,3.5922116057980458
Karnataka,Chikkaballapura,630,582,29,0.004731716914193364,0.21179812093342004,0.5388335563293238,1255104,284698,0.0968161858420488,-1.200763043695105,-0.028127180844493983,KARNATAKA,CHIKKABALLAPURA,CHIKKABALLAPURA,100.0,42.388888888888886,49.57406213254762,42.92301159670959,CHIKKABALLAPURA,37.7,17.2,28.5,62.9,92.0,49.7,47.3,63.7,31.3,16.1,25.2,59.0,99.0,84.9,89.4,76.6,-6.400000000000002,-1.0999999999999979,-3.3000000000000007,-3.8999999999999986,7.0,35.2,42.10000000000001,12.899999999999991,0.5618309634616282,4.999113778422961,-3.3632865602943305,-0.6303950204570601,8.552378597695023,-3.752055433226136,-0.45959658053620345,13.000047362233719,24.760409058574904,0.7360828797175848,-0.42010159777717104,-0.08557669821161851,0.5953752649222387,-0.23253811965422058,-0.05846230442543492,1.2066812808410274,2.7531870022806197
Karnataka,Chikkamagaluru,532,570,29,0.9300691825417731,-0.28353365381079576,-0.13154972685414923,1137961,276085,0.0829162820122036,-1.3426872843653912,-0.6836383545847924,KARNATAKA,CHIKKAMAGALURU,CHIKKAMAGALURU,99.99916666666668,37.77777777777778,48.07510657118456,38.28615010747076,CHIKKAMAGALURU,21.1,22.3,24.6,57.9,96.2,62.7,49.7,41.2,27.3,24.9,25.4,53.2,98.4,92.3,79.0,91.0,6.199999999999999,2.599999999999998,0.7999999999999972,-4.699999999999996,2.200000000000003,29.599999999999994,29.299999999999997,49.8,0.4543701081790546,-5.809359119181458,-4.695589390187612,-1.0121694774943752,13.223525205635662,34.42695328801204,-2.146655826912639,13.54484559604214,10.57501501331361,-0.8553855701819365,-0.586516958920895,-0.13740292848719893,0.9205579164412926,2.133651574580964,-0.273062184890896,1.2572501604961643,1.1758688563949424
Karnataka,Chitradurga,533,566,29,0.2914867039003413,0.403571107624405,0.5463648721949087,1659456,357003,0.1694601365732413,-0.487125823091354,-0.22637305571484836,KARNATAKA,CHITRADURGA,CHITRADURGA,100.0,36.916666666666664,51.505416331679434,37.46885949310424,CHITRADURGA,28.6,31.8,29.9,64.4,95.6,44.2,40.2,48.7,36.0,17.9,32.4,61.1,98.3,63.1,80.6,94.6,7.399999999999999,-13.900000000000002,2.5,-3.3000000000000043,2.700000000000003,18.9,40.39999999999999,45.89999999999999,0.4460034709157158,-8.630293201402916,10.84935818622905,-5.290630062894758,11.495171808046262,29.59587990012272,-4.950817852072974,-3.5255617889560114,22.70231534732597,-1.2707474472604963,1.355172277824815,-0.7182078499182888,0.8002383059125474,1.834240027623785,-0.6297614749115138,-0.3272472243093925,2.5243411523642707
Karnataka,Dakshina Kannada,534,575,29,1.7035503350991896,-0.9606229064579795,-1.280305801103331,2089649,439733,0.109868174189919,-1.0691243344815697,-0.13229648063592098,KARNATAKA,DAKSHINA KANNADA,DAKSHINA KANNADA,100.0,39.72222222222222,44.97356102140195,40.19175301588271,DAKSHINA KANNADA,23.9,17.1,21.7,54.3,96.6,92.0,54.2,77.3,25.1,30.5,26.4,51.1,100.0,97.1,82.0,86.8,1.2000000000000028,13.399999999999999,4.699999999999999,-3.1999999999999957,3.4000000000000057,5.099999999999994,27.799999999999997,9.5,-0.034422365022251364,-0.5447679255538107,-13.34267500108712,-2.9437619305742637,15.783286406466415,-2.197596750125088,0.275116435805808,-4.7237725030514515,11.799054829747867,-0.08021308599739915,-1.6666076428788401,-0.39961836335089634,1.098756120095773,-0.13619868499461868,0.03499578000287748,-0.43846669904780566,1.3119736559928985
Karnataka,Davanagere,535,567,29,0.5055779050056987,-0.020062041132232117,0.6742216482023012,1945497,410176,0.1646131747464596,-0.533342404816927,-0.07299457771159346,KARNATAKA,DAVANAGERE,DAVANAGERE,99.99944444444444,36.361111111111114,47.1282563662875,36.79549210297873,DAVANGERE,46.4,22.4,41.9,65.9,97.3,64.0,52.7,75.2,38.4,18.8,32.8,70.2,98.3,83.3,79.1,79.4,-8.0,-3.599999999999998,-9.100000000000001,4.299999999999997,1.0,19.299999999999997,26.39999999999999,4.200000000000003,0.21747905335969456,6.635618851606706,1.2062958344139254,6.741186127848284,4.563668965243533,-10.55633425772479,-5.147466088195756,-2.1414203582596762,7.977778438734898,0.9770462624957091,0.1506760718554078,0.9151221569500274,0.31770057746643254,-0.6542414317749254,-0.6547758234332589,-0.1987694189661662,0.8870740322843302
Karnataka,Dharwad,536,562,29,0.7928610842622636,-0.8119204221365293,0.24316571420845629,1847023,382700,0.1914533566840202,-0.2797952254070867,0.0388817601572612,KARNATAKA,DHARWAD,DHARWAR,100.0,33.52777777777778,42.4109725314475,33.9879826702809,DHARWAD,37.4,33.8,41.1,50.7,95.3,62.0,56.2,54.9,45.2,16.5,40.4,67.2,99.7,79.3,79.1,87.6,7.800000000000004,-17.299999999999997,-0.7000000000000028,16.5,4.400000000000006,17.299999999999997,22.89999999999999,32.699999999999996,0.2083296794333704,-9.66317346238548,16.788420650098345,-0.49207887642374537,-5.026658183685242,20.039378858770043,-0.9746985883074633,-2.210783918941136,4.464486587710681,-1.422831498675573,2.0970090454154917,-0.06680015567619092,-0.3499316492597423,1.2419644543604678,-0.1239850947676576,-0.20520783475916962,0.49642016882933715
Karnataka,Gadag,537,561,29,0.19310446326442765,-0.46543779813618674,1.1247742745421037,1064570,219096,0.229776746163318,0.07249955584098935,-0.426166269109726,KARNATAKA,GADAG,GADAG,100.0,31.36111111111111,45.69712652296426,31.81402444007656,GADAG,34.8,43.1,38.1,70.7,92.9,30.2,24.8,46.7,45.2,18.2,39.8,70.3,96.2,55.2,56.3,74.3,10.400000000000006,-24.900000000000002,1.6999999999999957,-0.4000000000000057,3.299999999999997,25.000000000000004,31.499999999999996,27.599999999999994,0.33746066236465555,-13.117852347893937,23.9029125212276,-4.0976225742360075,10.961435275090155,12.570036943726208,-3.7154034672645437,-0.5784144009986534,10.665758517052947,-1.9315076551416104,2.9856664193421834,-0.5562559967023021,0.7630821479995823,0.7790430623688519,-0.4726124122009777,-0.053689175954973155,1.1859589092064902
Karnataka,Hassan,539,574,29,0.5890984440404173,-0.5060162315187279,-0.47257324961504477,1776421,433453,0.0793470616260261,-1.3794245868015225,-0.029032342065874156,KARNATAKA,HASSAN,HASSAN,100.0,40.05555555555556,48.49342434614272,40.651337149107945,HASSAN,27.0,19.1,26.4,53.1,97.3,64.3,51.1,68.1,27.1,15.2,23.8,63.6,100.0,87.9,86.1,96.8,0.10000000000000142,-3.900000000000002,-2.599999999999998,10.5,2.700000000000003,23.60000000000001,34.99999999999999,28.700000000000003,0.38296520417157087,-0.8488422883197393,1.1156012907125374,0.804384670088222,-3.5152471620387917,14.018516094492847,-3.244844308205872,7.0290472050388715,18.673588491530563,-0.12498580822650644,0.13934759239474293,0.10919595162455906,-0.24471451847677272,0.8688142888531052,-0.4127556291610141,0.6524452910155375,2.0763744653489153
Karnataka,Haveri,540,564,29,0.5517146548728662,-0.4448217349467233,1.2022015262728696,1597668,330414,0.2061094936986656,-0.14374570490796104,-0.18187295310419485,KARNATAKA,HAVERI,HAVERI,100.0,36.0,44.496311749441794,36.487551149515085,HAVERI,43.8,20.4,36.9,63.9,96.7,53.5,35.8,69.3,29.9,17.7,35.0,66.9,97.2,68.9,60.7,95.7,-13.899999999999999,-2.6999999999999993,-1.8999999999999986,3.000000000000007,0.5,15.400000000000006,24.900000000000006,26.400000000000006,0.29720069207082,11.825752206770868,1.5871380216588937,-0.07952160136887976,7.639182309761646,12.65161681838559,-4.756369065196058,-7.914632034159219,4.250895083948336,1.7412553754542692,0.19824633043859627,-0.010795129816722293,0.531802952770287,0.7840990725991187,-0.6050269040835672,-0.7346464250668452,0.4726702642714233
Karnataka,Kalaburagi,538,579,29,-0.6253381008268245,-0.21313959713731048,0.8860784644351999,2566326,471601,0.1422249063868144,-0.7493450740966348,-0.3067370535591289,KARNATAKA,KALABURAGI,KALABURAGI,100.0,29.36111111111111,52.635921172107544,29.88359610995935,KALABURAGI,52.2,34.0,56.7,72.4,91.1,29.1,35.1,58.6,34.5,25.0,36.2,75.1,88.7,36.5,58.5,75.3,-17.700000000000003,-9.0,-20.5,2.6999999999999886,-2.3999999999999915,7.399999999999999,23.4,16.699999999999996,0.26334668835453656,14.532159582024457,5.1918736125074805,15.616832141080462,2.022001922757326,-1.0069799317434374,-11.873414100861012,-19.940948220287737,4.3298097630410375,2.139754033969303,0.6485068580896212,2.1199991874773683,0.14076200166809405,-0.06240878473797361,-1.5103401094149527,-1.8509447134434842,0.48144503322831694
Karnataka,Kodagu,541,576,29,1.2596341433197515,-0.39491307964042766,-1.1305717360541778,554519,142716,0.0759178933385277,-1.414834966865037,-0.9703921267588742,KARNATAKA,KODAGU,KODAGU,100.0,36.47222222222222,47.91188109887044,36.93796028731133,KODAGU,29.8,16.4,25.7,46.6,96.9,82.0,47.9,68.2,30.4,21.7,22.6,54.4,98.4,93.9,78.3,90.6,0.5999999999999979,5.300000000000001,-3.099999999999998,7.799999999999997,1.5,11.900000000000006,30.4,22.39999999999999,0.19315921413783482,0.6936431500588904,-6.502275337061885,4.563779025411806,2.3850819637177008,6.886283086926634,-3.0250840388806193,-0.23788384755513547,13.039007080375665,0.10213387212658996,-0.8121865946646366,0.6195371595400845,0.16603787937923992,0.42678562429012745,-0.38480134858103393,-0.022080687697579322,1.4498478087098867
Karnataka,Kolar,542,581,29,0.3586279225665915,0.12653338433103525,0.2266820377425897,1536401,333348,0.0965153196547863,-1.2038159339904035,0.5490892556983571,KARNATAKA,KOLAR,KOLAR,100.0,39.416666666666664,50.077916797778265,39.95997476638654,KOLAR,32.0,18.4,27.7,57.3,96.4,58.1,56.5,76.4,31.1,15.5,15.7,57.9,99.6,89.2,89.9,86.3,-0.8999999999999986,-2.8999999999999986,-12.0,0.6000000000000014,3.1999999999999886,31.1,33.400000000000006,9.899999999999991,0.44923883416559657,-0.307589553777734,-1.4088201125018367,8.259049152610025,4.829207736976429,-4.707728586684803,-3.4034058197297448,11.740726781625423,17.92122862326821,-0.045290308352850916,-0.1759729864323072,1.12117344508113,0.3361861034241126,-0.29176710548991686,-0.4329252121158106,1.0897895089223764,1.9927172282880392
Karnataka,Koppal,543,560,29,-0.4669566584170346,-0.0973719556434017,1.0118784514470038,1389920,264595,0.2362531617263342,0.1309488750341904,-0.296150699789979,KARNATAKA,KOPPAL,KOPPAL,99.97555555555556,35.833333333333336,50.41469149744253,36.32500969356876,KOPPAL,55.8,26.4,49.9,68.1,84.8,48.9,33.6,72.8,49.1,23.1,45.8,70.7,90.7,58.8,47.4,84.8,-6.699999999999996,-3.299999999999997,-4.100000000000001,2.6000000000000085,5.900000000000006,9.899999999999999,13.799999999999997,12.0,-0.28309321412444116,3.0982197572837453,0.9107525674623211,-0.2305617389783441,5.652206204722194,-4.977977888824345,-4.239770562274844,-18.83135195965059,-5.405875128485974,0.4561901613007026,0.11376033588321383,-0.03129896606954512,0.3934792792543771,-0.3085161289720565,-0.5393137542853935,-1.747950547369001,-0.6010960927378265
Karnataka,Mandya,544,573,29,0.13493850944060784,-0.7423672291929956,-0.03315439597720453,1805769,428625,0.1265477452603929,-0.9031341353557248,0.09555124680806233,KARNATAKA,MANDYA,MANDYA,100.0,30.666666666666668,50.36184878336777,31.16758932113635,MANDYA,18.6,23.2,20.3,55.2,97.8,56.8,53.8,61.0,24.3,11.8,16.7,58.2,99.5,86.7,90.5,93.9,5.699999999999999,-11.399999999999999,-3.6000000000000014,3.0,1.7000000000000028,29.900000000000006,36.7,32.900000000000006,0.4643776952184244,-8.044869346594691,8.923620064307446,0.575477074698215,4.106547662560967,18.192531506100412,-5.708452905946408,9.056235083283944,19.59615913544566,-1.1845480735309895,1.1146320659170683,0.07812153705377925,0.28587800160904686,1.1275038824629717,-0.7261353232792572,0.8406115028196965,2.1789579686950793
Karnataka,Mysuru,545,577,29,0.4258344703022001,-0.1594982097674981,-0.12654887221738723,3001127,700968,0.1171634466369731,-0.9962190891615063,0.2633989542331996,KARNATAKA,MYSURU,MYSURU,100.0,33.888888888888886,48.06722315229619,34.45932737564348,MYSURU,25.1,17.3,24.9,60.1,94.7,63.6,66.7,46.7,27.5,15.6,28.2,57.2,100.0,86.4,94.7,97.2,2.3999999999999986,-1.700000000000001,3.3000000000000007,-2.8999999999999986,5.299999999999997,22.800000000000004,28.0,50.5,0.3594298569011837,-3.695470898013413,-1.4846718803084498,-6.110778055278194,9.993889599668826,35.843440339912625,-1.6422657725511822,3.9561518818107757,12.22271304091255,-0.544131016233913,-0.18544748355841367,-0.829543686902177,0.6957262941575185,2.2214400525033957,-0.2089019927657975,0.36721515598577115,1.3590815320230853
Karnataka,Raichur,546,559,29,-1.0818507889548785,0.32065279369470867,1.1217540517476199,1928812,363853,0.1943794983381518,-0.2524993115177725,-0.3084135292922912,KARNATAKA,RAICHUR,RAICHUR,99.98694444444445,41.52777777777778,51.45298258264892,42.01699814145624,RAICHUR,37.2,34.9,41.2,70.6,79.7,27.6,26.7,65.4,39.8,23.2,40.7,73.6,88.9,53.0,64.9,80.2,2.5999999999999943,-11.7,-0.5,3.0,9.200000000000003,25.4,38.2,14.799999999999997,0.03506504454376198,-6.5134025759353795,7.285258885470237,-5.695485904373571,1.4829942486494527,-4.501793757731672,-2.8924687180065263,-5.872093119589593,19.708987401927967,-0.9590508112753755,0.9099875503140422,-0.7731673991550886,0.10323889238320051,-0.27900404834742165,-0.3679322124978789,-0.5450553101328589,2.191503695061477
Karnataka,Shivamogga,547,568,29,0.9834229045746158,-0.5028734647019905,0.4528679956310515,1752753,406816,0.1110893440857815,-1.056887249617196,-0.5911018301735355,KARNATAKA,SHIVAMOGGA,SHIVAMOGGA,100.0,28.194444444444443,50.512629182751965,28.69337245953198,SHIVAMOGGA,35.3,14.3,30.6,53.8,97.3,71.7,61.2,45.5,29.0,23.2,34.4,68.9,99.7,85.4,85.7,96.1,-6.299999999999997,8.899999999999999,3.799999999999997,15.100000000000009,2.4000000000000057,13.700000000000003,24.5,50.599999999999994,0.11218937568450371,6.138519936849352,-10.338990014099647,-4.063056819250118,-5.555318792567304,36.32382189782304,-1.00039028834677,-3.9731749831421297,4.210875519534902,0.9038520891087396,-1.2914231798153328,-0.5515636639793381,-0.38673444587025946,2.2512122736715154,-0.1272531695369532,-0.36879526236123555,0.46822036425889335
Karnataka,Tumakuru,548,571,29,0.46339796656862875,-0.26119214154009956,-0.04526974437822322,2678980,640081,0.107557823099214,-1.0923127510942752,-0.04820752241906975,KARNATAKA,TUMAKURU,TUMAKURU,99.98194444444444,37.333333333333336,48.65777888792568,37.84966402983158,TUMAKURU,28.6,26.2,26.0,53.8,96.4,52.3,39.4,64.8,40.3,10.9,26.7,67.6,100.0,86.1,85.3,97.7,11.699999999999996,-15.299999999999999,0.6999999999999993,13.799999999999997,3.5999999999999943,33.8,45.9,32.900000000000006,0.5213426897660823,-12.750273151184278,12.40319669940338,-2.974035076455362,-6.573852613698177,17.83930279482412,-2.795193913963935,14.99367513254537,28.944673704263703,-1.8773843113589295,1.5492592312764155,-0.403727970478035,-0.45763984799446955,1.1056121109287098,-0.3555585146774389,1.391732399838378,3.218448420594028
Karnataka,Udupi,549,569,29,1.6088948432980525,-0.9663424970969581,-0.7795293939605932,1177361,253078,0.149595332483384,-0.6777710174137825,-0.6577127773182885,KARNATAKA,UDUPI,UDUPI,99.9986111111111,32.80555555555556,62.009020596281985,33.29701865402121,UDUPI,21.1,20.9,22.3,56.2,97.9,89.1,44.7,64.6,23.1,17.6,21.0,58.3,98.9,94.5,67.8,89.9,2.0,-3.299999999999997,-1.3000000000000007,2.0999999999999943,1.0,5.400000000000006,23.099999999999994,25.30000000000001,0.24387204706269952,-1.6025820911950217,4.217910947402684,3.521370785857075,11.88522760688187,12.729076945772034,-2.2062250959319254,-7.188627622324242,4.619620411766103,-0.23596847220444586,0.5268510715692987,0.47802929156073054,0.8273921055150106,0.7888997565685271,-0.28063960580151964,-0.6672577526136751,0.51366998190767
Karnataka,Uttara Kannada,550,563,29,1.2369013399463604,-0.9848412363523359,-0.3187800523562485,1437169,324530,0.1491709148161771,-0.6818800608980304,-0.8311271120002844,KARNATAKA,UTTARA KANNADA,UTTARA KANNADA,99.99083333333334,27.194444444444443,49.40698732037539,27.669834089340625,UTTARA KANNADA,37.9,18.3,30.1,47.7,93.5,66.0,48.5,67.7,29.6,21.9,33.3,69.0,99.3,89.6,73.4,93.6,-8.299999999999997,3.599999999999998,3.1999999999999957,21.299999999999997,5.799999999999997,23.599999999999994,24.900000000000006,25.89999999999999,0.28526731200299676,8.077970343678848,-3.090623919539279,-1.824944773159332,-8.562890404464508,12.312132135348403,2.004845592696433,7.989855061669271,5.062310661881348,1.1894219528494385,-0.38604383642325424,-0.2477379151762582,-0.5961070461067015,0.7630591036408246,0.25502342343249335,0.7416287241812519,0.5628940896261795
Karnataka,Vijayapura,530,557,29,-0.5293463983813204,-0.46602947489781993,0.9253228951659364,2177331,408806,0.1821829178615511,-0.36671736745284844,-0.4530197662710757,KARNATAKA,VIJAYAPURA,VIJAYPURA,100.0,36.361111111111114,43.4144401094163,36.89299635438742,VIJAYAPURA,44.9,29.1,38.9,68.0,90.7,22.9,29.1,58.1,45.9,15.0,39.0,65.2,91.8,44.8,60.6,71.1,1.0,-14.100000000000001,0.10000000000000142,-2.799999999999997,1.0999999999999943,21.9,31.5,12.999999999999993,0.03446651381667701,-4.500180451221468,11.501450903487907,-4.307093342994339,9.558717245652112,-4.168060097756417,-8.266974126036787,-5.963845482154241,11.5516826471598,-0.6626186025373588,1.4366239137494472,-0.5846918443541292,0.6654316980285113,-0.25832050591658956,-1.0515882373835133,-0.5535718835956095,1.284467572542658
Karnataka,Yadgir,635,580,29,-1.6452388224915384,0.14100284678629774,1.1277647119657668,1174271,202063,0.2503355628246565,0.25699209319259364,-0.4489851420918571,KARNATAKA,YADGIR,YADGIR,99.96527777777776,31.5,50.317480425965705,32.06461646852452,YADGIR,55.5,31.3,50.3,74.0,90.5,18.1,18.7,61.3,57.6,17.7,45.2,76.0,93.3,37.4,48.8,82.6,2.1000000000000014,-13.600000000000001,-5.099999999999994,2.0,2.799999999999997,19.299999999999997,30.099999999999998,21.299999999999997,-0.2095838776702661,-7.507538784187316,9.618775299726336,-2.0421937362431226,2.795839517756316,0.8693247072147443,-11.97085466607091,-16.0491886505869,11.407696650451953,-1.105430084769817,1.201462557422105,-0.2772296597924024,0.19463283512879737,0.05387743768243228,-1.522734892639931,-1.4897065355015673,1.2684573211082544
Kerala,Alappuzha,554,598,32,2.537782361831514,-1.0168182622279092,-1.0068458138985634,2127789,535958,,0.10284094369966944,0.29043867931756745,KERALA,ALAPPUZHA,ALAPPUZHA,100.0,30.22222222222222,93.81762619654792,30.722514113817017,ALAPPUZHA,14.5,16.6,17.2,24.9,99.0,97.0,64.2,,20.1,14.4,20.4,30.3,99.4,99.2,79.2,61.9,5.600000000000001,-2.200000000000001,3.1999999999999993,5.400000000000002,0.4000000000000057,2.200000000000003,15.0,,0.0052767098269466605,-4.9616592704186075,4.909236346203783,0.2866956358136883,13.61684943323722,,-0.9238990756879382,-6.308964201917572,-1.163985847845595,-0.7305679778105217,0.6132031856142184,0.03891919369354734,0.947939248258353,,-0.11752321777118056,-0.5856062514099953,-0.12942721178579447
Kerala,Ernakulam,555,595,32,2.5108071898454676,-1.065039948598022,-1.1440091598910676,3282388,814011,,0.10284094369966944,0.801156701034442,KERALA,ERNAKULAM,ERNAKULAM,100.0,32.833333333333336,90.78929953651284,33.43585474470422,ERNAKULAM,12.4,15.9,12.0,23.4,100.0,99.3,79.7,75.9,22.0,17.1,19.4,36.4,99.1,99.3,88.4,82.6,9.6,1.200000000000001,7.399999999999999,13.0,-0.9000000000000057,0.0,8.700000000000003,6.699999999999989,-0.40330024636681994,-9.372331462842652,1.1360605823306598,-4.657059449672275,5.525291037494576,-0.26726609373284127,-2.537499911899827,-8.045187317088986,-5.887362238422233,-1.38000714498906,0.14190312280943648,-0.6322000620963295,0.384644058684142,-0.01656413557582366,-0.3227789296341734,-0.7467647359957668,-0.6546341441369847
Kerala,Idukki,556,596,32,2.1145118288310925,-0.6435681765316731,0.4165971899764119,1108974,279812,,0.10284094369966944,-0.8951335935017259,KERALA,IDUKKI,IDUKKI,100.0,32.94444444444444,72.60132795302685,33.407037164340586,IDUKKI,15.1,24.2,14.8,32.6,100.0,94.6,47.2,,24.3,14.5,23.6,32.0,100.0,97.5,54.3,89.6,9.200000000000001,-9.7,8.8,-0.6000000000000014,0.0,2.9000000000000057,7.099999999999994,,-0.2858422231661776,-8.394539664179318,12.070861322215222,-5.361379841805917,18.43925674656862,,-0.8485103151788032,-11.641915137525732,-14.748193021313629,-1.236034466065278,1.5077478642097908,-0.7278121968467103,1.283651939054272,,-0.10793350180332194,-1.0806176837788306,-1.6398975169331649
Kerala,Kannur,557,589,32,2.3401692846475304,-1.23141889408416,-0.873563427265437,2523003,554298,,0.10284094369966944,-0.5576235650933092,KERALA,KANNUR,KANNUR,100.0,33.25,93.87608652474556,33.66349344407451,KANNUR,25.3,10.2,10.5,44.1,100.0,98.9,55.5,87.1,19.4,14.0,17.9,37.2,100.0,99.5,70.4,77.7,-5.900000000000002,3.8000000000000007,7.399999999999999,-6.899999999999999,0.0,0.5999999999999943,14.900000000000006,-9.399999999999991,-0.05045209755030061,6.5394959970976885,-0.3614199312271138,-3.1053729832490298,26.243729936243447,-19.214226354259768,-1.5628727534822495,-9.705133651948099,-3.9237965015027143,0.9628928763777416,-0.04514426227295316,-0.4215572109521719,1.8269616440448202,-1.1908246417320052,-0.19880292100019134,-0.900843110763395,-0.43629915410425
Kerala,Kasaragod,558,588,32,1.760976227033855,-1.1037231222668784,-0.9498735624649489,1307375,273410,,0.10284094369966944,-0.5689622780786537,KERALA,KASARAGOD,KASARGOD,97.22222222222224,32.72222222222222,87.25565341546877,33.14454551424267,KASARAGOD,18.7,9.7,13.9,37.7,100.0,97.7,52.9,91.8,25.3,12.6,21.4,34.3,100.0,98.9,73.5,92.5,6.600000000000001,2.9000000000000004,7.499999999999998,-3.4000000000000057,0.0,1.2000000000000028,20.6,0.7000000000000028,-0.2786670775735853,-6.800002976994268,-0.38805065109287273,-4.6519963453225905,20.81136020142415,-10.791664162491838,-3.980141887034649,-11.88619149402069,2.5317859554087505,-1.0012506206596283,-0.04847065381438117,-0.6315127410692174,1.4487863173707558,-0.6688262838718155,-0.5062880719973397,-1.1032917324589013,0.2815171659118455
Kerala,Kollam,559,600,32,2.3468704972463215,-0.8788948971920981,-0.9004700959872375,2635375,669375,,0.10284094369966944,0.052831782916515926,KERALA,KOLLAM,KOLLAM,100.0,30.11111111111111,87.8069538096326,30.614687605091085,KOLLAM,14.4,18.8,14.2,18.1,99.5,98.1,58.8,87.3,15.5,21.4,17.0,32.5,100.0,97.5,80.1,85.4,1.0999999999999996,2.599999999999998,2.8000000000000007,14.399999999999999,0.5,-0.5999999999999943,21.299999999999997,-1.8999999999999915,-0.1347145487841199,-0.5129229370127146,-0.157544137544809,0.4579617228330126,4.069944468368053,-10.996690662795885,-1.4848743897316279,-10.45438205425481,4.611718313634796,-0.07552414473523446,-0.0196785325057787,0.06216872100122036,0.2833298641300209,-0.6815330462607162,-0.18888125430512018,-0.9703893206018342,0.5127913230044834
Kerala,Kottayam,560,597,32,2.695337346263327,-1.0549994847490096,-0.9520041198679609,1974551,487296,,0.10284094369966944,-0.3429410623328882,KERALA,KOTTAYAM,KOTTAYAM,99.99972222222222,36.916666666666664,92.5838648337082,37.40818065439363,KOTTAYAM,22.0,16.2,11.3,33.8,100.0,98.9,62.6,95.2,23.4,8.4,17.3,36.8,98.7,98.6,72.5,,1.3999999999999986,-7.799999999999999,6.0,3.0,-1.2999999999999972,-0.30000000000001137,9.899999999999999,,0.07055979093479982,-0.1140973698419323,11.29490985885495,-1.1913209303488763,17.16543242241965,,-1.8623822279458135,-8.494543721581863,-8.165812419495506,-0.016800001817111332,1.4108252726579555,-0.1617229013892484,1.194974445911138,,-0.23690158146881854,-0.7884745810923938,-0.9079821162579229
Kerala,Kozhikode,561,591,32,2.30664856120091,-1.1422261960830484,-1.1214378023591414,3086293,697710,,0.10284094369966944,-0.4482545148068377,KERALA,KOZHIKODE,KOZHIKODE,99.99972222222222,33.638888888888886,91.0670175389275,34.15208692790757,KOZHIKODE,18.0,13.5,18.5,39.7,100.0,99.4,51.8,70.0,21.3,14.1,18.9,32.1,100.0,99.6,73.8,88.8,3.3000000000000007,0.5999999999999996,0.3999999999999986,-7.600000000000001,0.0,0.19999999999998863,22.0,18.799999999999997,0.26843386980447353,-2.656847300507817,2.619292637039985,3.709862422951465,26.76890392850548,8.869474273912845,-2.1966362941323734,-9.65365312394,4.228236679361789,-0.39120130059224717,0.32717076054625005,0.5036172029806928,1.8635217192568259,0.5496962682674924,-0.27941987642662625,-0.8960646212899142,0.47015080569331497
Kerala,Malappuram,562,592,32,1.9932693728269666,-1.0929781491407649,-0.7986540611914381,4112920,793999,,0.10284094369966944,-0.412531038157345,KERALA,MALAPPURAM,MALAPPURAM,100.0,33.138888888888886,89.00153830550796,33.66611730530017,MALAPPURAM,26.3,22.3,17.3,54.6,99.6,98.7,45.7,70.6,29.4,18.2,21.4,47.2,100.0,99.9,59.0,80.3,3.099999999999998,-4.100000000000001,4.099999999999998,-7.399999999999999,0.4000000000000057,1.2000000000000028,13.299999999999997,9.700000000000003,0.012290722013635819,-3.0287553393916413,6.7478313822736755,-0.9738938648151989,25.32460105652654,-0.841605282432397,-2.4850120350668456,-10.954103944056778,-4.895124430925648,-0.44596203467141526,0.842858523769687,-0.13220697920331054,1.7629763335247013,-0.05215949320333339,-0.31610228676082025,-1.016774155460384,-0.5443041318860382
Kerala,Palakkad,563,593,32,1.780711481589441,-0.7342501189704022,0.08838083388724306,2809934,637220,,0.10284094369966944,-0.3861983407197549,KERALA,PALAKKAD,PALAKKAD,100.0,29.47222222222222,89.55107132795848,29.978013390629744,PALAKKAD,20.2,10.3,19.1,41.1,100.0,96.7,50.7,88.1,29.7,21.7,27.7,51.9,100.0,99.0,67.5,51.8,9.5,11.399999999999999,8.599999999999998,10.799999999999997,0.0,2.299999999999997,16.799999999999997,-36.3,-0.9888433106004311,-9.630740425543335,-9.715521001947536,-6.565798333141611,5.684754021044839,-47.43611404175478,-2.5795483930802723,-12.911716726451417,-2.851397901951426,-1.418055971609197,-1.2135468753511855,-0.8913131040696096,0.3957451009254333,-2.9399098598839934,-0.32812764459747956,-1.19848231650241,-0.3170558137150069
Kerala,Pathanamthitta,564,599,32,2.724160087195118,-0.810009616060652,-0.6309460124083717,1197412,322684,,0.10284094369966944,-0.6244397804498214,KERALA,PATHANAMTHITTA,PATHANAMTHITTA,99.99972222222222,35.111111111111114,91.05561317956304,35.61616452256092,PATHANAMTHITTA,13.3,14.4,11.4,18.4,100.0,97.4,57.7,78.0,22.7,11.4,11.2,44.2,99.1,98.9,60.1,,9.399999999999999,-3.0,-0.20000000000000107,25.800000000000004,-0.9000000000000057,1.5,2.3999999999999986,,-0.38727344119763973,-7.699063285462483,6.368874198348241,5.252926169493936,-5.620264104879595,,-1.054690474335814,-7.428074323725948,-16.826556070641576,-1.1336306644492764,0.795523717293286,0.7130895120471777,-0.39125562463727626,,-0.1341603445205999,-0.6894835064351538,-1.8709971776816354
Kerala,Thiruvananthapuram,565,601,32,2.2825470790308278,-0.912557526789394,-1.0463806217583684,3301427,837877,,0.10284094369966944,0.7140655827264233,KERALA,THIRUVANANTHAPURAM,THIRUVANANTHAPURAM,100.0,30.944444444444443,88.11614387289153,31.382369461880053,THIRUVANANTHAPURAM,19.5,13.1,21.6,20.5,100.0,96.8,52.4,81.9,19.5,17.4,15.2,33.0,99.5,95.4,72.2,72.8,0.0,4.299999999999999,-6.400000000000002,12.5,-0.5,-1.3999999999999915,19.800000000000004,-9.100000000000009,-0.080059583113921,0.027181784418218058,-2.425775643661299,8.596017183039862,5.199056518841125,-16.998172780028405,-2.977612695193103,-10.874407316741564,5.137828066045689,0.004002318618308411,-0.30299892842371284,1.1669171621335743,0.36193318816416464,-1.0534820730051646,-0.37876282639945863,-1.0093766110016762,0.5712911050025967
Kerala,Thrissur,566,594,32,2.439495225847098,-0.9754881331113591,-1.0594806590722534,3121200,759210,,0.10284094369966944,0.05917081114038594,KERALA,THRISSUR,THRISSUR,99.99916666666668,34.361111111111114,92.2838233017274,34.92263071872568,THRISSUR,20.8,15.3,14.0,39.4,100.0,99.5,67.5,88.3,22.0,9.6,17.3,48.7,100.0,99.5,76.3,,1.1999999999999993,-5.700000000000001,3.3000000000000007,9.300000000000004,0.0,0.0,8.799999999999997,,-0.03394699420883681,-0.5227365578218381,8.42378790679533,0.2873379587484508,9.62052377363748,,-1.8039479879192513,-9.022904738524078,-7.685847430701575,-0.07696912850352045,1.0521990010482587,0.03900638961699027,0.6697343698002136,,-0.22946854024532598,-0.8375177369290777,-0.8546133142493962
Kerala,Wayanad,567,590,32,1.7283832118919267,-0.4495080300447427,0.3622659443247034,817420,190894,,0.10284094369966944,-0.9484872736527988,KERALA,WAYANAD,WAYANAD,100.0,37.083333333333336,85.81504024956061,37.63542763506927,WAYANAD,27.7,23.9,27.2,45.6,99.6,95.3,33.2,72.8,31.3,16.1,22.5,39.4,100.0,97.6,55.7,86.4,3.6000000000000014,-7.799999999999997,-4.699999999999999,-6.200000000000003,0.4000000000000057,2.299999999999997,22.5,13.600000000000009,0.23297871878112067,-3.2168107331240505,9.438637089175687,7.193271096985583,22.70635810184953,0.8537069052925652,-2.173884583396644,-14.112701329431435,1.2131618520803862,-0.4736518136803347,1.1789618431010436,0.9764931032843137,1.580706912805682,0.052909505743059804,-0.2765257786557512,-1.309959267209863,0.13489524486081503
Ladakh,Kargil,6,4,1,-0.614417807477043,2.4159676142058424,-1.3425696797076516,140802,18338,0.2900344175158637,0.6048152179235597,-1.1315464032534586,LADAKH,KARGIL,KARGIL,88.88888888888889,35.44444444444444,61.289027209218226,35.97848120444822,KARGIL,39.6,6.8,20.3,87.6,85.7,16.5,43.8,81.9,36.5,17.7,21.8,87.9,93.7,42.3,58.1,87.5,-3.1000000000000014,10.899999999999999,1.5,0.30000000000001137,8.0,25.799999999999997,14.300000000000004,5.599999999999994,-0.4587530307373731,2.2842719463806715,-15.164260257075759,-5.005977386748774,9.024805933937484,-18.343355567054164,-9.81933739857584,0.1439285545268767,2.8025156887681995,0.33634230923233793,-1.8941383224118964,-0.6795659898604273,0.6282633728630717,-1.1368513838943786,-1.2490543153777411,0.01335963536799358,0.31162044818205503
Ladakh,Leh Ladakh,9,3,1,0.1360827618761047,1.7607498160246329,-1.3964756816312158,133487,21909,0.1116396841744278,-1.0513768039179574,-1.1513967618148298,LADAKH,LEH LADAKH,LEH (LADAKH),72.22222222222223,38.583333333333336,53.89685014079157,39.09112059998799,LEH LADAKH,20.6,12.4,16.8,95.8,96.9,16.7,87.7,82.0,24.3,17.2,19.0,95.5,96.4,42.4,93.5,88.9,3.6999999999999993,4.799999999999999,2.1999999999999993,-0.29999999999999716,-0.5,25.7,5.799999999999997,6.900000000000006,-0.5336713504096641,-2.37484824100715,-9.756138334097702,-4.020121622523476,6.65462343254795,-15.074633963814499,-12.403798747803,7.578709119271643,-7.284527519501415,-0.349679005042418,-1.2186203074919895,-0.5457351719169033,0.4632627220430564,-0.9342684559985289,-1.5778069053078276,0.7034656238046918,-0.8099893033673933
Madhya Pradesh,Alirajpur,639,465,23,-2.5027403058805886,2.672558935091387,-0.7794762589277523,728999,123800,0.4573135384519188,1.9615898332678496,-0.6094893904060809,MADHYA PRADESH,ALIRAJPUR,ALIRAJPUR,99.99305555555556,41.77777777777778,41.158271310702105,42.34182221961878,ALIRAJPUR,48.6,32.9,52.4,74.5,50.4,17.6,11.7,22.6,34.6,15.4,31.6,76.4,83.2,84.7,17.4,84.1,-14.0,-17.5,-20.799999999999997,1.9000000000000057,32.800000000000004,67.1,5.699999999999999,61.49999999999999,1.230910767757104,8.549280224741725,11.991282405142695,11.925648043003985,5.2251995709601005,34.577102005693796,6.491832019761063,27.90644180481617,-4.056587335078621,1.2588188799586986,1.4978078161014248,1.6189175841112893,0.3637531411051401,2.1429572208059686,0.825783906780309,2.5903121736754304,-0.45106458048142795
Madhya Pradesh,Anuppur,390,461,23,-0.4684255084671475,1.120187308735328,0.33062019925509734,749237,170715,0.3039488677744967,0.7241989454889792,-0.32691242029686624,MADHYA PRADESH,ANUPPUR,ANUPPUR,100.0,40.94444444444444,47.08688606345922,41.37001408034666,ANUPPUR,33.5,30.0,40.0,67.6,76.7,22.2,18.2,57.8,24.0,18.4,30.7,49.2,84.8,69.4,21.7,86.6,-9.5,-11.600000000000001,-9.3,-18.39999999999999,8.099999999999994,47.2,3.5,28.799999999999997,0.6244455927457814,6.702155859051903,8.581243414395562,4.918239629625649,28.121585593587625,9.802791986182658,-5.32143376436961,18.70157049291522,-12.186259473503842,0.9868433493832777,1.0718664629596473,0.6676555094165206,1.9576888793636984,0.6075397489179343,-0.6769051248149087,1.7359040630642888,-1.3550281463242067
Madhya Pradesh,Ashoknagar,391,459,23,-0.8530626042482233,-0.09355023313099618,0.6316109137806916,845071,172680,0.2935260813139524,0.6348937154618964,-0.3262952851932825,MADHYA PRADESH,ASHOKNAGAR,ASHOK NAGAR,99.96666666666668,51.666666666666664,35.490851628056504,52.17099487247043,ASHOKNAGAR,42.5,31.2,46.3,60.2,82.3,19.8,15.9,37.2,32.6,19.7,31.1,59.7,91.3,53.7,20.3,69.1,-9.899999999999999,-11.5,-15.199999999999996,-0.5,9.0,33.900000000000006,4.4,31.89999999999999,0.3926233013846804,5.289110489561427,9.486297870212175,10.270284775994185,9.536815582086685,13.97545998293366,-3.9821119377810312,2.9418619164836315,-13.611396319759455,0.7787827708792479,1.1849150587744008,1.394200512855258,0.663907010060299,0.8661458348817345,-0.5065386693937219,0.2730674440273695,-1.5134935510071443
Madhya Pradesh,Balaghat,392,457,23,0.45164294320275433,-0.12165403077679257,1.1573636850628732,1701698,391836,0.3289868909217637,0.9358473289259324,-0.836907678065751,MADHYA PRADESH,BALAGHAT,BALAGHAT,99.99944444444444,38.138888888888886,53.00616946415184,38.56402759431803,BALAGHAT,32.1,32.4,41.5,69.2,83.7,28.4,16.4,64.6,41.9,20.5,44.9,56.8,95.1,79.6,31.1,75.8,9.799999999999997,-11.899999999999999,3.3999999999999986,-12.400000000000006,11.399999999999991,51.199999999999996,14.700000000000003,11.200000000000003,0.3491589023284727,-12.242582557339569,12.476475586292022,-4.446112829303304,27.026961264875773,-4.14453126352838,3.7599173552918046,24.74964304752957,-6.827217457364238,-1.80263059082236,1.5584123548397424,-0.6035638662441036,1.8814864238418167,-0.256862278295379,0.47827473560202055,2.2972940129211734,-0.7591395732151288
Madhya Pradesh,Barwani,393,441,23,-1.6769271786203728,1.920893281709945,0.9907729068540049,1385881,243277,0.4107623646238685,1.6003295425550768,-0.6463720271671991,MADHYA PRADESH,BARWANI,BARWANI,99.94194444444445,40.166666666666664,43.117462798446894,40.6518647488906,BARWANI,52.0,28.3,55.0,82.0,50.7,21.3,22.0,41.8,45.8,18.9,41.0,78.2,85.1,61.0,40.5,76.1,-6.200000000000003,-9.400000000000002,-14.0,-3.799999999999997,34.39999999999999,39.7,18.5,34.3,0.710971488740831,1.4302285171956326,5.197332632903272,6.73664291955245,12.114445971663724,11.187351589580096,15.4245124342189,1.4810836630183957,2.493499615572638,0.21059067111764798,0.6491887337340115,0.9145054122857641,0.8433491802747528,0.6933494850620509,1.962052329656482,0.1374761092575493,0.2772599885383894
Madhya Pradesh,Betul,394,447,23,-0.18234800320499042,0.8829671779388224,0.8663365987821178,1575362,329832,0.3134092546107226,0.8046422174958313,-0.7817145375768991,MADHYA PRADESH,BETUL,BETUL,100.0,34.666666666666664,45.752014327648574,35.280664126047434,BETUL,34.7,34.1,45.0,61.5,76.0,30.7,28.0,69.1,30.8,21.7,31.4,57.8,87.6,59.8,36.0,80.9,-3.900000000000002,-12.400000000000002,-13.600000000000001,-3.700000000000003,11.599999999999994,29.099999999999998,8.0,11.800000000000011,0.30874536679637704,1.4902781038231008,10.51323301395407,10.516020737760778,15.037115659812741,-6.767516228815843,0.28299447184063276,0.41161452531964926,-10.718356368476925,0.21943253281749137,1.3131875348080055,1.4275593934894903,1.0468113189049222,-0.4194249063173186,0.03599789394464165,0.03820659485198546,-1.1918074281282014
Madhya Pradesh,Bhind,395,420,23,-0.09448930652959163,-0.4559304992123324,0.20473874170767017,1703005,299233,0.186195670954083,-0.32900933973860724,0.11811234883063429,MADHYA PRADESH,BHIND,BHIND,100.0,46.80555555555556,33.0528521100656,47.36224136037334,BHIND,47.6,30.6,49.8,71.8,85.6,30.6,18.3,51.0,32.2,12.4,29.0,75.6,93.5,79.9,31.0,70.7,-15.399999999999999,-18.200000000000003,-20.799999999999997,3.799999999999997,7.900000000000006,49.300000000000004,12.7,19.700000000000003,1.055766172532001,12.370107406004873,15.869655635474079,17.127565754967836,4.265130393050255,4.431881064330787,-1.143541994814159,25.51731457801591,-4.292401150816563,1.8214076905247634,1.982247890305461,2.325082651588573,0.2969177648864348,0.274671125619405,-0.14546257099236232,2.368550281445512,-0.4772854531217794
Madhya Pradesh,Bhopal,396,444,23,0.8252918750186762,-0.6500439964307969,-0.9258176911401459,2371061,501805,0.2280510197046945,0.056873021413617136,1.2444807103977484,MADHYA PRADESH,BHOPAL,BHOPAL,100.0,45.611111111111114,32.047270386899555,46.18187983497827,BHOPAL,47.6,21.0,39.5,77.3,91.7,61.8,74.9,62.3,19.9,20.6,29.1,68.5,98.3,79.6,83.6,,-27.700000000000003,-0.3999999999999986,-10.399999999999999,-8.799999999999997,6.599999999999994,17.799999999999997,8.699999999999989,,0.8148422409198675,25.161756165674177,-0.5711027171329606,8.015182342925158,20.8125660066893,,-1.3508805029683764,1.0451519104843356,-3.523306286793918,3.704884257110045,-0.07133533217028176,1.0880683035444771,1.4488702597057428,,-0.17183675978350918,0.09701235779190166,-0.3917673997593041
Madhya Pradesh,Burhanpur,397,467,23,-0.610971087399838,0.27715802134098666,1.5114009488941564,757847,146341,0.3814201958727851,1.3664423300989221,-0.7724191951343177,MADHYA PRADESH,BURHANPUR,BURHANPUR,99.87972222222224,39.361111111111114,43.54485130954264,39.807743585155144,BURHANPUR,50.0,20.1,46.1,80.2,76.2,40.0,45.1,43.3,38.7,27.9,47.2,77.9,90.7,74.0,68.2,91.7,-11.299999999999997,7.799999999999997,1.1000000000000014,-2.299999999999997,14.5,34.0,23.1,48.400000000000006,0.3427850949025836,6.940566368150115,-8.626547576550527,-5.066036510050107,14.480467192727854,30.353828995047753,2.409536776380838,0.4471694540684936,2.2329998527873016,1.0219475502217128,-1.0775253179415407,-0.6877190705524132,1.0080601428696911,1.8812148286266415,0.30650156792008837,0.04150684951778808,0.24829420855870063
Madhya Pradesh,Chhatarpur,398,425,23,-0.8254201834306628,-0.24203874680235418,0.1781707102143203,1762375,356297,0.2989665625869656,0.6815986227828971,-0.2462647333414846,MADHYA PRADESH,CHHATARPUR,CHHATARPUR,99.95944444444444,45.138888888888886,33.89564213965084,45.58260467137618,CHHATARPUR,42.7,18.9,41.3,66.2,81.2,14.5,13.5,41.1,45.1,17.5,34.6,87.2,85.2,55.5,30.1,72.9,2.3999999999999986,-1.3999999999999986,-6.699999999999996,21.0,4.0,41.0,16.6,31.800000000000004,-0.11866680805909353,-7.116307107864524,-0.282171280263938,1.9882604835116382,-11.442904431527905,14.144149184264446,-9.554139451164612,11.144753813078335,-0.31768379137936265,-1.0478240866452324,-0.03524546706342394,0.2699081716099182,-0.7965997037639251,0.8766005497391065,-1.2153202020462903,1.034470523922197,-0.035324250225098205
Madhya Pradesh,Chhindwara,399,455,23,-0.01874709322548088,0.6813671633180017,0.9493478719473685,2090922,443361,0.310959405313441,0.7838664659491961,-0.7579055184970457,MADHYA PRADESH,CHHINDWARA,CHHINDWARA,99.99833333333332,41.861111111111114,47.13586446426007,42.400010811290414,CHHINDWARA,33.6,30.5,41.4,65.7,86.1,34.0,25.0,64.3,23.9,18.1,32.8,50.5,92.2,77.1,43.6,65.3,-9.700000000000003,-12.399999999999999,-8.600000000000001,-15.200000000000003,6.1000000000000085,43.099999999999994,18.6,1.0,0.6115489519783779,7.359329489404047,10.94726395412585,5.938568863172753,27.097739638195964,-16.77084599610094,-4.233069455586676,15.113347596392742,-0.6851414998057521,1.0836073519134755,1.367401497306323,0.8061661322200523,1.8864136721254265,-1.0393932238870478,-0.538461349903416,1.4028405533652846,-0.07618301731307558
Madhya Pradesh,Damoh,400,428,23,-0.4008363783611537,0.0011879393256855587,1.0943393775760397,1264219,297608,0.3147167226540825,0.8157142417837504,-0.4101351085538899,MADHYA PRADESH,DAMOH,DAMOH,99.85944444444443,44.333333333333336,34.9780416962539,44.815029248931495,DAMOH,43.2,21.0,38.0,75.7,69.9,22.2,13.3,55.9,40.3,16.2,32.3,76.3,85.0,40.6,28.1,60.8,-2.9000000000000057,-4.800000000000001,-5.700000000000003,0.5999999999999943,15.099999999999994,18.400000000000002,14.8,4.899999999999999,-0.07035295531880817,-1.0428668759365758,3.531987803774329,1.8408136421667232,10.336119971356135,-11.925351502643334,4.203177317176795,-11.738858573521494,-4.729075901428693,-0.15355450730382006,0.4411737427349116,0.2498921285979007,0.7195507186588711,-0.7390879116772315,0.5346589645732056,-1.08961609941971,-0.525840678714593
Madhya Pradesh,Datia,401,422,23,-0.31575595021221103,-0.23334156285355953,0.14539498065718454,786754,160215,0.2016395766510626,-0.1850628998090554,0.0679190712370966,MADHYA PRADESH,DATIA,DATIA,100.0,46.97222222222222,28.17683243290619,47.48637036840498,DATIA,48.9,26.2,46.9,73.2,84.5,33.5,21.7,53.2,36.8,16.4,29.4,72.8,89.4,66.8,31.2,79.6,-12.100000000000001,-9.8,-17.5,-0.4000000000000057,4.900000000000006,33.3,9.5,26.39999999999999,0.5604105010455598,8.826726515619434,7.143726116696154,13.320966765964775,8.16133756350548,10.179622034318285,-5.51153460619903,8.18511295216997,-6.967539846930862,1.29967081368297,0.8923089668112985,1.8083333716555214,0.5681528779960083,0.6308942415106312,-0.7010866217128986,0.759752815181734,-0.7747424567607862
Madhya Pradesh,Dewas,402,437,23,-0.46013291326385125,0.15579597982343954,0.8701373686806209,1563715,308871,0.2576951536068979,0.32229975759414436,-0.23368491848081993,MADHYA PRADESH,DEWAS,DEWAS,99.99611111111112,48.361111111111114,30.393236426007523,48.868458810858755,DEWAS,42.0,25.7,44.7,65.8,92.4,47.0,37.8,60.3,36.8,20.4,30.7,79.4,92.2,69.6,51.0,87.1,-5.200000000000003,-5.300000000000001,-14.000000000000004,13.600000000000009,-0.20000000000000284,22.599999999999994,13.200000000000003,26.799999999999997,-0.048709290788931214,1.670498423810225,2.839814789685853,9.59634580279456,-4.841871345863222,9.596675279583916,-11.104436367055733,-6.155324344795908,-5.098341974851547,0.2459686546181829,0.3547157547092461,1.3027126833975682,-0.3370676826724727,0.5947654196909856,-1.4125234321941265,-0.5713452003219517,-0.5669005235388818
Madhya Pradesh,Dhar,403,438,23,-1.1507248534317827,1.3344744335041479,0.9053735953821306,2185793,425914,0.2934253001732585,0.6340266875212105,-0.22466288627484207,MADHYA PRADESH,DHAR,DHAR,99.72777777777776,45.72222222222222,43.57440318336952,46.20846752076251,DHAR,42.6,31.4,47.9,75.3,78.0,35.5,34.6,65.6,28.8,29.5,35.9,65.0,95.5,61.9,44.8,75.4,-13.8,-1.8999999999999986,-12.0,-10.299999999999997,17.5,26.4,10.199999999999996,9.800000000000011,0.1773564592502838,9.949573492666302,-2.655945575815233,5.414485875696343,16.932129524251753,-10.752989572531636,2.3948956966677137,-6.606308774722784,-5.87409724426546,1.4650018049306979,-0.3317490080035119,0.7350213893180625,1.1787330256773247,-0.6664293799380133,0.30463917099296783,-0.6132061608538693,-0.6531591681213883
Madhya Pradesh,Dindori,404,453,23,-0.8802735115933579,1.679113608200649,1.1930740589952837,704524,169630,0.374649029973877,1.3117638672925724,-0.7370133813006108,MADHYA PRADESH,DINDORI,DINDORI,99.99527777777776,49.80555555555556,45.825871450938216,50.21837563998732,DINDORI,45.8,27.4,46.6,66.5,55.8,6.9,4.0,49.4,38.9,15.8,33.6,78.1,77.6,47.9,12.1,80.3,-6.899999999999999,-11.599999999999998,-13.0,11.599999999999994,21.799999999999997,41.0,8.1,30.9,0.4468779703101559,3.5307273016874126,8.377835248174978,7.782371398118954,-1.5566182889603901,9.881142542854455,6.8266502981876656,6.955027614950879,-9.584704622412856,0.5198737286078392,1.0464591436312836,1.0564640057351493,-0.10836424224979611,0.6123956183064778,0.868373971523043,0.645574696525691,-1.0657531595984404
Madhya Pradesh,Guna,406,458,23,-0.9962684395510668,-0.07512675696333815,0.08848636555951754,1241519,244401,0.3071075459135364,0.7511224395938868,-0.2275216141367449,MADHYA PRADESH,GUNA,GUNA,100.0,50.52777777777778,35.36088593210313,51.07594320351777,GUNA,43.4,33.0,51.2,67.4,90.1,27.9,23.2,65.1,31.9,10.1,25.1,75.1,98.0,55.6,34.5,78.8,-11.5,-22.9,-26.1,7.699999999999989,7.900000000000006,27.700000000000003,11.3,13.700000000000003,0.568786851447225,6.597741378906286,20.86612741797022,20.91900731785761,1.4394841903528643,-4.606130156525136,-6.71821590483156,-2.961389851044263,-4.969505339834587,0.9714690821358445,2.606347484986292,2.839774297120862,0.10020993240566922,-0.28547042135781814,-0.8545807346212888,-0.27488005227649465,-0.552574776815266
Madhya Pradesh,Gwalior,407,421,23,0.3059974153133808,-0.432554866044641,-0.6742523450082484,2032036,383845,0.1634945861461406,-0.5440356477653528,0.4769432960967905,MADHYA PRADESH,GWALIOR,GWALIOR,99.91222222222224,51.30555555555556,29.263049865369105,51.8274377748751,GWALIOR,42.8,28.0,48.5,68.6,88.0,56.2,57.3,52.5,40.1,12.4,33.0,78.4,94.8,83.2,69.8,80.5,-2.6999999999999957,-15.6,-15.5,9.800000000000011,6.799999999999997,27.0,12.5,28.0,0.565113371976461,0.4937395364171908,13.27659443345536,12.568847457319876,-1.1778771032455104,13.881697887149949,-1.9226675318302267,7.910049722720338,-1.6580739038163639,0.07269952953762154,1.658353647405527,1.7062324904519082,-0.08199811133006196,0.8603348169379947,-0.24457008453722373,0.7342210889675057,-0.18436640162158283
Madhya Pradesh,Harda,408,448,23,-0.08973674737141624,0.5187984274309829,0.9237180679920904,570465,113379,0.2771462048385124,0.4930820771030749,-0.4908531476455099,MADHYA PRADESH,HARDA,HARDA,99.98888888888888,38.361111111111114,41.516547133901256,38.91316150057508,HARDA,39.7,25.2,40.6,65.7,79.7,51.4,30.9,48.6,38.8,28.0,34.7,85.6,88.4,68.8,57.6,90.8,-0.9000000000000057,2.8000000000000007,-5.899999999999999,19.89999999999999,8.700000000000003,17.4,26.700000000000003,42.199999999999996,0.022748189018132053,-1.635408307836768,-4.801009620719648,2.6604557331041265,-9.4017039782886,24.90832087497292,-1.3479775349500738,-10.10496738066508,7.927782586708219,-0.24080189211582712,-0.5996847953483299,0.3611592889996981,-0.6545011931888344,1.5437229548151725,-0.17146749202301953,-0.9379561967736255,0.8815148377798222
Madhya Pradesh,Indore,410,439,23,0.7773727951857584,-0.41520695046090317,-0.6482657911219804,3276697,649540,0.1659389724615312,-0.5206816214375197,1.2138678765677033,MADHYA PRADESH,INDORE,INDORE,99.87222222222222,47.861111111111114,32.23726818425839,48.37343969575248,INDORE,39.2,17.8,30.6,71.2,94.7,74.2,84.9,57.8,28.7,21.2,24.9,78.8,96.5,90.0,86.9,84.6,-10.500000000000004,3.3999999999999986,-5.700000000000003,7.599999999999994,1.7999999999999972,15.799999999999997,2.0,26.799999999999997,0.01442984854044968,8.590332179188138,-5.708036341424315,2.837001642679823,1.8665512140557574,15.362546184497884,-5.225145437631385,-0.5766235733700675,-10.661119481966034,1.2648634794989961,-0.7129797429430637,0.38512555702843515,0.1299402746107243,0.9521121599668413,-0.6646569103834211,-0.053522949008531,-1.1854430804463838
Madhya Pradesh,Jabalpur,411,451,23,0.8421515640857148,-0.14468715867674484,-0.11081416337797016,2463289,539060,0.2878613376770309,0.5860543673597726,0.5186923053346626,MADHYA PRADESH,JABALPUR,JABALPUR,100.0,34.52777777777778,39.87892580466174,35.10955691584744,JABALPUR,36.2,30.7,42.7,59.4,88.3,47.5,48.5,67.5,18.0,26.4,31.3,37.8,94.7,61.9,28.5,,-18.200000000000003,-4.300000000000001,-11.400000000000002,-21.6,6.400000000000006,14.399999999999999,-20.0,,0.2883453366525061,16.042077182906525,3.950832361553821,9.734055602355884,35.49227029358361,,-1.4155828660219694,-5.666902615422035,-35.28350339478467,2.3620783388472275,0.49349080367783604,1.3214069141186446,2.470800326172322,,-0.18006712834167168,-0.5260092610311747,-3.9232826368756415
Madhya Pradesh,Jhabua,412,464,23,-2.282398233635846,2.496288522935507,-0.5563856640646873,1025048,194157,0.3746373699530247,1.3116694782820304,-0.27203188587922816,MADHYA PRADESH,JHABUA,JHABUA,99.9925,41.861111111111114,45.86885501084073,42.49935853457162,JHABUA,45.6,24.4,43.6,72.4,74.2,13.0,9.1,25.0,49.3,17.9,41.7,80.1,92.9,57.6,17.5,88.9,3.6999999999999957,-6.5,-1.8999999999999986,7.699999999999989,18.700000000000003,44.6,8.4,63.900000000000006,-0.01937043813533812,-8.638142827861861,0.1750872421045706,-7.143582075250153,-2.510116117143972,38.278398850567584,-5.266141751335702,7.63541992305575,-1.543687884980157,-1.2719032472491956,0.021869807653883522,-0.9697477733253296,-0.17474215285943387,2.37234951628413,-0.6698717859364686,0.708729594268871,-0.17164746391916197
Madhya Pradesh,Katni,413,450,23,-0.21612134831940508,0.17928054013752973,0.3832518918457222,1292042,289551,0.3238560085213972,0.8928022844919496,-0.18542420063103765,MADHYA PRADESH,KATNI,KATNI,100.0,39.72222222222222,48.372498431359695,40.235282235476205,KATNI,45.5,23.8,43.1,65.5,78.4,23.2,18.8,46.7,49.5,21.8,44.0,78.7,91.8,53.5,29.5,86.0,4.0,-2.0,0.8999999999999986,13.200000000000003,13.399999999999991,30.3,10.7,39.3,-0.06708207493501112,-7.5385092731832914,0.7832279649957989,-4.401077408164174,-1.4236832364619332,22.803363621235786,1.7009534095306869,2.665494323933366,-6.3401878532060785,-1.1099902623806597,0.09783148525105234,-0.5974502668047201,-0.0991099463606909,1.4132657133250937,0.2163672669745443,0.24741464513601188,-0.7049852346207205
Madhya Pradesh,Khandwa (East Nimar),405,466,23,-0.6480845821497092,0.6402922544558975,1.6658356953730389,1310061,266655,0.3237984037429638,0.8923180683055341,-0.6271945363418799,MADHYA PRADESH,KHANDWA (EAST NIMAR),KHANDWA,99.9986111111111,37.72222222222222,41.582357469064874,38.28237223319503,KHANDWA (EAST NIMAR),43.6,21.5,46.8,77.0,81.8,34.1,28.0,58.7,38.4,20.7,35.3,86.8,93.2,76.7,48.3,87.9,-5.200000000000003,-0.8000000000000007,-11.5,9.799999999999997,11.400000000000006,42.6,20.299999999999997,29.200000000000003,0.3089903534558953,1.425196991333089,-1.491633210309756,6.84678372777706,0.018302337490380793,10.63234009887356,-0.22950482899303815,9.634742254850671,-0.05763556103800482,0.20984981579599876,-0.1863170097803919,0.929457127322135,0.0012741202821596163,0.6589519846166981,-0.029193822904523277,0.8943092898592903,-0.00640867754420363
Madhya Pradesh,Khargone (West Nimar),414,440,23,-0.8455364962386945,0.7803297945660378,1.6024764391743338,1873046,367988,0.3597543647668195,1.1905326274219414,-0.5530651088301394,MADHYA PRADESH,KHARGONE (WEST NIMAR),KHARGONE,100.0,42.19444444444444,37.94251089971719,42.648557345106006,KHARGONE (WEST NIMAR),48.3,21.2,44.7,76.9,74.3,33.2,31.7,64.2,31.4,27.4,44.0,71.5,92.8,73.8,61.6,77.4,-16.9,6.199999999999999,-0.7000000000000028,-5.400000000000006,18.5,40.599999999999994,29.900000000000002,13.200000000000003,0.41327353616081175,12.621581041878294,-8.52756466984035,-4.495914585046514,15.497362365021166,-5.798303735761802,5.424527202385082,6.1661127585085325,10.264833146881902,1.8584353410786887,-1.065161555141045,-0.6103244999473258,1.0788514701813057,-0.3593568037289786,0.6900189733785632,0.5723465948949293,1.1413787685703565
Madhya Pradesh,Mandla,415,454,23,-0.5326006321392263,1.328608942838286,1.510510886528548,1054905,250146,0.3299892560888336,0.944237168092846,-0.7563428119149244,MADHYA PRADESH,MANDLA,MANDLA,100.0,41.52777777777778,48.449476584197186,42.06237291787355,MANDLA,36.9,33.5,49.8,69.7,59.2,15.1,14.7,55.1,32.1,15.9,33.0,70.2,87.6,58.4,22.3,88.9,-4.799999999999997,-17.6,-16.799999999999997,0.5,28.39999999999999,43.3,7.600000000000001,33.800000000000004,0.8907956498120526,1.9613936044905227,14.70961532175161,12.38759807921506,9.500889387166605,14.113614334929544,16.17070203895997,11.095840720041025,-11.731190502088637,0.2888008388375764,1.8373495057806253,1.681627722286269,0.6614060019987573,0.8747081159585752,2.056970276566731,1.0299303470973322,-1.3044276100294454
Madhya Pradesh,Mandsaur,416,433,23,-0.37571920481019744,-0.5147274057157519,0.7444013954705376,1340411,286808,0.1997185448211718,-0.20286699104426897,-0.2861219609193433,MADHYA PRADESH,MANDSAUR,MANDSAUR,99.97611111111112,49.666666666666664,34.377087912125624,50.25373131832768,MANDSAUR,34.0,21.9,31.2,66.1,88.2,28.3,29.1,43.5,30.9,13.1,22.9,65.4,99.4,65.4,45.6,75.1,-3.1000000000000014,-8.799999999999999,-8.3,-0.6999999999999886,11.200000000000003,37.10000000000001,16.5,31.599999999999994,0.4721074390285237,-0.40968601234266844,6.6262312962469245,4.375233293886885,8.509081886210826,15.224239369012455,1.8946851255725061,10.162770693148584,-2.7399413062070685,-0.060323263904655054,0.8276696929894727,0.5939419047519067,0.5923611571186959,0.9435404297830228,0.2410106238656789,0.9433215753142514,-0.304662607690184
Madhya Pradesh,Morena,417,419,23,-0.5631466584798028,-0.45864995286516086,-0.3332973451472935,1965970,362646,0.1959768257762595,-0.23762717163280855,-0.025579185932430807,MADHYA PRADESH,MORENA,MORENA,99.995,52.52777777777778,33.85712770909459,52.939674915016525,MORENA,47.7,29.5,52.2,67.3,93.5,36.9,23.5,60.6,40.0,10.1,29.6,74.7,94.8,62.7,32.6,69.7,-7.700000000000003,-19.4,-22.6,7.400000000000006,1.2999999999999972,25.800000000000004,9.100000000000001,9.100000000000001,0.33143409506524074,3.9888266816585443,16.810197828433857,18.227622605609653,-0.11628632058754551,-7.825794356914205,-10.509309650906102,0.5606289291775965,-6.584105036041198,0.587325506213182,2.099729190502691,2.474416371031255,-0.008095291635627826,-0.48501295808221095,-1.33682121698039,0.052038305360475004,-0.7321071458874484
Madhya Pradesh,Narmadapuram,409,449,23,0.20664218813186028,-0.009068348135059775,0.5485930952496882,1241350,257199,0.2513219821004953,0.2657676726865198,-0.3453342678896328,MADHYA PRADESH,NARMADAPURAM,NARMADAPURAM,99.99805555555557,36.166666666666664,32.93327404531341,36.68201194969946,NARMADAPURAM,37.2,29.6,40.7,67.3,88.8,46.4,34.4,49.5,34.8,19.5,27.2,78.8,91.8,68.5,47.3,73.5,-2.4000000000000057,-10.100000000000001,-13.500000000000004,11.5,3.0,22.1,12.899999999999999,24.0,0.19042153021293196,0.03297313887049835,8.817169281663148,11.103007759799297,-0.38686408101714065,8.267886672067881,-5.685385737647621,-2.480764175632533,-5.594531947483706,0.004855053133193673,1.1013355052250806,1.5072434163783555,-0.02693160763329116,0.5124121576700015,-0.7232010981948516,-0.23026775284012868,-0.6220734320349042
Madhya Pradesh,Narsimhapur,418,452,23,0.2677802053301256,-0.10617351097065303,1.7540832250350773,1091854,250286,0.3335214992823027,0.973751875813531,-0.2130171452105622,MADHYA PRADESH,NARSIMHAPUR,NARSINGHPUR,100.0,40.166666666666664,32.03591563161015,40.70697057429757,NARSIMHAPUR,37.9,21.9,35.3,69.3,85.7,40.7,21.4,54.2,32.0,19.6,28.1,73.4,91.4,77.0,36.7,82.7,-5.899999999999999,-2.299999999999997,-7.199999999999996,4.1000000000000085,5.700000000000003,36.3,15.300000000000004,28.5,0.32679609376115143,2.590021745865499,2.0436300429466163,4.537817449838705,9.14837390080317,14.289595854873303,-1.756278607281251,7.846258078054937,-5.986405647243444,0.38136172724383655,0.25526586299330073,0.6160128520093768,0.6368655775208949,0.885614780977228,-0.2234048270658691,0.7282998656560105,-0.6656470892455668
Madhya Pradesh,Neemuch,419,432,23,-0.4270232235553849,-0.4676353303057867,0.4065042376392351,826067,179746,0.1915304496209232,-0.27907522027853027,-0.4100945268560276,MADHYA PRADESH,NEEMUCH,NEEMUCH,99.86833333333334,42.72222222222222,30.71677655278857,43.17079054510439,NEEMUCH,36.3,24.6,39.2,68.8,86.7,32.0,34.7,47.0,33.0,13.1,27.7,77.2,97.5,68.9,52.4,88.7,-3.299999999999997,-11.500000000000002,-11.500000000000004,8.400000000000006,10.799999999999997,36.900000000000006,17.699999999999996,41.7,0.5816894626229783,-0.0346071096100089,9.232828533721584,7.7230490700092,-0.7872916072424978,24.663510265596116,0.8214111714094159,10.558070097858632,-0.9110056872775623,-0.005095643353905356,1.1532546958114847,1.0484109456615174,-0.054807436770793555,1.5285505247194537,0.1044863952324544,0.9800137794809027,-0.10129755979728815
Madhya Pradesh,Panna,420,426,23,-0.7663619688827973,0.20733051796976348,1.0526043747515978,1016520,228709,0.3141532197464309,0.8109436840373442,-0.5907039720854219,MADHYA PRADESH,PANNA,PANNA,100.0,40.72222222222222,38.237359105273526,41.2258325314982,PANNA,42.3,24.0,40.8,68.2,74.2,19.8,11.3,26.2,45.1,23.2,39.2,74.5,84.0,43.8,22.1,64.5,2.8000000000000043,-0.8000000000000007,-1.5999999999999943,6.299999999999997,9.799999999999997,23.999999999999996,10.8,38.3,-0.26740972800571094,-7.030730162922449,-1.092812193596663,-2.977619896320742,3.463502861221629,19.85892435198935,-2.7207224600373774,-7.995530298779702,-8.516629522738118,-1.0352235084502974,-0.13650105049632072,-0.4042146130399325,0.24111233033047877,1.2307805706368122,-0.34608548333899924,-0.7421555070609348,-0.9469905626264938
Madhya Pradesh,Raisen,421,446,23,-0.08360356020080743,-0.01126751972516798,0.9033494115576696,1331597,278895,0.3084236799793129,0.7623215196117861,-0.18253269306938286,MADHYA PRADESH,RAISEN,RAISEN,99.99583333333334,40.44444444444444,31.646507105931455,40.97264156078816,RAISEN,45.8,24.9,44.4,68.0,84.7,39.0,26.7,78.5,30.4,21.1,25.4,61.1,96.0,69.6,38.9,,-15.399999999999999,-3.799999999999997,-19.0,-6.899999999999999,11.299999999999997,30.599999999999994,12.2,,0.7447968392659347,11.916001493139575,2.7276854021088175,15.657334055734937,18.54236280884972,,1.3497399780497457,2.7528572434404914,-6.52215247082971,1.7545439216940972,0.3407098904944627,2.1254973592821926,1.2908296848058742,,0.17169168099523788,0.25552378479308124,-0.7252184472034038
Madhya Pradesh,Rajgarh,422,442,23,-1.0816869509378515,-0.4452789589315425,0.5951343685746522,1545814,345297,0.2988869151603408,0.6809162853675238,-0.2147100972448517,MADHYA PRADESH,RAJGARH,RAJGARH,99.92944444444444,44.861111111111114,38.99134014550492,45.30831381107227,RAJGARH,38.8,32.1,46.8,62.5,88.6,19.0,18.6,42.7,27.6,22.4,26.8,77.5,91.7,47.8,24.8,71.9,-11.199999999999996,-9.700000000000003,-19.999999999999996,15.0,3.1000000000000085,28.799999999999997,6.199999999999999,29.200000000000003,0.1398164581194411,5.748912979136971,7.86425538052997,14.529639091317406,-6.332394463702741,11.506860978947262,-10.514280413986647,-3.281915039363817,-11.807474850187344,0.8464853188966388,0.9823088789672537,1.9724117407207524,-0.44083069854218604,0.713151461322147,-1.3374535155586398,-0.30463161655978,-1.3129099042906573
Madhya Pradesh,Ratlam,423,434,23,-0.6113052551166208,0.40967519285195325,0.7265904563032235,1455069,296683,0.2642874549434678,0.38047497872818786,-0.10701226464730716,MADHYA PRADESH,RATLAM,RATLAM,99.99472222222222,42.27777777777778,37.397802214659315,42.77404031440423,RATLAM,46.1,21.7,41.9,75.9,86.2,33.7,32.9,45.2,29.0,16.2,28.6,74.0,95.2,69.4,53.1,93.0,-17.1,-5.5,-13.299999999999997,-1.9000000000000057,9.0,35.7,20.200000000000003,47.8,0.8167953993152212,13.450282232912437,2.492234769709335,8.294720801844598,10.107316618918688,30.04997583981658,-3.0631578935435186,6.448045701698021,3.073161153224035,1.9804555202861793,0.3113002088942093,1.1260159039556377,0.7036225350528207,1.8623831661883001,-0.38964447704677513,0.5985159768609899,0.34171436033040686
Madhya Pradesh,Rewa,424,430,23,-0.22521837133942468,-0.1426905317430819,1.206377054909749,2365106,526065,0.2678468933819344,0.41176004777446973,0.12401470663809668,MADHYA PRADESH,REWA,REWA,100.0,37.361111111111114,34.968553523386724,37.81361375959317,REWA,40.4,18.0,36.2,54.5,81.6,24.7,13.2,52.8,37.0,18.7,31.5,78.0,80.4,46.1,21.4,70.3,-3.3999999999999986,0.6999999999999993,-4.700000000000003,23.5,-1.1999999999999886,21.400000000000002,8.2,17.5,-0.5411786097285476,-0.4053947698857394,-2.6434867811482454,0.37858034969546583,-13.92438026744698,2.293122578721416,-10.528286172385638,-6.911048080179956,-10.638974297908028,-0.05969140989107045,-0.3301928041379926,0.05139262729462604,-0.9693480586609632,0.14211901238730376,-1.339235097376058,-0.6414924589869001,-1.1829806884573266
Madhya Pradesh,Sagar,425,427,23,0.13825762850343667,-0.09750804175396523,0.7620475095744484,2378458,517850,0.3096215000415224,0.7725040699619913,-0.18199503764921102,MADHYA PRADESH,SAGAR,SAGAR,100.0,38.80555555555556,29.007256139232553,39.31544243578003,SAGAR,41.0,16.9,30.5,67.4,77.4,26.7,17.6,52.7,42.7,15.2,35.8,83.3,86.9,68.8,32.7,75.9,1.7000000000000028,-1.6999999999999993,5.299999999999997,15.899999999999991,9.5,42.099999999999994,15.100000000000001,23.200000000000003,-0.038639442790961154,-4.87233514062495,1.084126854351063,-7.993067289922704,-3.3638572612074675,8.137314702365368,0.21647004072238474,15.676961642201288,-3.551352238620101,-0.7174156540985529,0.13541618162508368,-1.0850661649562745,-0.2341754852377282,0.5043198037976966,0.02753575190862724,1.4551559411285635,-0.3948859164951047
Madhya Pradesh,Satna,426,429,23,-0.14638871154236915,-0.016711159054147388,0.7082664127864293,2228935,478741,0.2956445140600386,0.6531031391864863,0.07814308838989902,MADHYA PRADESH,SATNA,SATNA,100.0,41.916666666666664,37.26603375055802,42.420203080936794,SATNA,41.2,26.6,39.6,70.3,80.4,30.2,22.1,52.4,49.4,16.8,31.2,81.8,85.5,55.4,35.2,76.3,8.199999999999996,-9.8,-8.400000000000002,11.5,5.099999999999994,25.2,13.100000000000001,23.9,-0.12096431891025548,-11.836958518742994,8.292709936164915,4.563595124669843,-0.6188836469624288,8.469098507991168,-5.252636746240569,-2.1397336406594754,-4.453330469271446,-1.7429054227932714,1.0358263060940687,0.61951219484686,-0.0430836884800218,0.524882501674899,-0.6681539017036973,-0.1986128556477786,-0.4951796852731025
Madhya Pradesh,Sehore,427,445,23,-0.4458474095993535,-0.03687894781929821,0.47236499623271744,1311332,257311,0.2730618963325982,0.4574381637502413,-0.2734238542895412,MADHYA PRADESH,SEHORE,SEHORE,99.91416666666666,43.19444444444444,33.52214106079014,43.70464702912506,SEHORE,33.6,27.0,39.9,65.4,88.3,47.1,24.9,60.0,21.9,20.3,27.6,82.4,94.7,75.2,33.7,60.3,-11.700000000000003,-6.699999999999999,-12.299999999999997,17.0,6.400000000000006,28.1,8.800000000000004,0.29999999999999716,-0.035343668564150776,7.990598974306071,4.847747933703941,8.283996477364429,-7.3141022424362365,-16.77521425514715,-5.116051320276629,-0.008204411015167778,-8.89454050596827,1.1765571588032686,0.6055227873273401,1.1245600671393863,-0.5091724495723853,-1.0396639519620579,-0.6507797542645116,-0.0007615440864538369,-0.9890116618977927
Madhya Pradesh,Seoni,428,456,23,0.03068477900973544,0.6482546276101578,1.4236230170268516,1379131,314767,0.3040981169218085,0.7254725615822907,-0.6607106755203757,MADHYA PRADESH,SEONI,SEONI,99.98833333333332,39.44444444444444,49.86215743250528,39.92344486006825,SEONI,34.7,32.4,43.8,60.8,85.8,24.4,18.0,57.1,23.5,21.1,31.1,71.8,94.8,56.2,29.0,88.8,-11.200000000000003,-11.299999999999997,-12.699999999999996,11.0,9.0,31.800000000000004,11.0,31.699999999999996,0.5009349848832322,8.80639122214879,9.702986204443658,9.820905525117556,0.5506789224226747,14.50713610283422,-0.24778468791639519,3.180219999119501,-9.312451873473485,1.296676590698412,1.211981178118794,1.3331968702393153,0.038335605186240816,0.8990970978326719,-0.031519085368366,0.29519215084108696,-1.0354805284822974
Madhya Pradesh,Shahdol,429,460,23,-0.5288034366820671,0.9103789927939172,0.937918763324142,1066063,251452,0.3263523801401697,0.913766153178797,-0.5109211675115325,MADHYA PRADESH,SHAHDOL,SHAHDOL,99.84333333333332,33.97222222222222,46.99620252740513,34.41088909980036,SHAHDOL,36.7,27.8,41.2,66.5,71.9,16.9,13.5,40.3,44.0,20.4,39.2,57.3,85.6,61.4,26.5,86.1,7.299999999999997,-7.400000000000002,-2.0,-9.200000000000003,13.699999999999989,44.5,13.0,45.8,0.3291665689448252,-10.566486119225335,4.948387404247816,-2.3501329174541805,19.484240657961625,26.995002926716708,0.9948616046328169,13.804571159208798,-4.921572063765531,-1.5558376696096898,0.6180934683017351,-0.31903268412296437,1.3563986686310903,1.6730475688205402,0.12654990148830927,1.28135822460519,-0.5472449265556092
Madhya Pradesh,Shajapur,430,436,23,-0.5777770173878533,-0.2988448468280212,0.8170660058441688,1512681,300025,0.2551694098037874,0.2999299396007921,-0.33758673745680645,MADHYA PRADESH,SHAJAPUR,SHAJAPUR,99.98972222222224,44.80555555555556,30.924251492329457,45.238993022729744,SHAJAPUR,48.1,30.0,48.6,77.5,96.1,34.8,25.5,71.7,27.8,23.4,27.6,76.1,98.1,74.5,37.7,90.0,-20.3,-6.600000000000001,-21.0,-1.4000000000000057,2.0,39.7,12.200000000000003,18.299999999999997,0.6378976256192646,16.22866022259853,4.685175301548346,16.681602834539937,10.210400997892425,1.2709890737129257,-8.925218873894373,10.44712499424314,-6.835814581367561,2.389551324510354,0.5852161553175393,2.2645427789427517,0.7107987713173581,0.07877106683579492,-1.135319288625881,0.9697157108659604,-0.7600955142097606
Madhya Pradesh,Sheopur,431,418,23,-1.487705671173177,0.29445037970334326,0.5779601576439267,687861,146043,0.2904446893293541,0.6083536708938894,-0.6858580201080381,MADHYA PRADESH,SHEOPUR,SHEOPUR,99.99666666666668,48.388888888888886,35.92797122663082,48.75434026626856,SHEOPUR,52.1,28.1,55.0,77.5,77.2,15.4,13.8,48.7,45.8,16.2,37.7,71.6,84.2,48.0,22.9,65.8,-6.300000000000004,-11.900000000000002,-17.299999999999997,-5.900000000000006,7.0,32.6,9.099999999999998,17.099999999999994,0.15356063742584497,1.262239904393665,8.765433338849517,11.16368525937072,12.84639818080139,-3.772779125395502,-8.77012394892978,-1.6102183003123542,-8.661980846641185,0.18585557858889923,1.0948732690020058,1.5154804422122437,0.8943041556009395,-0.23382249524384602,-1.1155906676958876,-0.1494625540133968,-0.9631526290441978
Madhya Pradesh,Shivpuri,432,423,23,-1.1722237291587327,-0.03504756099380135,0.12150911745399359,1726050,359969,0.2070796696026215,-0.13479821471442974,-0.4015198013687638,MADHYA PRADESH,SHIVPURI,SHIVPURI,99.9786111111111,46.97222222222222,33.91504606423633,47.46777751964432,SHIVPURI,48.6,25.8,49.6,62.7,86.9,22.6,19.7,63.1,39.2,18.4,36.1,70.5,94.5,55.5,32.7,63.1,-9.399999999999999,-7.400000000000002,-13.5,7.799999999999997,7.599999999999994,32.9,13.000000000000004,0.0,-0.0005235155823833382,5.1377843588382035,3.805102975026937,7.826317855431698,-2.312049403095134,-19.587828208439586,-6.294100454620146,3.103080197538649,-3.695142902139537,0.7565011067650917,0.4752880287951412,1.0624297773432367,-0.16095370546996887,-1.2139790631461913,-0.8006317549903647,0.2880319342678905,-0.4108744482239017
Madhya Pradesh,Sidhi,433,462,23,-0.8213194221960013,0.2999214806379933,1.79815204006059,1127033,238448,0.346838919299322,1.0843308520924657,-0.28479641229961367,MADHYA PRADESH,SIDHI,SIDHI,100.0,40.888888888888886,41.470239393758646,41.26693149851795,SIDHI,48.7,24.9,43.9,67.7,60.8,10.0,6.9,34.4,39.1,16.6,32.8,72.5,83.8,44.7,20.9,78.2,-9.600000000000001,-8.299999999999997,-11.100000000000001,4.799999999999997,23.0,34.7,13.999999999999998,43.800000000000004,0.6207973447907454,4.772038390902589,6.2534008065976865,5.674756898185507,5.03574721352701,26.21666600025516,10.973307461709318,0.32702660432826036,-6.199075482406245,0.7026476924889175,0.78110016000624,0.7703534176843965,0.3505643835906787,1.6248092075921745,1.3958433734034534,0.030355034161361125,-0.6892945106012577
Madhya Pradesh,Singrauli,638,463,23,-1.2340039628198396,0.5680537129119201,1.0774930110290255,1178273,243925,0.3404441180018907,1.0313698061501944,0.10507773199155561,MADHYA PRADESH,SINGRAULI,SINGRAULI,100.0,37.47222222222222,39.16899403098763,37.92937781953737,SINGRAULI,33.0,34.0,37.5,61.8,43.5,15.8,17.4,42.2,37.3,25.2,36.0,56.6,69.9,52.6,31.7,76.9,4.299999999999997,-8.8,-1.5,-5.199999999999996,26.400000000000006,36.8,14.3,34.7,0.2322464559806353,-9.646633497147679,5.539939841705965,-5.371039206920097,13.237478270772842,16.11712806202047,11.421421587704192,2.291996255754725,-2.432619929494212,-1.420396109968235,0.6919831353550832,-0.7291234644590284,0.9215292614019523,0.9988782736469315,1.4528450691529855,0.21274606934214554,-0.27049058662675163
Madhya Pradesh,Tikamgarh,434,424,23,-1.0497614901412782,-0.12886502537484218,0.40318601222565453,1445166,296116,0.2894601247885089,0.5998602505345275,-0.017560645824266287,MADHYA PRADESH,TIKAMGARH,TIKAMGARH,99.99833333333332,48.416666666666664,33.43274436951816,48.90866369058656,TIKAMGARH,49.7,19.2,43.3,67.1,80.5,13.9,14.6,34.4,27.5,19.7,34.9,67.5,89.8,56.6,32.1,79.0,-22.200000000000003,0.5,-8.399999999999999,0.4000000000000057,9.299999999999997,42.7,17.5,44.6,0.6576674689497786,17.087065699941036,-3.000887960936578,2.624438372861392,7.704379076403704,26.762472617516618,-4.725622249684136,11.507811314859463,0.916672300940018,2.515945242259301,-0.37483509196712866,0.3562698995409475,0.536341636572481,1.6586362250047824,-0.6011158008145361,1.0681699927826642,0.1019276482197174
Madhya Pradesh,Ujjain,435,435,23,-0.20351256232058768,-0.1688231969510404,0.27392940276444067,1986864,391438,0.1996583288486597,-0.203425532389138,0.11716683194609748,MADHYA PRADESH,UJJAIN,UJJAIN,99.99888888888889,47.111111111111114,32.713147131533695,47.544667277759864,UJJAIN,35.8,19.2,31.3,69.1,88.8,51.9,46.5,56.8,34.7,29.8,36.2,81.6,97.1,72.8,60.7,93.7,-1.0999999999999943,10.600000000000001,4.900000000000002,12.5,8.299999999999997,20.9,14.200000000000003,36.900000000000006,-0.3760278933590948,-1.9611228144017203,-13.290945881259706,-8.961403676681597,-4.6074223946130175,21.008627479582543,-1.521352338736813,-3.8634261633078424,-2.445798145216674,-0.2887609669808436,-1.6601462589017337,-1.2165187114515073,-0.3207464797618636,1.3020347960098155,-0.19352137794805194,-0.35860823436061806,-0.27195591347795595
Madhya Pradesh,Umaria,436,431,23,-0.703200319056875,1.0254603113528424,0.6227459998141047,644758,145024,0.3609368216723881,1.200205337920193,-0.6906347136042433,MADHYA PRADESH,UMARIA,UMARIA,99.99888888888889,36.5,46.28531205773288,36.99576808004799,UMARIA,41.1,27.4,46.6,73.5,84.5,18.6,12.5,67.1,45.3,15.5,36.6,71.5,92.2,53.7,26.9,90.6,4.199999999999996,-11.899999999999999,-10.0,-2.0,7.700000000000003,35.1,14.399999999999999,23.5,0.14102776020446392,-7.72492356682706,9.716238460205739,5.6498103613109985,12.99020221519252,3.7031642364688295,-6.720456546690922,3.499665775036881,-2.8665786509507853,-1.1374384014244387,1.2136364916699875,0.7669669025815535,0.9043150974803811,0.22950802930403272,-0.8548657521606656,0.32484352266324373,-0.31874380847838285
Maharashtra,Ahilyanagar,466,522,27,0.6154800142991457,-0.5189099709729438,0.24826392463339952,4543159,930024,0.1629393158825166,-0.5493476200046263,0.03289277345698328,MAHARASHTRA,AHILYANAGAR,AHMEDNAGAR,99.99944444444444,25.27777777777778,48.05586442622302,25.810164186282833,AHMEDNAGAR,33.4,21.7,31.1,47.3,93.9,50.8,57.8,42.0,31.7,24.9,41.2,64.5,97.9,79.5,77.4,83.5,-1.6999999999999993,3.1999999999999993,10.100000000000001,17.200000000000003,4.0,28.700000000000003,19.60000000000001,41.5,-0.030632015416022507,0.06293275850070845,-4.785440378193021,-11.945358776450863,-7.519957996960565,27.800237709223545,-1.9149223950545178,8.86443075674984,1.6758049320134596,0.00926638763568731,-0.5977400714764979,-1.621593334129889,-0.5235031323158645,1.7229529568236468,-0.24358487584948754,0.8228079761121404,0.1863379698720844
Maharashtra,Akola,467,501,27,1.5363622683762619,-0.3121465628285373,1.9703435901550455,1813906,395690,0.2667394577943981,0.40203585630758765,-0.11799580711184328,MAHARASHTRA,AKOLA,AKOLA,99.995,21.36111111111111,36.10634028614676,21.87048339493432,AKOLA,41.2,22.7,39.3,53.2,92.0,46.5,43.1,50.8,31.8,29.4,30.8,77.5,97.7,69.5,75.5,69.5,-9.400000000000002,6.699999999999999,-8.499999999999996,24.299999999999997,5.700000000000003,23.0,32.4,18.700000000000003,0.4158205410646686,8.453185753284416,-6.008892730096345,8.666813826489667,-9.044804971897467,7.9316467218107185,4.413657674749116,1.8163032433307578,9.568792181303067,1.2446696730371571,-0.7505591306392249,1.1765278709658027,-0.6296556092318901,0.49157328490361485,0.5614328076805916,0.1685916260909287,1.063983805710369
Maharashtra,Amravati,468,503,27,1.5547307315348238,-0.04852685478153415,2.165055174218181,2888445,647451,0.2813453125217375,0.529609203768063,-0.2994394349513698,MAHARASHTRA,AMRAVATI,AMRAVATI,100.0,52.833333333333336,36.470005605400935,53.356377165137765,AMRAVATI,38.1,24.7,33.0,50.5,93.0,64.5,50.3,64.7,29.0,26.2,38.0,74.4,91.3,75.7,71.7,92.5,-9.100000000000001,1.5,5.0,23.900000000000006,-1.7000000000000028,11.200000000000003,21.400000000000006,27.799999999999997,-0.08223153963198808,8.41171110167093,-0.8340683798177584,-4.679260128965034,-8.2579639174341,16.444042428356315,-3.04771480091968,-10.706796402538508,-1.976563925318974,1.2385628344357422,-0.1041818628104626,-0.6352138245314324,-0.5748795377680896,1.0191391822045441,-0.387680061251532,-0.9938187482494957,-0.21978029908517865
Maharashtra,Beed,470,523,27,0.33293410288601866,-0.7903581393757494,0.5122119461654364,2585049,535835,0.2060014488224654,-0.14474259892095265,-0.2550562009886998,MAHARASHTRA,BEED,BEED,99.98388888888888,42.80555555555556,42.53702396519563,43.34436237510654,BEED,37.8,29.5,36.9,57.4,93.7,39.7,28.0,53.9,40.8,28.4,36.8,61.0,94.0,66.4,54.4,75.9,3.0,-1.1000000000000014,-0.10000000000000142,3.6000000000000014,0.29999999999999716,26.700000000000003,26.4,22.000000000000007,0.027868318706241957,-5.599206954310793,0.3626635529055058,-1.8742826417253795,7.022850217725278,7.769731892139594,-6.55426315613711,3.7792654582852663,6.916061833724136,-0.8244422035067169,0.04529960064354896,-0.2544355757726568,0.48889689121273067,0.4815384198260798,-0.8337253673024567,0.35079632841109415,0.7690184561383124
Maharashtra,Bhandara,471,506,27,1.140906272567079,-0.3789360766109778,1.6072433174007512,1200334,278076,0.2162253434246896,-0.05080353474864978,-0.4636152610892323,MAHARASHTRA,BHANDARA,BHANDARA,100.0,22.833333333333332,55.54596423652396,23.373797254639772,BHANDARA,40.5,16.2,32.5,43.0,98.7,67.3,47.7,81.1,31.3,28.4,33.9,72.8,100.0,81.8,71.4,87.0,-9.2,12.2,1.3999999999999986,29.799999999999997,1.2999999999999972,14.5,23.700000000000003,5.900000000000006,-0.3574571386465808,8.221770085697738,-12.308351780001068,-1.6681428844582529,-16.887158346699387,-6.852564150359875,-1.27778183575143,-7.09054326541964,1.0306548365643735,1.2105954113661803,-1.5374123364407666,-0.22645191596475578,-1.1756023496386936,-0.42469585289801554,-0.16253835175152417,-0.6581534352121902,0.11460172136711902
Maharashtra,Buldhana,472,500,27,0.9318593201165247,-0.42627204834540394,1.920568158234778,2586258,561504,0.2770175803318565,0.49196130562661156,-0.37619739852269196,MAHARASHTRA,BULDHANA,BULDHANA,99.9225,24.416666666666668,32.92261451706161,24.9314121857747,BULDHANA,43.9,21.1,41.3,43.1,82.6,45.7,33.1,64.2,45.0,31.7,47.2,79.4,93.9,68.9,69.2,85.9,1.1000000000000014,10.599999999999998,5.900000000000006,36.300000000000004,11.300000000000011,23.200000000000003,36.1,21.700000000000003,-0.1660171279942968,-3.0832198584258617,-10.182261742823211,-6.748792993769122,-22.294894894242375,9.117558555977949,7.672491986438153,-1.295193587986212,12.996224180694902,-0.4539815360850817,-1.2718465555819454,-0.9161547959273656,-1.5520628328650574,0.5650715881405209,0.9759680145782187,-0.12022155105592994,1.4450906448422665
Maharashtra,Chandrapur,473,509,27,0.8343081247157246,0.0382084073237964,1.1599611916019994,2204307,536686,0.2219568030071944,0.001513362257259295,-0.4057375315278176,MAHARASHTRA,CHANDRAPUR,CHANDRAPUR,100.0,26.13888888888889,47.466967395837415,26.548154843498953,CHANDRAPUR,32.2,31.3,40.3,58.8,91.7,53.9,47.2,60.5,37.3,38.5,46.6,76.6,99.6,77.3,85.1,95.0,5.099999999999994,7.199999999999999,6.300000000000004,17.799999999999997,7.8999999999999915,23.4,37.89999999999999,34.5,0.039491155876740236,-6.194213039850525,-8.191573276285219,-7.406520689411339,-5.885899592532024,20.269410201460413,2.928038773111873,1.181197448582175,17.339625998336484,-0.9120524905107744,-1.0231935221645339,-1.005441929690871,-0.4097478834898529,1.2562209217402052,0.3724568488378014,0.1096402813363587,1.9280470209555889
Maharashtra,Chhatrapati Sambhajinagar,469,515,27,0.4313605149044114,-0.6304892531949237,0.22746450822976652,3701282,751915,0.1732772930121175,-0.45086323329637745,-0.05515049668551596,MAHARASHTRA,CHHATRAPATI SAMBHAJINAGAR,CHATRAPATI SAMBHAJI NAGAR,99.98166666666668,31.305555555555557,41.25657428326524,31.791020883562737,CHHATRAPATI SAMBHAJINAGAR,38.6,20.8,36.0,38.3,93.5,45.3,54.6,59.3,34.2,26.4,42.9,64.5,94.8,69.1,78.4,56.7,-4.399999999999999,5.599999999999998,6.899999999999999,26.200000000000003,1.2999999999999972,23.799999999999997,23.800000000000004,-2.5999999999999943,-0.4672261561906339,2.316669075903158,-7.038302774906425,-8.980601271167327,-16.56631551493591,-16.718225080105633,-5.366908997793324,2.806692786806,5.674015109118599,0.341112549208956,-0.8791407417627024,-1.219124802388747,-1.1532668223023494,-1.0361319797295991,-0.6826897347376656,0.26052086985077,0.6309114123362665
Maharashtra,Dharashiv,488,525,27,0.5622084828720392,-0.64265597914919,1.1673170528181023,1657576,351281,0.2378276106545676,0.1451119271179458,-0.40793076619599483,MAHARASHTRA,DHARASHIV,DHARASHIV,99.86277777777778,35.97222222222222,41.562904963733686,36.46721155817998,DHARASHIV,43.3,21.9,44.5,36.7,88.2,27.3,31.8,62.7,37.2,16.1,32.5,67.4,98.1,71.2,69.7,89.3,-6.099999999999994,-5.799999999999997,-12.0,30.700000000000003,9.899999999999991,43.900000000000006,37.900000000000006,26.599999999999994,0.8051627249970341,3.7530306259407413,5.635991443287024,10.577596603376062,-18.571339183095372,12.845967567555723,4.4011042991141665,19.953862557493864,16.48950736176475,0.5526062644811881,0.7039807545201084,1.4359183733320942,-1.2928468799400608,0.7961441925526246,0.559835974068207,1.8521434389963136,1.8335196819657973
Maharashtra,Dhule,474,498,27,0.17566619643230255,0.23012817494146107,1.6220797788292618,2050862,408874,0.3075370139124561,0.7547780528571549,-0.444437835002117,MAHARASHTRA,DHULE,DHULE,99.98694444444445,25.27777777777778,38.73455698064735,25.83736988946621,DHULE,39.6,30.3,47.5,67.0,72.6,32.0,41.0,40.0,37.6,38.9,46.0,72.2,77.2,58.9,65.1,56.6,-2.0,8.599999999999998,-1.5,5.200000000000003,4.6000000000000085,26.9,24.099999999999994,16.6,-0.1431222669729792,-0.7633204467420014,-9.58436218603191,-1.2188251780890305,6.967968184548273,0.9804125834791382,-3.4110555721613487,-1.374995854007782,3.109226654874991,-0.11239334359827563,-1.1971640821693004,-0.16545662807175016,0.48507626930398623,0.06076224157795777,-0.43389828757889143,-0.12762890103656713,0.34572459578900705
Maharashtra,Gadchiroli,475,508,27,0.3129689147788052,0.7720843413577742,0.8420136160729964,1072942,250435,0.2744944254657204,0.46995290297854414,-0.9256068922186149,MAHARASHTRA,GADCHIROLI,GADCHIROLI,100.0,23.63888888888889,48.04626121649262,24.129811224889902,GADCHIROLI,32.5,45.8,42.1,58.3,87.7,32.6,22.4,82.0,35.7,30.0,35.4,76.6,97.3,62.4,60.5,97.9,3.200000000000003,-15.799999999999997,-6.700000000000003,18.299999999999997,9.599999999999994,29.799999999999997,38.1,15.900000000000006,0.4770494124111976,-4.474278009083702,14.319378470018128,5.010959477770379,-6.324245677589358,-1.760854301760471,0.7263035363409323,4.33390591788071,18.536032533009568,-0.6588046576972196,1.7886057778865554,0.680242313254463,-0.4402634194354873,-0.10913104979484638,0.09238836894150626,0.40227877624702946,2.0610791898875798
Maharashtra,Gondia,476,507,27,1.1966509796650904,-0.1382752593879535,0.9007192406650173,1322507,292369,0.2598146175911464,0.34103662868831686,-0.5976536198240489,MAHARASHTRA,GONDIA,GONDIA,100.0,26.083333333333332,54.485304939103614,26.6749850305386,GONDIA,34.7,29.7,40.1,57.0,93.3,55.4,23.8,74.4,36.9,23.7,35.6,78.0,99.1,74.3,68.0,88.2,2.1999999999999957,-6.0,-4.5,21.0,5.799999999999997,18.9,44.2,13.799999999999997,0.4044959206410068,-2.9721754343599507,6.48534896295921,4.870054200672966,-6.2208412003524405,0.37659660411606133,1.425756724348492,-1.7449093072629402,23.317452063362445,-0.43763105816721326,0.810072354121159,0.6611142935473162,-0.43306489947687976,0.02334002462058931,0.181361278968233,-0.1619647482174781,2.5927401197323277
Maharashtra,Hingoli,477,512,27,0.36555581933485454,-0.3381073714607277,1.223900467101273,1177345,228868,0.2988791142835082,0.6808494532105867,-0.27150092943600274,MAHARASHTRA,HINGOLI,HINGOLI,99.94333333333331,33.861111111111114,40.67636753632218,34.409381885587386,HINGOLI,39.6,24.2,36.9,51.5,84.6,40.3,25.6,65.9,37.4,25.8,38.9,72.5,94.0,69.0,53.1,76.9,-2.200000000000003,1.6000000000000014,2.0,21.0,9.400000000000006,28.700000000000003,27.5,11.0,-0.04481813420790756,-0.7662042124312425,-1.7254414119988182,-4.1040595072211,-7.988422781985385,-3.134403123983857,2.1207748403672255,2.5393055608645234,6.941314077878626,-0.11281795696917535,-0.21552153854774922,-0.5571298162179992,-0.5561153865916589,-0.19425837961642717,0.26977003221107554,0.23570164025189025,0.7718263318167833
Maharashtra,Jalgaon,478,499,27,0.5725041056642967,-0.40596652567545555,1.964493679943173,4229917,903643,0.2686993186152376,0.41923925600495204,-0.33699793104672193,MAHARASHTRA,JALGAON,JALGAON,99.99694444444444,25.27777777777778,36.01597027526513,25.78095838388872,JALGAON,36.4,32.5,36.4,60.2,84.2,42.1,52.9,43.2,36.3,30.5,36.9,85.2,86.5,59.7,79.5,61.3,-0.10000000000000142,-2.0,0.5,25.0,2.299999999999997,17.6,26.6,18.099999999999994,-0.2178936145715245,-2.445282663301299,1.7554160385617843,-2.3479234656824453,-12.497032520280897,4.673888397283411,-2.5080891535704692,-8.641784108270294,3.7579734202414414,-0.36004995771352866,0.21926561098586295,-0.3187327490325098,-0.8699830067753741,0.2896698193084661,-0.3190377775463406,-0.8021416250230857,0.41786076922431403
Maharashtra,Jalna,479,514,27,-0.22053986377035126,-0.7368858306605641,0.6936317751601929,1959046,391701,0.2104337035050524,-0.10392079993691442,-0.3332106603166474,MAHARASHTRA,JALNA,JALNA,99.44777777777776,28.055555555555557,44.92608666798213,28.546110235769472,JALNA,44.1,22.4,43.6,49.5,92.0,34.0,20.7,70.0,38.0,22.2,39.0,68.3,92.8,63.6,56.4,54.3,-6.100000000000001,-0.1999999999999993,-4.600000000000001,18.799999999999997,0.7999999999999972,29.6,35.7,-15.700000000000003,-0.1440458321587449,2.591926399686847,-1.2485614523738002,1.2837164866341442,-9.872030870849406,-31.42033048567945,-7.931261872152801,3.3203947353584056,16.034424403485158,0.38164217356528946,-0.15595538817819798,0.17426568231189296,-0.6872430783918483,-1.947312533112494,-1.0088844558126917,0.30820335192006915,1.7829175904280212
Maharashtra,Kolhapur,480,530,27,0.9523119513641407,-0.8375079514195041,-0.5077512488063635,3876001,840240,0.1282016970649682,-0.8868086263777342,-0.3646438411742732,MAHARASHTRA,KOLHAPUR,KOLHAPUR,99.99333333333334,18.194444444444443,42.95285590205393,18.77709955769798,KOLHAPUR,26.9,25.7,31.2,45.2,95.4,67.0,64.0,46.9,33.6,18.9,34.7,66.4,99.2,82.0,84.7,67.2,6.700000000000003,-6.800000000000001,3.5000000000000036,21.200000000000003,3.799999999999997,15.0,20.700000000000003,20.300000000000004,-0.13337012792260353,-7.35872393640142,6.038031840004605,-3.5758479837845374,-10.625380640911853,6.559276045572062,-1.2391043172386649,-0.9160753742657484,2.910264403376054,-1.0835181886701983,0.7541988403133222,-0.485424620799012,-0.7396876484966985,0.4065189720874709,-0.15761843511708015,-0.08503130605333278,0.3236013633547005
Maharashtra,Latur,481,524,27,0.4662666131425131,-0.47507339633810514,1.3097816542318719,2454196,481572,0.2222986044357937,0.004625575754683622,-0.2578074119548,MAHARASHTRA,LATUR,LATUR,99.9922222222222,36.111111111111114,43.436175874648775,36.545602743025334,LATUR,34.7,22.5,34.5,53.6,89.9,39.7,32.4,59.4,43.2,18.0,33.9,59.5,94.7,72.5,78.5,79.2,8.5,-4.5,-0.6000000000000014,5.899999999999999,4.799999999999997,32.8,46.1,19.800000000000004,0.35413667525903936,-10.850894648249993,3.5978281314752536,-1.4618296020703658,5.0502556535603595,5.859427489749441,-0.7880686743448173,8.440335516780994,25.018976380421257,-1.5977147418948408,0.4493977303046507,-0.19844469996365913,0.3515743910675217,0.3631450214329669,-0.10024511212408034,0.783442905116256,2.7819379081335
Maharashtra,Mumbai,482,519,27,1.8948024689096203,-1.0979878193374508,-1.4395661328301186,3085411,674339,0.0637714266777038,-1.5411764581455776,5.1181196425958255,MAHARASHTRA,MUMBAI,MUMBAI,99.9922222222222,26.13888888888889,41.44835380309009,26.6749850305386,MUMBAI,25.5,25.8,22.7,65.7,97.4,39.2,89.2,45.6,26.6,25.3,29.6,72.8,99.5,58.6,98.3,,1.1000000000000014,-0.5,6.900000000000002,7.099999999999994,2.0999999999999943,19.4,9.099999999999994,,-0.0941903534136274,-3.341141794575281,-4.129908879302158,-12.452566571859922,-0.6641641090259043,,-0.0757578671008785,14.950109250306586,6.3593536660164,-0.4919586516135646,-0.5158589040111793,-1.6904472543382545,-0.046235895411565836,,-0.009636667626869646,1.387688558064879,0.7071163410411633
Maharashtra,Nagpur,484,505,27,1.6651331325016536,-0.20309851383108682,-0.04210894293836186,4653570,1041544,0.1804468650502317,-0.38307081892007344,0.244978442804613,MAHARASHTRA,NAGPUR,NAGPUR,99.99888888888889,33.833333333333336,36.11117540537794,34.27833031143225,NAGPUR,33.9,25.6,33.6,44.7,97.2,71.1,75.7,76.5,27.6,34.0,33.9,70.5,100.0,88.9,96.0,89.4,-6.299999999999997,8.399999999999999,0.29999999999999716,25.799999999999997,2.799999999999997,17.80000000000001,20.299999999999997,12.900000000000006,-0.025523953388535442,6.521388362630403,-8.899409296214905,0.16934546062094302,-12.465615694210864,1.6509033224834688,-0.2699425134982274,3.7250967789628735,3.4017339115586758,0.9602266598613098,-1.1116079458557082,0.022988800524722863,-0.8677959191797078,0.10231670644885,-0.0343376388551205,0.3457683212412048,0.3782493887061654
Maharashtra,Nanded,485,511,27,0.17859987952029482,-0.2304185621085241,1.3883558742440694,3361292,665434,0.2448986332549392,0.20849840999032998,-0.18847640474997554,MAHARASHTRA,NANDED,NANDED,99.9247222222222,33.27777777777778,45.71703924346629,33.72665199027414,NANDED,40.4,20.1,34.4,53.6,84.3,43.8,32.4,51.1,36.0,19.0,35.2,76.1,94.8,68.0,64.5,75.7,-4.399999999999999,-1.1000000000000014,0.8000000000000043,22.499999999999993,10.5,24.200000000000003,32.1,24.6,0.12156751286635639,1.5535482884201985,-0.276173244930785,-3.756949109973112,-12.055173103819506,9.85610635132854,3.4017754281817494,-2.2021322181523786,11.586714721939561,0.22874860397384472,-0.0344962641091681,-0.5100092636319887,-0.839222889677075,0.6108439704152488,0.4327178205662468,-0.2044047726549838,1.2883628980487265
Maharashtra,Nandurbar,486,497,27,-0.5426941473508526,1.7614294947065166,2.2148370160977007,1648295,323521,0.4362535204531339,1.799604779192253,-0.4443939766437739,MAHARASHTRA,NANDURBAR,NANDURBAR,99.99166666666666,21.583333333333332,40.93736064484714,22.089355596525213,NANDURBAR,47.6,39.8,55.4,60.1,55.5,23.6,19.1,32.8,45.8,30.7,57.2,79.3,76.3,54.1,40.3,72.4,-1.8000000000000043,-9.099999999999998,1.8000000000000043,19.199999999999996,20.799999999999997,30.5,21.199999999999996,39.60000000000001,0.14133544512684953,-1.743727864985074,6.565006060508322,-6.912076851953117,-7.149025779802621,20.62942944319793,7.925740351864203,-5.021796796320778,1.6442381111252828,-0.2567511533428063,0.8200221676011454,-0.9383207284001653,-0.4976806240468638,1.278533544515343,1.0081820989769934,-0.4661297010279909,0.18282795673914098
Maharashtra,Nashik,487,516,27,0.8896534870114631,0.09279969799687414,0.31237878481855635,6107187,1222887,0.2608859448777229,0.35049558075027654,0.08783115911433301,MAHARASHTRA,NASHIK,NASHIK,99.90833333333332,24.86111111111111,36.8561915190982,25.34068769271572,NASHIK,43.5,32.0,42.9,52.9,85.3,52.8,65.7,62.3,42.2,27.2,44.8,67.3,90.5,68.3,72.5,70.4,-1.2999999999999972,-4.800000000000001,1.8999999999999986,14.399999999999999,5.200000000000003,15.5,6.799999999999997,8.100000000000009,-0.270354196420674,-0.12740157422633192,4.092761138740669,-3.167706421469448,-1.1788540572118098,-5.295933652609284,-1.590970588872242,-5.00692202337223,-10.323125107758848,-0.01875894844438924,0.5112188518229627,-0.43001903196594476,-0.08206612214364534,-0.32822181742991546,-0.20237706466407376,-0.46474900528330326,-1.1478604332570825
Maharashtra,Parbhani,489,513,27,-0.0034191475453979217,-0.7537695689782131,1.1919747646681278,1836086,361130,0.256613864401123,0.31272858095349865,-0.23787188693569727,MAHARASHTRA,PARBHANI,PARBHANI,99.98194444444444,31.555555555555557,37.38000829892056,32.06999271320919,PARBHANI,46.4,19.8,42.3,52.1,85.8,34.0,26.6,51.5,37.6,22.8,41.8,75.4,85.6,60.1,54.8,52.0,-8.799999999999997,3.0,-0.5,23.300000000000004,-0.20000000000000284,26.1,28.199999999999996,0.5,-0.2573373895472789,5.1133882903371415,-3.6388288966930036,-2.481640776047241,-12.480716798684817,-14.012452206097903,-7.923446309763744,-1.0509806851096215,7.397268367717363,0.7529089644070688,-0.45451905632587325,-0.3368849957086666,-0.8688471850905997,-0.8684384721227162,-1.0078902887387942,-0.09755339222313048,0.82252530942448
Maharashtra,Pune,490,521,27,1.3523497674137464,-0.7294910730324276,-0.7880565724541649,9429408,2151503,0.0791216101275116,-1.3817491934113786,0.8778703746007069,MAHARASHTRA,PUNE,PUNE,99.99555555555555,29.22222222222222,46.23515706217843,29.686185732433444,PUNE,22.4,23.4,25.6,53.4,93.5,63.5,81.4,81.0,30.7,31.4,32.7,58.7,98.0,79.6,89.5,58.1,8.3,8.0,7.100000000000001,5.300000000000004,4.5,16.099999999999994,8.099999999999994,-22.9,-0.6956153820999352,-8.51530581997807,-10.166577139982994,-8.113628764311638,3.5762397731221043,-33.63531656683764,1.050706124062721,4.6464554790375665,-6.017475851608051,-1.253816397758141,-1.2698874222771999,-1.1014324949159389,0.24896052928735732,-2.0845889426803357,0.13365352112706763,0.4312900324581956,-0.6691018820404869
Maharashtra,Raigad,491,520,27,1.0699059474707417,-0.7079097932635309,-0.5324911438044377,2634200,611790,0.1477186465946374,-0.6959518354394577,0.5179890969696952,MAHARASHTRA,RAIGAD,RAIGAD,100.0,23.833333333333332,43.439182174795626,24.370721395609586,RAIGAD,29.9,28.9,38.6,53.4,96.0,75.4,75.6,47.6,35.8,19.1,34.1,67.0,96.6,74.8,83.3,92.3,5.899999999999999,-9.799999999999997,-4.5,13.600000000000001,0.5999999999999943,-0.6000000000000085,7.700000000000003,44.699999999999996,-0.06840635647235199,-6.993048571198731,8.578447430914167,3.422302541083528,-2.9344877144061705,32.96064536080455,-4.526663281960842,-15.769655158075372,-7.667711592806084,-1.0296751701292026,1.0715172220886018,0.4645806870980973,-0.20428485250249578,2.04277538836915,-0.57580751909138,-1.4637598736638815,-0.8525967339477053
Maharashtra,Ratnagiri,492,528,27,1.0468629367067959,-1.2107975626075635,-0.2474273156978378,1615069,397115,0.1896283876225213,-0.29685303947195457,-0.8911352388268929,MAHARASHTRA,RATNAGIRI,RATNAGIRI,100.0,21.444444444444443,45.37923940278202,21.89440883636714,RATNAGIRI,28.3,22.3,28.9,50.1,97.8,67.8,34.2,73.1,31.7,23.7,29.5,69.4,97.8,85.6,58.1,77.2,3.3999999999999986,1.3999999999999986,0.6000000000000014,19.300000000000004,0.0,17.799999999999997,23.9,4.1000000000000085,-0.22092014249612904,-4.481593415986723,-0.17314632473106562,0.5898555490292892,-5.566380903173723,-9.494192831381877,-4.740145809365332,0.18338235991955543,3.560782936593448,-0.6598817977700707,-0.021627371431115858,0.08007342804061114,-0.3875045365482693,-0.5884139474841977,-0.6029632487795155,0.017021788827802975,0.3959345451757227
Maharashtra,Sangli,493,531,27,0.9628226703478551,-0.8656867937943603,0.12687682890632987,2822143,598386,0.1342974139312513,-0.8268461568956277,-0.27355417539337423,MAHARASHTRA,SANGLI,SANGLI,99.98388888888888,28.52777777777778,40.33660172533641,29.121957551437134,SANGLI,23.3,17.5,24.8,49.6,95.9,68.8,63.2,43.4,35.0,18.6,27.2,62.7,98.0,84.7,87.3,75.0,11.7,1.1000000000000014,2.3999999999999986,13.100000000000001,2.0999999999999943,15.900000000000006,24.099999999999994,31.6,-0.16864018310643386,-12.605415420823654,-1.898936204577385,-2.810898539013483,-2.6443628517855657,18.459418915148063,-1.9194984401437978,-1.4700071936546308,4.9136696748624225,-1.8560550718098272,-0.23719243642149343,-0.38158203693016207,-0.18408776172007596,1.1440445486028548,-0.24416696490846593,-0.13644797698490138,0.5463662353206004
Maharashtra,Satara,494,527,27,1.1013636748746163,-0.9285908520922997,-0.033203009480199296,3003741,653735,0.1342198348947199,-0.8276072615647627,-0.345522721708618,MAHARASHTRA,SATARA,SATARA,99.97444444444444,24.75,45.11648066016873,25.307764550160982,SATARA,23.3,23.5,27.8,55.2,96.3,63.8,57.0,59.2,20.2,20.5,28.0,68.9,97.1,78.7,82.1,82.8,-3.1000000000000014,-3.0,0.1999999999999993,13.700000000000003,0.7999999999999972,14.900000000000006,25.099999999999994,23.599999999999994,0.1637005671156272,2.44935127573968,2.5606544277793315,-0.06722903044527939,-2.597804533573333,10.668610278483008,-2.8968367447421004,-1.4451322083169202,5.940198260902605,0.3606490310878983,0.31984637561514956,-0.009126402117364586,-0.1808465966192451,0.6611998723454383,-0.3684878408893165,-0.13413904853780895,0.6605091460402667
Maharashtra,Sindhudurg,495,529,27,1.4967544895167637,-1.123721127574565,-0.34327578941910275,849651,209839,0.1427270581785935,-0.7444540473332196,-0.9495739125692735,MAHARASHTRA,SINDHUDURG,SINDHUDURG,99.9986111111111,19.72222222222222,40.3328065697192,20.256962549112956,SINDHUDURG,25.9,19.6,25.2,39.9,99.3,77.6,38.7,80.3,30.8,27.7,32.0,55.6,100.0,87.9,66.0,76.3,4.900000000000002,8.099999999999998,6.800000000000001,15.700000000000003,0.7000000000000028,10.300000000000011,27.299999999999997,-4.0,-0.40392696321439686,-4.674289653382047,-7.045655221602146,-4.551835003861157,-2.1019700615696664,-17.023789500558056,-1.9201551039705578,-3.865882218228837,6.828655475744071,-0.6882549070089325,-0.8800591216120168,-0.6179157477355751,-0.1463289970117717,-1.0550696998752056,-0.24425049486097433,-0.35883620856834986,0.7592994709576512
Maharashtra,Solapur,496,526,27,0.4214688828524935,-0.7017250124990289,0.5421430130380006,4317756,873167,0.1910880847510533,-0.2832072954123317,0.07203977829754757,MAHARASHTRA,SOLAPUR,SOLAPUR,99.98666666666666,24.5,38.07110353972613,24.97398859347318,SOLAPUR,25.4,24.1,34.6,51.5,86.4,49.3,50.7,64.9,36.3,23.2,32.9,70.9,96.2,67.8,73.1,83.6,10.899999999999999,-0.9000000000000021,-1.7000000000000028,19.400000000000006,9.799999999999997,18.5,22.39999999999999,18.69999999999999,-0.23887444251740964,-13.36524924555858,-0.3451727222452623,-0.6352390935331185,-9.408431323808264,5.171955564694265,3.4241822588692896,-3.5460086254507672,3.72592409789376,-1.9679350358610055,-0.04311485492679527,-0.08623428554383493,-0.6549695184711217,0.3205381272619119,0.4355680483798129,-0.32914512622952824,0.41429710525128366
Maharashtra,Thane,497,517,27,1.2109170541788292,-0.5369743089778178,-0.9838529936154335,11060148,2529165,0.2331957196294726,0.10339386887332377,0.8188727747059713,MAHARASHTRA,THANE,THANE,100.0,26.61111111111111,42.13314090653284,27.165275684354228,THANE,38.5,29.2,40.3,54.1,91.2,64.7,76.7,40.9,40.8,17.8,30.8,67.9,93.6,74.7,90.4,74.9,2.299999999999997,-11.399999999999999,-9.499999999999996,13.800000000000004,2.3999999999999915,10.0,13.700000000000003,34.00000000000001,0.31041513304297336,-3.8152568366240907,11.223411284294219,8.686743350234142,-0.01495260933610254,23.14059168717596,-4.365069544989751,-5.005231830271951,0.4557951688271267,-0.5617686181270303,1.4018945244528056,1.1792333219665827,-0.001040928397061462,1.434165825741858,-0.5552522263756993,-0.46459211936448436,0.0506812844468157
Maharashtra,Wardha,498,504,27,1.5224406421212506,-0.29382870836609354,1.6090124790726414,1300774,309846,0.1696844987809277,-0.48499113356133594,-0.2565117526993761,MAHARASHTRA,WARDHA,WARDHA,100.0,39.666666666666664,30.582419436946907,40.21845104279013,WARDHA,30.5,26.2,36.1,48.5,97.9,56.9,54.9,76.5,27.7,28.1,31.3,71.4,98.8,80.2,83.9,92.4,-2.8000000000000007,1.9000000000000021,-4.800000000000001,22.900000000000006,0.8999999999999915,23.300000000000004,29.000000000000007,15.900000000000006,0.18978191936712951,2.800990857791948,-2.487444069361702,4.993620453548177,-10.605519847255614,4.160261270232194,0.31168218530868863,4.715620731624128,6.670862845959384,0.4124253833879603,-0.310701811810157,0.677888524923344,-0.7383050360281818,0.25783716426019215,0.03964707217847974,0.4377100410362647,0.7417540169891341
Maharashtra,Washim,499,502,27,0.9083157648683143,-0.2992323338529057,2.2100309260054334,1197160,259464,0.2834121261286716,0.5475440310287705,-0.4447707570330831,MAHARASHTRA,WASHIM,WASHIM,99.9011111111111,26.555555555555557,39.46360382340406,27.067351975333573,WASHIM,41.1,32.5,42.9,60.3,84.0,41.5,33.9,67.9,35.3,31.7,39.3,70.4,92.9,61.5,61.4,71.6,-5.800000000000004,-0.8000000000000007,-3.6000000000000014,10.100000000000009,8.900000000000006,20.0,27.5,3.6999999999999886,0.17098312463778276,3.8410428567912795,1.1035350146265612,2.635636351530123,3.853274192745438,-9.112717277074083,5.453290019193609,-5.425183643058137,3.7150612220801023,0.5655654206849242,0.13784041726349408,0.357790035344716,0.2682463266935052,-0.5647715440945142,0.6936777050219347,-0.5035725920677219,0.41308922825592387
Maharashtra,Yavatmal,500,510,27,0.971554035775453,-0.09882249068014703,2.227958103262774,2772348,646886,0.256406457615525,0.31089175058365437,-0.37150825069625754,MAHARASHTRA,YAVATMAL,YAVATMAL,99.91638888888887,31.72222222222222,41.44835380309009,32.281807749156165,YAVATMAL,47.4,28.8,49.1,68.9,85.3,43.7,37.2,61.6,36.6,27.5,39.4,75.2,96.3,66.4,71.8,74.7,-10.799999999999997,-1.3000000000000007,-9.700000000000003,6.299999999999997,11.0,22.700000000000003,34.599999999999994,13.100000000000001,0.6528368134288888,9.301531654216149,0.9634341397536885,8.609479156575091,6.749775972935993,0.1693477392329772,7.9710141598216335,-1.881793288260841,11.191105613402733,1.3695823918573777,0.12034068884935542,1.168744637302591,0.46988678203928047,0.010495528530896431,1.0139410868707197,-0.17467049712090246,1.2443738891017917
Manipur,Bishnupur,252,275,14,0.2530497827648934,-0.9752512333098579,-1.0356543083347025,237399,46580,0.2122240443979745,-0.08747383238843875,-0.22355429912379848,MANIPUR,BISHNUPUR,BISHNUPUR,63.888888888888886,26.27777777777778,42.65514456007621,26.645916521659817,BISHNUPUR,24.7,6.9,13.7,21.4,86.5,38.2,38.8,77.2,15.5,7.9,11.7,42.4,89.5,52.6,71.3,66.6,-9.2,1.0,-2.0,21.0,3.0,14.399999999999999,32.5,-10.600000000000009,-0.10790817424882827,6.511236841710317,-1.2506361652646754,0.5147063905564371,-9.56475151624895,-25.398750842352804,-6.613204708971407,-5.553429561029699,16.736778739764784,0.9587319227771846,-0.15621453653940967,0.06987186132958981,-0.6658517747842546,-1.5741179381692807,-0.8412229405026017,-0.5154765447417811,1.8610145566399272
Manipur,Chandel,253,280,14,0.1071110131752844,2.5248934476773113,-1.1077614222381906,144182,28801,0.2794576673752219,0.5132038213666767,-1.0061302406028465,MANIPUR,CHANDEL,CHANDEL,86.11111111111111,29.194444444444443,39.281293488586414,29.621217504275744,CHANDEL,36.1,7.5,13.2,28.4,38.2,61.6,17.5,50.6,34.0,8.3,14.7,42.4,55.5,85.2,52.0,55.5,-2.1000000000000014,0.8000000000000007,1.5,14.0,17.299999999999997,23.6,34.5,4.899999999999999,0.12480721204796426,2.570194275876252,-4.551228226522023,-3.577504709882449,-3.004073832113532,-17.121242817998873,2.5816404659602163,1.3620575345222363,22.389577905591892,0.3784422775465338,-0.5684850861007633,-0.48564952287580426,-0.20912910171242857,-1.0611094856926204,0.32839376363919376,0.12642794941741348,2.4895669021621893
Manipur,Churachandpur,254,274,14,1.0439011538181817,2.692037939145239,-1.1669516918520306,274143,49089,0.4585069520996841,1.9706988674309596,-1.04163811831486,MANIPUR,CHURACHANDPUR,CHURACHANDPUR,91.66666666666669,27.805555555555557,37.40931017689343,28.158203354144145,CHURACHANDPUR,35.7,6.6,11.3,17.5,63.2,66.1,42.2,52.2,25.1,12.1,9.8,41.1,72.9,81.2,62.3,64.9,-10.600000000000001,5.5,-1.5,23.6,9.700000000000003,15.100000000000009,20.099999999999994,12.700000000000003,0.0501152441523689,11.563487378198227,-5.88063102608256,2.2082685328607514,-4.377349620105285,-6.668118849655418,-4.018047411108332,-5.435018211497638,7.793978058594577,1.7026388008330593,-0.734538210083143,0.29977446469964664,-0.3047299251263083,-0.4132646349514318,-0.5111097882190224,-0.504485449483578,0.8666366955497289
Manipur,Imphal East,255,278,14,0.871049828844543,-1.0270129140635267,-1.0177053234900777,456113,92124,0.1741876573794063,-0.4422322903477772,0.22105068040261353,MANIPUR,IMPHAL EAST,IMPHAL EAST,80.55555555555556,26.333333333333332,47.769552574555306,26.775528285717773,IMPHAL EAST,26.2,7.8,17.1,20.8,80.8,43.4,50.1,72.7,18.4,11.7,14.4,50.3,91.7,59.5,79.0,76.2,-7.800000000000001,3.8999999999999995,-2.700000000000001,29.499999999999996,10.900000000000006,16.1,28.9,3.5,0.11700485448621803,6.125936709663085,-4.19848059733316,1.9931538051098174,-17.760679882200204,-8.951442015581,4.187363190771597,0.28078581530433055,13.673237935032999,0.9019993010919143,-0.5244240642467759,0.27057244447386974,-1.236412697271602,-0.554776317019178,0.532647351973642,0.026062904065851385,1.520369912822023
Manipur,Imphal West,256,277,14,1.2919448894521504,-1.1018127395278483,-1.2568922684992314,517992,111156,0.1292860328088144,-0.8761185576076104,0.610318323554571,MANIPUR,IMPHAL WEST,IMPHAL WEST,66.66666666666667,26.88888888888889,61.299350451501155,27.345937871734304,IMPHAL WEST,21.0,4.7,8.4,29.3,91.4,47.3,63.2,82.8,15.6,9.3,10.2,41.8,95.7,58.7,88.6,74.1,-5.4,4.6000000000000005,1.799999999999999,12.499999999999996,4.299999999999997,11.400000000000006,25.39999999999999,-8.700000000000003,-0.051901461223744914,4.540132448187627,-5.210809024559614,-2.0450844895292857,-1.1826955805865502,-19.530200836749597,-0.5244744496009259,-0.5690279382156103,11.30515318017786,0.6685012413971201,-0.6508720436648207,-0.2776220821839925,-0.08233355043518022,-1.2104075379137182,-0.06671499796660572,-0.05281791228815656,1.2570551932653944
Manipur,Senapati,257,272,14,-0.3923370758169527,2.451638498091187,-1.2795876304283098,479148,83411,0.4532487419978901,1.9305081680210696,-0.7907283972437795,MANIPUR,SENAPATI,SENAPATI,77.77777777777777,26.75,38.356635357702146,27.046673124490848,SENAPATI,35.0,8.2,14.7,22.8,38.2,59.6,19.0,58.7,27.3,10.7,12.9,48.5,45.8,84.4,50.0,65.0,-7.699999999999999,2.5,-1.799999999999999,25.7,7.599999999999994,24.800000000000004,31.0,6.299999999999997,-0.13645536900904207,5.873382894120369,-4.704901747015587,-1.2795166646121592,-11.259171209210818,-15.754339905583802,-11.374136119594848,-2.5647500668644305,20.235217854961306,0.8648126019952214,-0.5876801473416167,-0.17369555264707218,-0.7838090847960587,-0.9763940440741112,-1.4468301909998835,-0.2380634323465507,2.2500168981377353
Manipur,Tamenglong,258,273,14,9.679772505448986e-05,2.8091280354275185,-1.3413910227473351,140651,25039,0.5755335184370319,2.8295555403542587,-1.0668203137978445,MANIPUR,TAMENGLONG,TAMENGLONG,75.0,27.666666666666668,29.05540864351379,28.110179771087186,TAMENGLONG,37.1,8.2,16.3,22.9,33.3,62.0,12.7,44.0,27.1,9.6,19.3,37.0,57.7,77.9,30.5,67.4,-10.0,1.4000000000000004,3.0,14.100000000000001,24.400000000000006,15.900000000000006,17.8,23.400000000000006,0.14856537314480178,8.585489583242214,-1.912730637141322,-4.5516010041697275,4.867227538870591,1.5882795087745087,5.066790511240313,-11.443061900610484,6.848894219911383,1.2641504427234442,-0.23891547222491072,-0.6178839820643289,0.33883285828493326,0.09843552075087204,0.6445136057854164,-1.0621598680544542,0.7615498799574423
Manipur,Thoubal,259,276,14,0.011918710279589793,-1.0044311473886018,-0.8334353591984651,422168,85965,0.2044570750307853,-0.15900179067766965,-0.06513937189477145,MANIPUR,THOUBAL,THOUBAL,97.22222222222224,32.52777777777778,63.050025789348624,33.00485910639435,THOUBAL,30.1,7.0,17.9,24.9,73.5,45.5,37.1,65.4,31.5,8.3,14.9,39.7,87.8,61.3,74.7,74.2,1.3999999999999986,1.3000000000000007,-2.9999999999999982,14.800000000000004,14.299999999999997,15.799999999999997,37.6,8.799999999999997,0.11064541388161597,-4.609620172575129,-2.1117599191444545,0.591074247778947,-4.633293056638749,-6.149736098983723,4.249675293818134,-5.589456901134454,21.84815829887992,-0.6787327997371084,-0.26377583362291246,0.0802388675059082,-0.32254747022098973,-0.38113724444570807,0.5405736710368639,-0.5188206492432151,2.429364769780089
Manipur,Ukhrul,260,279,14,0.9561454712489184,2.753715209987745,-1.3100303469133419,183998,35694,0.4703773646387154,2.060899184050141,-1.0400732404596502,MANIPUR,UKHRUL,UKHRUL,83.33333333333333,24.13888888888889,37.05913013612489,24.56881079333479,UKHRUL,32.7,7.2,11.1,26.1,33.7,59.8,10.8,42.4,27.1,11.6,16.0,34.6,44.6,81.4,22.9,39.4,-5.600000000000001,4.3999999999999995,4.9,8.5,10.899999999999999,21.60000000000001,12.099999999999998,-3.0,-0.15688613468295215,6.420164288911918,-4.817037792599731,-4.352948114322837,10.78008292055658,-22.701315927200923,-3.583255952663059,0.745307976887176,0.3174523968858942,0.945322156586941,-0.6016868431951481,-0.5909166713280107,0.7504572735402362,-1.4069411855274025,-0.4558027827240064,0.06918045443310775,0.03529852075066556
Meghalaya,East Garo Hills,273,294,17,0.17315220423945152,2.827896854956172,-0.7993389787483173,317917,58328,0.4341268277136441,1.7831152798393415,-0.6723553029586785,MEGHALAYA,EAST GARO HILLS,EAST GARO HILLS,100.0,50.333333333333336,44.29791175116287,50.77147772604887,EAST GARO HILLS,31.0,13.3,18.2,75.4,44.3,51.8,6.6,40.8,39.7,20.1,26.5,28.0,73.8,83.9,29.1,72.4,8.700000000000003,6.800000000000001,8.3,-47.400000000000006,29.5,32.10000000000001,22.5,31.60000000000001,0.5779468079630066,-9.239379091778648,-9.20129491394121,-10.56795302953482,62.46959075684276,10.743630942064662,13.263108425133339,6.928661682630931,10.998960024545422,-1.3604308823761804,-1.1493158925558162,-1.4346092493994604,4.348830997316122,0.6658493676300775,1.6871141240282053,0.6431273764432405,1.2230086226178642
Meghalaya,East Khasi Hills,274,298,17,1.214858669933343,2.1416434462332483,-0.7348055775715913,825922,164046,0.347956188183809,1.0935581399413552,-0.5587353011623658,MEGHALAYA,EAST KHASI HILLS,EAST KHASI HILLS,100.0,35.888888888888886,72.09405634669304,36.42426285852493,EAST KHASI HILLS,48.6,11.1,30.4,46.5,66.8,65.6,43.1,68.7,44.6,11.2,23.8,39.0,63.4,80.9,47.4,49.1,-4.0,0.09999999999999964,-6.599999999999998,-7.5,-3.3999999999999986,15.300000000000011,4.299999999999997,-19.6,-0.2711749712242726,5.092615151649472,-1.355354299036954,6.816034520899247,23.87627340455567,-36.90814685995939,-13.894777050894845,-3.1545452104958613,-8.900631412624021,0.7498502719220148,-0.1692946754230045,0.9252828944810804,1.6621507620610196,-2.2874265115420305,-1.7674645988994089,-0.29280898361419677,-0.9896889287796543
Meghalaya,Ri Bhoi,276,297,17,0.3421570093712437,2.514737614766641,-0.37730101992155723,258840,46872,0.3965950013814218,1.488014712108849,-0.7663604492588296,MEGHALAYA,RI BHOI,RI BHOI,100.0,33.52777777777778,50.596638380226665,34.02248507528445,RI BHOI,51.6,9.4,30.8,44.4,44.9,56.3,9.6,55.7,42.5,17.9,29.6,45.7,56.9,85.3,21.0,74.8,-9.100000000000001,8.499999999999998,-1.1999999999999993,1.3000000000000043,12.0,29.0,11.4,19.099999999999994,0.08135437650532315,8.789062314335595,-10.69945127820409,-0.6319801148021389,13.404943529722399,-0.9870743150103714,-2.1303381039525693,4.324192876589127,-2.0095975438612097,1.2941250359767429,-1.3364476968382903,-0.08579187621271915,0.9331873833821036,-0.06117511035121628,-0.27098651303513827,0.4013771991388846,-0.2234534100177819
Meghalaya,South Garo Hills,277,295,17,-0.12091263366131726,2.755873345631226,-0.9635087606351428,142334,24527,0.4620826815317352,1.9979469795072167,-0.999497049700585,MEGHALAYA,SOUTH GARO HILLS,SOUTH GARO HILLS,94.44444444444444,51.833333333333336,25.498163778243672,52.30042936223202,SOUTH GARO HILLS,16.8,36.0,32.6,74.9,88.4,84.8,9.8,83.0,29.8,18.3,20.8,33.6,88.3,88.4,22.3,86.8,13.0,-17.7,-11.8,-41.300000000000004,-0.10000000000000853,3.6000000000000085,12.5,3.799999999999997,-0.04903414464020173,-14.049226048505133,15.655004680514605,9.454904565015418,56.66302754863755,-18.314718652677254,-17.938096173028853,-23.35661714515839,0.6985622658221118,-2.068645609192215,1.955436256052393,1.2835119065397063,3.9446061294758894,-1.1350765769011408,-2.2817890378053685,-2.1679915393777875,0.07767531408690843
Meghalaya,West Garo Hills,278,293,17,-0.26672235637147107,1.888877743187019,-0.7080233888665024,643291,123352,0.3601439495633323,1.1937204300584678,-0.8120320467055034,MEGHALAYA,WEST GARO HILLS,WEST GARO HILLS,100.0,41.638888888888886,36.153087462504054,42.06892891882816,WEST GARO HILLS,30.6,21.5,26.0,52.7,45.5,45.7,16.3,48.0,39.5,14.9,26.3,30.2,89.6,86.3,47.6,77.1,8.899999999999999,-6.6,0.3000000000000007,-22.500000000000004,44.099999999999994,40.599999999999994,31.3,29.099999999999994,1.046631860919508,-10.498728032152066,4.100609692512467,-3.2453371052616875,34.90397165345353,8.104832862411676,28.243391258386502,14.175148882699492,18.047041997117454,-1.545860787692675,0.5121991994444522,-0.440557467999328,2.4298458180527636,0.5023067029466662,3.5926588832059236,1.3157557302121285,2.006706809186132
Meghalaya,West Jaintia Hills,275,299,17,-0.3816138053528859,2.7996208717173463,-0.29556624225108763,395124,66028,0.2453276380528779,0.21233252762386545,-0.7857185278803592,MEGHALAYA,WEST JAINTIA HILLS,WEST JAINTIA HILLS,100.0,33.55555555555556,72.92738480621655,34.14831636999245,WEST JAINTIA HILLS,50.8,15.8,34.0,33.3,44.3,55.5,21.6,68.3,48.7,9.7,28.3,54.6,42.2,75.1,20.7,59.7,-2.0999999999999943,-6.100000000000001,-5.699999999999999,21.300000000000004,-2.0999999999999943,19.599999999999994,-0.9000000000000021,-8.599999999999994,-0.8295860449148644,1.9682303317151995,0.5075961680850174,1.5324560969754053,-13.81307543231513,-31.54245384961196,-17.134652053341767,-6.166162459157849,-13.755445859128056,0.28980749683466067,0.06340285236338111,0.2080323109759587,-0.9615995539675893,-1.9548812745450523,-2.179588114858615,-0.572351208173751,-1.5295108679479077
Meghalaya,West Khasi Hills,279,296,17,0.3798340929905193,2.903951951882102,-0.30474615210253625,383461,64906,0.4496047480682541,1.902570198065497,-1.0134887420773055,MEGHALAYA,WEST KHASI HILLS,WEST KHASI HILLS,100.0,38.02777777777778,57.471900185445215,38.513645694255814,WEST KHASI HILLS,51.1,17.2,30.3,35.8,39.0,79.7,6.9,74.2,59.0,8.0,31.1,56.2,41.7,87.8,8.6,62.5,7.899999999999999,-9.2,0.8000000000000007,20.400000000000006,2.700000000000003,8.099999999999994,1.6999999999999993,-11.700000000000003,-0.9224741292572087,-7.985466622772606,7.357438003920569,-2.249735781864075,-4.189132319078475,-32.57779434819375,-12.18442579137367,-17.587754642775955,-11.911674534670107,-1.175801457640238,0.9190033039358443,-0.30540368152158576,-0.2916271462699107,-2.0190477393072914,-1.5499018922928995,-1.6325182292117457,-1.3244961917498435
Mizoram,Aizawl,261,283,15,2.436672060358673,2.708460216252791,-1.09210385495421,400309,82524,0.2026529771395135,-0.17568218541231778,-0.9659992206644616,MIZORAM,AIZAWL,AIZAWL,100.0,57.77777777777778,57.711570897945585,58.34663038750494,AIZAWL,23.7,2.3,6.7,10.5,96.2,90.9,87.5,55.3,25.3,7.3,9.6,44.0,97.4,96.1,95.4,66.4,1.6000000000000014,5.0,2.8999999999999995,33.5,1.2000000000000028,5.199999999999989,7.900000000000006,11.100000000000009,-0.41753268920451575,3.5980865885368187,-7.049369996067179,0.4282964319373215,-17.670654747021096,-5.769470323098975,-3.936034088964014,-3.6849966413922424,-5.55099953573227,0.5297918901135521,-0.8805231268819114,0.058141630742005096,-1.2301455824456322,-0.3575698185196308,-0.5006774046696312,-0.3420461743891709,-0.6172329275857067
Mizoram,Champhai,262,284,15,1.955882117468284,2.919016731147121,-0.9830457739971568,125745,25520,0.1938579460125698,-0.2573596048402809,-1.1033275505901412,MIZORAM,CHAMPHAI,CHAMPHAI,99.99972222222222,59.44444444444444,49.24400860592329,59.89598620601058,CHAMPHAI,32.9,6.0,12.7,7.8,81.1,87.0,52.2,49.1,27.2,12.1,13.1,38.3,96.7,98.3,79.4,85.3,-5.699999999999999,6.1,0.40000000000000036,30.499999999999996,15.600000000000009,11.299999999999997,27.200000000000003,36.199999999999996,0.399898371195226,10.42863089827012,-9.118387896586558,1.7722986103533773,-16.613159850833682,17.5513868488514,8.769458280301151,-0.17505689223204968,13.77350748930659,1.5355394982692427,-1.1389601378994005,0.24059115062348865,-1.156527898572144,1.0877681760811386,1.115505992300853,-0.0162490081037923,1.531519196862422
Mizoram,Kolasib,263,282,15,1.8100631190170233,2.4550817918579253,-0.6838596708518885,83955,17270,0.2490382397378694,0.2454400431261146,-1.039196553145961,MIZORAM,KOLASIB,KOLASIB,100.0,59.388888888888886,51.363796758897465,59.89746925237466,KOLASIB,26.3,6.6,11.4,41.0,86.3,87.0,69.2,51.3,30.4,11.3,12.6,53.8,91.4,96.8,87.5,80.4,4.099999999999998,4.700000000000001,1.1999999999999993,12.799999999999997,5.1000000000000085,9.799999999999997,18.299999999999997,29.10000000000001,-0.019422846254201695,-0.619510178312388,-6.562775364892672,0.7672001188465214,2.6209996954364527,11.355900621963585,-2.079250123509488,-4.158871056818221,3.73848594789402,-0.09121833514467279,-0.8197435357404671,0.10414811492458273,0.1824613316875558,0.7037955127813946,-0.26448794191509306,-0.3860318131050102,0.4156938964780965
Mizoram,Lawngtlai,264,287,15,-0.7277663491728724,2.7954522956936763,-1.2008359905272803,117894,22984,0.2314766139588027,0.08787051551762275,-1.1119068893859136,MIZORAM,LAWNGTLAI,LAWNGTLAI,100.0,57.22222222222222,42.72972273936793,57.6895416953645,LAWNGTLAI,35.3,12.0,21.3,33.8,45.9,65.3,38.7,42.2,32.7,16.2,16.9,55.3,53.7,90.3,56.3,70.2,-2.5999999999999943,4.199999999999999,-4.400000000000002,21.5,7.800000000000004,25.0,17.599999999999994,28.0,-0.2865137243769665,2.380306944765565,-10.014180825836295,0.1875272982789049,-14.821005027239655,3.034459254900163,-9.806387900960637,-0.4063404476746939,6.399937488418821,0.3504827591796736,-1.25085189440271,0.025457001547408493,-1.031766741112799,0.18806423888442142,-1.247407093653739,-0.037717048114920625,0.7116289826569333
Mizoram,Lunglei,265,286,15,1.3807652918056759,2.7863215214952177,-0.7234288804881785,161428,33058,0.211652372685992,-0.0927228535963021,-1.1142257557318718,MIZORAM,LUNGLEI,LUNGLEI,99.88888888888889,62.611111111111114,50.33312600563193,63.10157032238624,LUNGLEI,25.3,6.1,13.1,26.9,74.4,77.7,52.2,46.4,26.5,9.5,11.1,45.7,82.7,95.6,79.9,73.8,1.1999999999999993,3.4000000000000004,-2.0,18.800000000000004,8.299999999999997,17.89999999999999,27.700000000000003,27.4,0.2043559618473432,2.231230378543237,-6.768729770962185,2.770278374264905,-6.176948577950533,7.741212623341152,-0.3627641535144779,2.5452501035583524,13.81242285403945,0.32853232695767337,-0.8454689009473733,0.37606781256735694,-0.43000930723524183,0.47977090405816886,-0.04614487852075744,0.2362534204256027,1.535846317473316
Mizoram,Mamit,266,281,15,0.8483288441391094,2.7809413855957246,-1.090359875517668,86364,17731,0.2382601646968748,0.14899983918098586,-1.1127293913918304,MIZORAM,MAMIT,MAMIT,100.0,60.22222222222222,60.258661797908466,60.79154947248545,MAMIT,30.8,9.3,17.5,19.4,58.0,66.1,38.0,40.7,26.4,7.4,13.9,45.5,75.0,92.7,73.3,85.9,-4.400000000000002,-1.9000000000000004,-3.5999999999999996,26.1,17.0,26.60000000000001,35.3,45.2,0.7214939340830818,6.773915223064363,-1.7211888326255536,3.2769807681762853,-14.144811180888127,24.192584983924885,5.379176069750047,8.833928197820718,22.715268944356744,0.997409390015715,-0.21499035711037973,0.4448531240620762,-0.9846933935275048,1.499364367572702,0.6842501495133934,0.8199766889751067,2.5257815031635458
Mizoram,Serchhip,268,285,15,2.330037031033708,2.860907958721193,-1.2336448125956767,64937,12622,0.1720071445048105,-0.46291639860714345,-1.0915246200656792,MIZORAM,SERCHHIP,SERCHHIP,100.0,61.638888888888886,52.57377634189796,62.140286608325546,SERCHHIP,25.4,9.4,12.2,29.0,88.4,91.9,64.8,61.6,31.8,8.4,14.4,43.2,96.2,98.2,81.8,84.7,6.400000000000002,-1.0,2.200000000000001,14.200000000000003,7.799999999999997,6.299999999999997,17.0,23.1,0.08092243378136166,-0.8673483780558291,-1.733553033390001,0.9457452712259244,0.30900134537718316,5.256260514779903,2.32417728393398,-2.251888206111426,3.8612513944262137,-0.12771069436213472,-0.21653474543509255,0.1283857819848992,0.021511180283208087,0.3257630272985302,0.29564353971803625,-0.2090231880812502,0.42934456884469696
Mizoram,Siaha,267,288,15,1.440221312556261,2.853620787862116,-1.377733881441346,56574,11144,0.234324974646297,0.11357915761879031,-1.0872860849075077,MIZORAM,SIAHA,SIAHA,100.0,58.05555555555556,43.98068672028399,58.55610111105778,SIAHA,37.5,11.6,16.7,21.1,58.9,79.8,56.6,55.4,43.8,7.7,17.6,46.4,73.8,91.5,83.7,60.3,6.299999999999997,-3.8999999999999995,0.9000000000000021,25.299999999999997,14.899999999999999,11.700000000000003,27.1,4.899999999999999,0.013659448622713788,-2.7780817085275906,0.9344464180241276,0.2790652879585296,-11.509590127695361,-14.880584827622464,4.9907787546106075,-2.313169743964803,14.992613202837443,-0.40905217899417934,0.11671988877889017,0.0378833670222371,-0.8012420396437847,-0.9222420288698064,0.6348446425159042,-0.21471142001828483,1.6670753581907343
Nagaland,Dimapur,244,265,13,1.2525597253790086,1.1801341602615412,-1.211936273411546,378811,78605,0.1127121159040744,-1.0406465919089867,0.01632582458479346,NAGALAND,DIMAPUR,DIMAPUR,27.77777777777778,22.63888888888889,31.38939497717062,23.04320585811329,DIMAPUR,21.3,8.1,14.9,15.2,56.3,65.2,66.7,33.7,28.3,25.0,29.8,48.9,73.7,81.1,84.2,55.9,7.0,16.9,14.9,33.7,17.400000000000006,15.899999999999991,17.5,22.199999999999996,-0.5600019796730076,-5.170955182947927,-20.55042125947327,-15.483484119027686,-24.462272816190648,6.39005282831012,10.463787129584201,3.6842364229435844,5.25291149452285,-0.7613852676014937,-2.56691324135733,-2.101897072025928,-1.70294520900476,0.3960311609545489,1.3310305918703653,0.34197560992538206,0.5840875898551555
Nagaland,Kiphire,614,269,13,-0.30619703054026104,2.844218848594901,-1.35004560429943,74004,14771,0.4728867985452698,2.0798744868337153,-1.0126774574027624,NAGALAND,KIPHIRE,KIPHIRE,50.0,27.38888888888889,33.731142181164884,27.78576407301027,KIPHIRE,41.8,13.9,25.6,25.6,24.7,80.5,11.1,36.0,36.9,11.0,25.0,55.2,34.8,83.1,16.4,42.8,-4.899999999999999,-2.9000000000000004,-0.6000000000000014,29.6,10.099999999999998,2.5999999999999943,5.299999999999999,6.799999999999997,-0.7139225005934504,3.6315930490342136,0.692732106346198,-2.042009701865768,-14.416385234357751,-16.082262244733236,-9.2834809086842,-24.61477190921874,-5.301097589514383,0.534725470949123,0.08652782315465715,-0.2772046769580519,-1.0035990666316004,-0.9967174229515009,-1.180891481781719,-2.284775098690276,-0.5894455518382352
Nagaland,Kohima,245,270,13,1.2206754237973996,2.280819512281537,-1.4049644468205134,267988,54391,0.1976472815010262,-0.22209539344593904,-0.7545665107484603,NAGALAND,KOHIMA,KOHIMA,52.77777777777778,20.694444444444443,35.95693668024194,21.093086395572485,KOHIMA,24.7,11.7,15.2,36.4,54.9,69.1,55.6,60.5,28.3,26.9,22.1,38.4,66.9,87.4,61.7,82.8,3.6000000000000014,15.2,6.900000000000002,2.0,12.000000000000007,18.30000000000001,6.100000000000001,22.299999999999997,-0.30010162461719997,-0.9282993214158877,-18.459329739156033,-6.589588657224615,10.030177028570332,3.393866670142952,2.302184985198302,4.144963514859029,-5.846084416321412,-0.13668527423739585,-2.3057190573248256,-0.8945426622328891,0.6982524495830283,0.21033894298133837,0.29284604182934376,0.3847408969970104,-0.6500443345332103
Nagaland,Longleng,615,268,13,0.17366878437706182,2.834311085510707,-1.3762898851690475,50484,11985,0.2302086858610688,0.07640735899800419,-0.988424292725049,NAGALAND,LONGLENG,LONGLENG,27.77777777777778,19.833333333333332,21.595699943341817,20.314526476131313,LONGLENG,26.1,16.3,17.1,14.2,10.2,73.6,4.8,10.8,34.1,19.8,25.7,40.4,38.7,86.6,11.8,53.0,8.0,3.5,8.599999999999998,26.2,28.500000000000004,13.0,7.000000000000001,42.2,-0.34719395191925123,-6.6866596349235,-8.263231967758086,-10.710378075176234,-16.721318065759863,19.541626812243145,13.936558030893043,-7.326189463522429,-4.017454809932572,-0.9845616439077159,-1.0321442702624715,-1.4539435790707105,-1.1640573507741954,1.2111156764004145,1.772779286769797,-0.6800264213813061,-0.44671331312782137
Nagaland,Mokokchung,246,262,13,2.1274453368296578,2.628829768362065,-1.050208310858682,194622,42690,0.1458389333012911,-0.7141918068190121,-0.9226868596675517,NAGALAND,MOKOKCHUNG,MOKOKCHUNG,44.44444444444444,29.63888888888889,41.73529076154717,30.026659004383095,MOKOKCHUNG,19.8,1.8,5.8,12.2,45.3,91.1,38.3,51.9,31.4,11.7,22.9,35.5,51.5,96.7,46.2,92.0,11.599999999999998,9.899999999999999,17.099999999999998,23.3,6.200000000000003,5.6000000000000085,7.900000000000006,40.1,-0.5993069774711118,-6.562955209438172,-13.1493456372096,-14.754093838171341,-10.415603709639704,22.441112908466724,0.8813500998591106,-3.754405555602238,-5.505023061848229,-0.966347073529649,-1.6424592471931978,-2.0028816770469593,-0.7250839923788097,1.3908147924658862,0.11211083812511509,-0.34848879995559895,-0.6121206602556806
Nagaland,Mon,247,261,13,-0.8953473544540421,2.7861183929204794,-1.2065567559790555,250260,41978,0.5095850731583418,2.353737447771691,-1.042264663318585,NAGALAND,MON,MON,25.0,23.944444444444443,38.311689907461165,24.4354792676868,MON,35.8,21.3,24.5,42.6,9.7,81.0,5.8,19.5,35.5,7.8,23.3,39.4,21.4,86.4,13.0,62.4,-0.29999999999999716,-13.5,-1.1999999999999993,-3.200000000000003,11.7,5.400000000000006,7.2,42.9,-0.12575673637550827,-2.27958158323098,11.028368049239281,-2.803410039089564,17.480900921273275,18.814867789628615,-10.002129823025339,-25.752463275627072,-3.486684420157988,-0.33565168762075404,1.377532052444165,-0.3805654662447174,1.2169358381640745,1.166073917405076,-1.272306155833913,-2.3903770889728335,-0.38769530034516375
Nagaland,Peren,613,271,13,0.4567877480998993,2.4860151350045543,-1.2337338291755833,95219,18475,0.3032171068075401,0.7179523603757602,-1.070139981651581,NAGALAND,PEREN,PEREN,13.88888888888889,20.916666666666668,23.617283268925817,21.34651080495644,PEREN,29.8,4.1,10.3,15.9,41.3,74.2,16.9,49.1,34.9,9.1,20.7,51.0,43.5,89.4,31.4,63.3,5.099999999999998,5.0,10.399999999999999,35.1,2.200000000000003,15.200000000000003,14.5,14.199999999999996,-0.8565685608773292,-4.187405522839905,-7.830249738174907,-11.381746379345996,-22.07562747635924,-6.9977294167733035,-11.69082924189602,-5.458670676438928,2.2613517967164345,-0.6165647857628203,-0.9780613001687494,-1.5450824378661463,-1.5367984949361717,-0.4336926437748118,-1.4871146720197639,-0.5066809019996448,0.2514467495094748
Nagaland,Phek,248,266,13,0.4167359346422524,2.8282651970621897,-1.3251745231520013,163418,36639,0.2242921066755011,0.022759741950931982,-1.0354934262831823,NAGALAND,PHEK,PHEK,52.77777777777778,24.75,34.704937660211606,25.197170167700065,PHEK,27.8,6.7,12.8,12.5,18.7,82.7,9.8,34.7,28.0,12.9,15.6,44.9,32.2,90.1,24.2,54.6,0.1999999999999993,6.2,2.799999999999999,32.4,13.500000000000004,7.3999999999999915,14.399999999999999,19.9,-0.516169845956338,1.5909316227565888,-10.686592549849824,-4.2733524173115525,-22.302064315668694,-2.254379552671061,0.019633921431960744,-11.713929528992644,2.953651203420497,0.2342530260797277,-1.3348415380319656,-0.5801114829603432,-1.552561933335444,-0.1397178670450246,0.0024975039859547374,-1.087302153128283,0.32842567678467355
Nagaland,Tuensang,249,267,13,0.1480839977544273,2.870493164452645,-1.3792171600870229,196596,36742,0.415448719367954,1.6372335095561859,-1.021092144701073,NAGALAND,TUENSANG,TUENSANG,13.88888888888889,25.416666666666668,31.880336896006863,25.850744402577025,TUENSANG,35.5,11.8,20.3,28.8,25.1,72.9,9.2,43.2,37.1,24.6,34.2,38.8,34.8,92.0,19.7,39.9,1.6000000000000014,12.8,13.900000000000002,9.999999999999996,9.699999999999996,19.099999999999994,10.5,-3.3000000000000043,-0.8612051263729497,-1.6637174015947571,-15.13388574606577,-15.544412941449732,5.049747404823286,-25.366405434451178,-7.385750734822508,-4.774857220374649,-0.36766706721678233,-0.24497019877560258,-1.8903443011834824,-2.1101682151657015,0.35153900924677733,-1.5721132928577306,-0.9394935170444766,-0.44320844885942834,-0.04088204634395244
Nagaland,Wokha,250,264,13,1.5629885512364208,2.7389641784876533,-1.2079717091507491,166343,31891,0.3106710004318804,0.7814181174615633,-0.9323819434039773,NAGALAND,WOKHA,WOKHA,55.55555555555556,16.36111111111111,33.44873967122832,16.83783106860121,WOKHA,18.0,12.7,11.9,31.6,33.1,73.2,35.4,22.6,26.3,23.5,28.0,45.4,43.6,88.5,41.2,42.8,8.3,10.8,16.1,13.799999999999997,10.5,15.299999999999997,5.800000000000004,20.199999999999996,-0.5904179484492665,-5.412964759511509,-12.536463027004373,-14.649591340189218,2.665932721752533,1.6389443926119327,0.4146553991724016,0.1590413434499478,-6.5327470062301245,-0.79701940475697,-1.5659052696532862,-1.9886953677615646,0.1855893518214989,0.10157553747763026,0.05274562780642264,0.014762424064575536,-0.7263964865924389
Nagaland,Zunheboto,251,263,13,1.2937541254194247,2.8664053682070474,-1.2197872617948062,140757,27835,0.2726200406386072,0.45357521977647974,-0.8291311501235036,NAGALAND,ZUNHEBOTO,ZUNHEBOTO,30.555555555555557,19.86111111111111,20.691586579563072,20.27419860527812,ZUNHEBOTO,31.1,9.5,13.7,41.1,23.3,81.1,12.8,24.7,44.0,26.9,44.5,34.9,35.0,88.9,18.6,60.7,12.899999999999999,17.4,30.8,-6.200000000000003,11.7,7.800000000000011,5.800000000000001,36.0,-0.8697651779300809,-10.122543345188252,-20.280662138317815,-30.32765157235546,20.40353854902465,16.62526978947408,0.9544766100713282,-7.907984204255095,-5.895839254686429,-1.4904703485150066,-2.533218153002309,-4.117006324372392,1.4203957449043056,1.0303709644993984,0.12141278788420294,-0.734029364860832,-0.6555767299780141
Odisha,Angul,344,384,21,0.45499249648203804,0.013028405066465801,-0.20724494575576416,1273821,297050,0.3164493339337649,0.8303695525615565,-0.1329453484516304,ODISHA,ANGUL,ANGUL,99.76444444444444,36.27777777777778,46.30840790229808,36.790549842126445,ANUGUL,31.8,21.6,35.3,37.4,90.3,35.6,21.4,88.9,28.1,25.1,30.5,75.3,85.7,66.4,23.8,87.0,-3.6999999999999993,3.5,-4.799999999999997,37.9,-4.599999999999994,30.800000000000004,2.400000000000002,-1.9000000000000057,-0.6440832865712871,1.2764505875003618,-3.6324988333822223,3.182044773925065,-23.81060173334364,-16.70620411299793,-14.509545161145093,8.074550453060855,-13.75724027150062,0.18794799756705485,-0.45372838040123326,0.43196547637163885,-1.6575790176978449,-1.0353869659265258,-1.845665268648883,0.7494902604140067,-1.5297103942485106
Odisha,Balangir,345,393,21,-0.687930497141418,0.2811197531197708,0.4033465789149817,1648997,414749,0.3255763221549422,0.9072532528688312,-0.34568608766207576,ODISHA,BALANGIR,BOLANGIR,99.98916666666668,40.111111111111114,41.90051490606501,40.62918240613956,BALANGIR,44.4,26.1,44.7,67.3,87.1,14.1,9.2,93.0,32.7,25.5,37.6,74.9,97.9,66.3,32.6,95.8,-11.699999999999996,-0.6000000000000014,-7.100000000000001,7.6000000000000085,10.800000000000011,52.199999999999996,23.400000000000002,2.799999999999997,0.3698349103779412,7.548603384506011,-1.2328564552543209,2.615835501383546,2.768107655989139,-15.32600695621634,-2.7415204111182074,21.99664734558295,6.387206574777565,1.111476546322163,-0.15399370746360502,0.35510205190205085,0.1927022769387203,-0.9498475976251008,-0.34873105599773013,2.0417573762297208,0.7102133927173104
Odisha,Balasore,346,377,21,0.6723187961048129,-0.004834199440488421,0.4011516900236024,2320529,533001,0.2901805161831756,0.6060753975687547,-0.06521178198611917,ODISHA,BALASORE,BALESHWAR,99.41388888888888,27.63888888888889,41.38336615232998,28.209822890162044,BALESHWAR,33.2,18.0,33.7,28.6,91.9,37.3,14.2,79.0,24.4,15.0,22.6,43.2,97.6,70.9,28.4,94.1,-8.800000000000004,-3.0,-11.100000000000001,14.600000000000001,5.699999999999989,33.60000000000001,14.2,15.099999999999994,0.37811581564137736,6.766018127595225,2.662042967358264,9.609729042759206,-0.9629643506520456,1.1796425306241147,-2.035711488113323,11.139659368651369,-3.5027436451196934,0.9962466005630289,0.3325106213491426,1.3045294704126653,-0.06703692415284943,0.07310975565721214,-0.2589496740850127,1.0339976509737365,-0.38948097558690437
Odisha,Bargarh,347,370,21,0.2594871613468507,0.29095839128355666,0.773383662776262,1481255,370308,0.2992520852151498,0.6840443438752326,-0.38960675544318,ODISHA,BARGARH,BARGARH,99.98611111111111,33.30555555555556,36.68024999879218,33.766763518989755,BARGARH,39.1,24.2,39.0,68.3,92.0,26.4,13.3,81.4,38.9,18.0,30.0,56.2,99.6,61.9,31.9,95.9,-0.20000000000000284,-6.199999999999999,-9.0,-12.099999999999994,7.599999999999994,35.5,18.599999999999998,14.5,0.4472674956145197,-2.1718368179482352,5.2291385922756515,6.703151709561009,24.581524815425976,-1.3474740799838258,-1.459687885549009,9.748735309386571,-0.10919696440059212,-0.3197870602849791,0.6531615543996414,0.9099589500245275,1.7112469568549284,-0.08351131650867448,-0.1856774422288448,0.9048902732373945,-0.012141950577835573
Odisha,Bhadrak,348,378,21,0.9467965869640833,-0.37206679023013534,0.13301645314754604,1506337,306333,0.3667639550125859,1.2477499139970496,-0.16758682304145836,ODISHA,BHADRAK,BHADRAK,99.58527777777778,27.22222222222222,40.17972260184337,27.75130197106653,BHADRAK,34.9,15.3,28.2,22.7,87.4,23.0,10.7,88.4,32.3,15.8,28.9,68.7,96.1,62.0,22.9,83.7,-2.6000000000000014,0.5,0.6999999999999993,46.0,8.699999999999989,39.0,12.2,-4.700000000000003,-0.2428562500852226,0.22514405636171642,1.1987575541428566,-0.8765107003004133,-28.61213312935386,-17.395075214071188,0.9459990174786874,17.075105731038526,-5.774611725387157,0.033150812864737464,0.1497344798948075,-0.11898712592063083,-1.9918384280217158,-1.0780805757034932,0.12033440823575658,1.5849334913873145,-0.642097063418557
Odisha,Boudh,349,391,21,-0.2935078118995692,0.1656838655287606,0.518859088128266,441162,106961,0.4793756555073239,2.1287910602129188,-0.8605615662059681,ODISHA,BOUDH,BOUDH,99.01694444444443,33.30555555555556,42.03673737792103,33.834177948977285,BOUDH,42.2,22.5,43.5,44.1,82.3,16.4,11.5,94.2,37.0,20.1,38.6,56.2,93.4,52.9,30.9,91.8,-5.200000000000003,-2.3999999999999986,-4.899999999999999,12.100000000000001,11.100000000000009,36.5,19.4,-2.4000000000000057,0.027145438180498055,0.8438846692478759,3.612214048459007,2.5492156305891633,4.522275025855464,-19.782898073369278,-2.4933495231722773,5.080778650759495,0.4718176157479661,0.12425583513833409,0.4511946472791697,0.3460583437621383,0.3148189314602573,-1.22606875115833,-0.3171628446248377,0.47160447336360956,0.05246287022364314
Odisha,Cuttack,350,381,21,1.3279337259769373,-0.44677099810542836,-0.13876066389607428,2620015,578287,0.3657224794106734,1.2392672317896678,0.3064953151100598,ODISHA,CUTTACK,CUTTACK,99.84194444444444,28.944444444444443,35.64571786854378,29.374603414908545,CUTTACK,15.3,9.1,17.1,18.9,94.0,38.8,31.0,79.2,20.4,14.2,18.9,63.8,98.9,60.2,45.1,90.4,5.099999999999998,5.1,1.7999999999999972,44.9,4.900000000000006,21.400000000000006,14.100000000000001,11.200000000000003,-0.47146505558062735,-7.158333876461562,-3.154467362690199,-1.5901146891520108,-26.59199314946902,0.40193787967601047,-1.8247270086428067,2.316404838862166,-2.378158451763749,-1.0540122204275948,-0.39401839701881364,-0.2158595173812801,-1.8512060458177642,0.024910580459441403,-0.23211170489591074,0.21501170572845332,-0.26443484529155026
Odisha,Deogarh,351,373,21,0.010609557626192253,0.862859234169752,0.5776240132778351,312520,75452,0.3791079585896,1.3478007633419755,-0.9075596235174642,ODISHA,DEOGARH,DEOGARH,99.99833333333332,36.083333333333336,48.89866044500273,36.615298121990534,DEOGARH,33.4,19.9,37.5,30.0,85.3,30.9,7.4,68.4,28.4,27.3,34.3,61.5,91.2,69.9,18.4,100.0,-5.0,7.400000000000002,-3.200000000000003,31.5,5.900000000000006,39.00000000000001,10.999999999999998,31.599999999999994,-0.18015177291658466,2.555557776763355,-7.981273415802975,1.0799909648395971,-17.292351358586192,13.404474225551194,-5.975951070030753,10.685553779048035,-7.426890220397064,0.37628716028104847,-0.9969253746793029,0.1466097571683599,-1.2038099288566861,0.8307583101678752,-0.7601620322763056,0.991846980346836,-0.8258190554845024
Odisha,Dhenkanal,352,383,21,0.6477153752965473,0.026596956352501595,0.21324330421789572,1192811,279364,0.345991364282825,1.0773259669209938,-0.16600069622415486,ODISHA,DHENKANAL,DHENKANAL,98.44277777777778,42.888888888888886,46.51466353560081,43.36220407543703,DHENKANAL,26.1,19.0,29.2,39.4,90.1,33.3,21.0,87.0,33.3,22.7,30.0,62.0,94.8,58.2,28.8,88.6,7.199999999999996,3.6999999999999993,0.8000000000000007,22.6,4.700000000000003,24.900000000000006,7.800000000000001,1.5999999999999943,-0.600164656562068,-9.561196190805322,-3.2471113994089205,-1.990272723814034,-7.172691741246416,-12.495708838167282,-4.184221277240237,1.651395354794051,-9.577947284210566,-1.4078160925340981,-0.40559038386927565,-0.27018133506378333,-0.4993281339066397,-0.7744364891953656,-0.5322476895019707,0.15328466169183352,-1.0650017901172437
Odisha,Gajapati,353,389,21,-1.4741121303759543,1.266621130879451,1.349986557646116,577817,128523,0.3826277184019347,1.3761651399613728,-0.9705667743162141,ODISHA,GAJAPATI,GAJAPATI,99.87333333333332,40.27777777777778,47.09381457442778,40.79883024429657,GAJAPATI,32.5,18.4,32.1,57.9,63.3,38.2,19.2,46.4,43.4,16.1,34.3,64.4,76.4,58.3,28.9,92.6,10.899999999999999,-2.299999999999997,2.1999999999999957,6.500000000000007,13.100000000000009,20.099999999999994,9.7,46.199999999999996,-0.6239253450942956,-15.611174531312088,-0.8578964018246067,-8.398494603422675,2.364335083132623,24.002036786144103,-3.49064990845455,-17.60233197185063,-9.171111276979268,-2.2986310802485974,-0.10715817480097897,-1.1401032920404621,0.1645935818211337,1.4875549152860803,-0.44402296760476256,-1.6338713158297355,-1.0197644273370416
Odisha,Ganjam,354,388,21,-0.07532595762985209,-0.43350097792922765,-0.03560049963388612,3529031,758267,0.2301151418670733,0.07556117321093032,-0.390598102934094,ODISHA,GANJAM,GANJAM,99.72,48.52777777777778,53.89776146317477,49.0240101170479,GANJAM,28.9,16.4,21.3,37.4,91.5,40.7,34.5,54.2,23.9,10.2,18.9,61.3,93.0,72.9,63.7,88.5,-5.0,-6.199999999999999,-2.400000000000002,23.9,1.5,32.2,29.200000000000003,34.3,0.2495513884509566,2.0532192542799765,4.9768242802842355,-0.256707387756697,-13.704085458299296,18.070831927933835,-8.47601375999017,7.8811057273021135,11.583339095879111,0.3023214930424667,0.621645463305588,-0.03484826170552561,-0.9540121987175499,1.1199614056597347,-1.0781788153702037,0.7315344697198418,1.287987551673301
Odisha,Jagatsinghapur,355,380,21,1.4532570758362817,-0.4492953010480718,-0.12098660731703526,1136971,261307,0.2575310190969055,0.32084742879223105,0.931640206698383,ODISHA,JAGATSINGHAPUR,JAGATSINGHAPUR,99.7525,23.77777777777778,38.21123068430171,24.27657125333471,JAGATSINGHAPUR,19.5,12.6,16.5,23.4,97.6,30.8,12.8,85.7,13.2,10.7,11.0,58.2,98.3,60.1,30.5,91.3,-6.300000000000001,-1.9000000000000004,-5.5,34.800000000000004,0.7000000000000028,29.3,17.7,5.599999999999994,0.11900197055921964,4.846278585503672,2.024322500674143,4.798278966153196,-20.042953305166762,-4.039207662242784,-4.163649384329154,13.177799395578365,2.5747142232610347,0.7135790172506432,0.2528541953543986,0.651370740086007,-1.3952935429102546,-0.250334722230701,-0.529630872238944,1.2231804554433852,0.2862904937192227
Odisha,Jajpur,356,382,21,0.790925265680209,-0.026976940258798276,0.3501854458825701,1827192,407851,0.4158713722868677,1.6405557953961896,0.8120453867606915,ODISHA,JAJPUR,JAJPUR,99.78861111111112,28.27777777777778,35.603644679169314,28.74742273048532,JAJAPUR,30.3,16.5,30.0,30.0,94.0,30.7,15.9,90.0,25.5,15.9,21.8,66.4,93.8,47.4,28.4,79.5,-4.800000000000001,-0.5999999999999996,-8.2,36.400000000000006,-0.20000000000000284,16.7,12.499999999999998,-10.5,-0.4523264017929622,1.4426716222126643,1.3706140464468075,6.06708527672319,-19.468663438993737,-21.77991255192364,-9.197754687352326,-6.796664081292125,-2.876390105703514,0.2124228271716065,0.1712007408603768,0.8236123524165115,-1.3553142579301587,-1.34983611015121,-1.1699868043733295,-0.6308751876462848,-0.3198347746912097
Odisha,Jharsuguda,357,371,21,0.6327076817637545,0.7095117574571971,-0.6153344861842687,579505,136061,0.2818850417182126,0.5342955068296018,0.46748829622111243,ODISHA,JHARSUGUDA,JHARSUGUDA,99.94805555555556,38.05555555555556,43.68682392370451,38.55485232683441,JHARSUGUDA,34.9,24.8,36.5,67.1,95.2,40.3,28.0,79.1,27.1,16.9,26.9,65.5,98.6,70.0,41.8,97.6,-7.799999999999997,-7.900000000000002,-9.600000000000001,-1.5999999999999943,3.3999999999999915,29.700000000000003,13.799999999999997,18.5,0.5091903359254273,6.293533411894333,6.116363487623834,7.287222032786639,14.197701751031515,3.9327804066858416,-6.82176465994371,9.799825039485118,1.0758017243964506,0.9266766876603121,0.7639830944146072,0.9892470283929176,0.9883753794044505,0.2437387658735501,-0.8677525011239434,0.9096324883413356,0.11962174444018894
Odisha,Kalahandi,358,395,21,-1.2035365533120428,0.6259388241529961,1.1958177358288782,1576869,401251,0.3594447025288042,1.1879981446840726,-0.6916701306168515,ODISHA,KALAHANDI,KALAHANDI,99.90361111111112,34.02777777777778,42.45442788792081,34.51552910966837,KALAHANDI,36.6,24.8,39.7,67.2,74.5,14.9,7.1,88.2,33.0,17.2,33.6,68.8,92.8,64.4,28.9,91.3,-3.6000000000000014,-7.600000000000001,-6.100000000000001,1.5999999999999943,18.299999999999997,49.50000000000001,21.799999999999997,3.0999999999999943,0.25839574404127424,-1.2637602945904298,5.197166054422208,0.45721844727673044,7.794095865485309,-17.019042819904428,3.387264124665066,14.082496894756204,2.84343414417598,-0.18607944490679737,0.649167926739188,0.06206782066745516,0.5425872858333578,-1.0547755186688141,0.4308719316285779,1.3071556523532841,0.31617029868394264
Odisha,Kandhamal,359,390,21,-0.8619917883225482,1.6347078765355292,0.3180712936780791,733110,172022,0.4020783643330718,1.5316198259359066,-1.011643229074215,ODISHA,KANDHAMAL,KANDHAMAL,99.50194444444443,45.52777777777778,47.416687578848375,45.96299362463667,KANDHAMAL,38.4,23.1,43.1,42.7,72.7,16.5,6.4,73.5,34.2,23.3,35.2,55.3,93.9,52.4,24.1,96.8,-4.199999999999996,0.1999999999999993,-7.899999999999999,12.599999999999994,21.200000000000003,35.9,17.700000000000003,23.299999999999997,0.1721962423003465,0.9765619580690696,-2.6031865290240113,3.580349469178133,-0.9720771546004485,1.50630238693671,4.575833652186532,3.2792616786400544,1.445867872562694,0.14379159390624807,-0.3251589778479331,0.4860357015412938,-0.06767131352219131,0.09335489065196227,0.5820621634351039,0.30438532817117114,0.16077055206711738
Odisha,Kendrapara,360,379,21,1.251607250590058,-0.46494515373112033,0.04975619338513377,1440361,321934,0.339311008718466,1.0219591738804938,-0.2657023735045955,ODISHA,KENDRAPARA,KENDRAPARA,99.735,25.333333333333332,36.07635719024508,25.799360500177254,KENDRAPARA,26.9,12.3,24.1,28.7,94.0,25.6,13.8,76.8,28.6,7.9,17.9,61.5,96.7,57.3,27.9,82.8,1.7000000000000028,-4.4,-6.200000000000003,32.8,2.700000000000003,31.699999999999996,14.099999999999998,6.0,-0.0016530086681230752,-3.362778919495436,6.37167696206769,6.928880154367615,-15.027925160870168,-6.161623074739092,-3.6072018489563558,11.94915510416077,-4.288007805267206,-0.4951445597416771,0.7958738050707097,0.9406017920079355,-1.0461715207855808,-0.38187395397458407,-0.45884878510549787,1.1091360965302914,-0.47679694334658135
Odisha,Keonjhar,361,375,21,-0.41371863765491695,1.088442092048054,-0.13419234143788666,1801733,405272,0.3748430895937198,1.31333468138139,-0.3321197106267093,ODISHA,KEONJHAR,KENDUJHAR,99.95638888888888,36.583333333333336,47.19993019810223,37.079164771680304,KENDUJHAR,44.6,19.0,44.3,32.7,72.2,20.5,16.4,77.6,36.2,23.8,37.1,64.6,80.4,47.6,27.9,86.0,-8.399999999999999,4.800000000000001,-7.199999999999996,31.89999999999999,8.200000000000003,27.1,11.5,8.400000000000006,-0.3662724841571023,5.232415880916112,-6.67817139299259,3.3528682491606387,-19.615065607110168,-10.357358845137341,-6.654318241741514,-1.3631916497975354,-3.0686302860859715,0.7704349051082732,-0.8341574296840366,0.45515491872652236,-1.3655060693229568,-0.6419096927790747,-0.846452726733837,-0.1265332194702746,-0.34121055910143405
Odisha,Khordha,362,386,21,1.4610299220069434,-0.6360588720037978,-0.7621770591849297,2251673,494212,0.2453650238590821,0.2126665908718721,0.813320727513731,ODISHA,KHORDHA,KHORDHA,99.97722222222222,31.194444444444443,40.68829684321542,31.6517858960256,KHORDHA,24.7,13.8,20.3,19.0,85.1,47.0,46.2,73.2,17.1,13.2,16.9,56.1,97.8,73.2,63.3,87.9,-7.599999999999998,-0.6000000000000014,-3.400000000000002,37.1,12.700000000000003,26.200000000000003,17.099999999999994,14.700000000000003,0.32184483910990513,6.277826310536601,1.0357338300413201,3.2049600713094044,-22.127371709998467,4.759440426101687,7.169401600359785,11.725727471890622,2.9768506958832717,0.9243639320576456,0.12937150286538462,0.43507624886357144,-1.5404006784058624,0.29497200853995614,0.9119731448380894,1.0883972535114383,0.33100530060901817
Odisha,Koraput,363,398,21,-1.838624065776667,1.432860743208898,0.10045755353955575,1379647,337677,0.3385317743560513,1.0154829012604627,-0.6996015917347796,ODISHA,KORAPUT,KORAPUT,99.35833333333332,43.97222222222222,41.98521652183603,44.44335763674556,KORAPUT,40.3,28.5,44.4,71.4,68.4,18.2,19.0,67.1,43.1,15.9,33.5,69.7,82.1,39.4,31.5,98.0,2.8000000000000043,-12.6,-10.899999999999999,-1.7000000000000028,13.699999999999989,21.2,12.5,30.900000000000006,-0.11428809620417699,-7.590446631408894,8.137314780680228,3.7152052320604163,8.265140520959164,7.320397585488678,-5.954451304362092,-14.60001519608819,-2.103329629085753,-1.1176376578795648,1.0164161987673128,0.5043424941836396,0.5753791382214801,0.4536903891601534,-0.75742718632917,-1.3551923732443267,-0.23387577251294028
Odisha,Malkangiri,364,399,21,-1.9087178839049121,2.126071377461957,-0.5368537148103367,613192,137599,0.3805979864014217,1.3598171445628964,-0.9684203926414292,ODISHA,MALKANGIRI,MALKANGIRI,99.96777777777778,39.05555555555556,40.49626954937758,39.59924394970441,MALKANGIRI,45.7,32.5,51.8,72.2,67.8,16.7,5.6,76.9,44.3,19.3,41.6,78.7,90.7,41.4,20.9,94.8,-1.4000000000000057,-13.2,-10.199999999999996,6.5,22.900000000000006,24.7,15.299999999999999,17.89999999999999,0.009948698962497643,-2.8389627204149903,8.551576301621708,3.2895108732421,1.071884236788911,-7.639700393691115,0.7135082289473829,-10.91711764425833,2.7369643923139737,-0.4180164619724185,1.0681608014722,0.44655409723759343,0.07461940022348461,-0.473479562305675,0.09076076075698501,-1.0133410390746687,0.3043315953624803
Odisha,Mayurbhanj,365,376,21,-0.7749788652064789,1.4880803785769545,0.37978765289067934,2519738,586253,0.3037505001197705,0.7225059514537948,-0.7337503740707414,ODISHA,MAYURBHANJ,MAYURBHANJ,99.87666666666668,38.27777777777778,45.51682295700801,38.70530951516537,MAYURBHANJ,43.5,17.2,43.8,34.5,84.9,18.1,9.5,72.7,36.7,28.5,45.9,71.7,91.7,54.4,16.1,84.4,-6.799999999999997,11.3,2.1000000000000014,37.2,6.799999999999997,36.3,6.600000000000001,11.700000000000003,-0.7842958599369413,4.104148654462376,-14.913943473534635,-6.829888906407216,-28.40317231583385,-9.447367243557618,-8.02925691684358,5.906507696104121,-9.467616853905852,0.6043058218448332,-1.8628717387203582,-0.9271636399328184,-1.9772915860774907,-0.585511875716299,-1.021349770781338,0.5482497158231638,-1.0527338059352227
Odisha,Nabarangpur,366,397,21,-2.0545608365337933,1.6781232327289828,0.33881260180905276,1220946,273423,0.3819787529578125,1.3709408129890401,-0.6301107633766512,ODISHA,NABARANGPUR,NABARANGAPUR,99.61666666666666,41.75,42.618721589604355,42.27177375390394,NABARANGPUR,45.8,36.0,51.0,71.9,64.3,16.1,9.2,71.5,44.1,25.2,46.6,70.8,87.6,44.1,19.0,94.8,-1.6999999999999957,-10.8,-4.399999999999999,-1.1000000000000085,23.299999999999997,28.0,9.8,23.299999999999997,-0.1117103951467193,-3.629335037706829,6.171469830898829,-3.5194682563248065,7.863412423174017,-0.7541417530300905,2.4348443335859855,-10.167736567076489,-4.667534175675808,-0.5343929953236493,0.7708663208190373,-0.47777102144383854,0.5474127695775568,-0.04673883643866342,0.3097207783673578,-0.9437825141819994,-0.5189976625495557
Odisha,Nayagarh,367,385,21,0.7520085581050472,-0.5496180084191667,0.33585804866812813,962789,228315,0.2628914559683201,0.36818103431896626,-0.7914770002726912,ODISHA,NAYAGARH,NAYAGARH,99.86555555555556,34.888888888888886,41.896591262636235,35.48530627058635,NAYAGARH,28.0,17.5,25.4,26.5,92.5,31.6,21.0,85.9,20.0,10.5,20.2,55.2,98.3,67.1,42.3,96.1,-8.0,-7.0,-5.199999999999999,28.700000000000003,5.799999999999997,35.49999999999999,21.299999999999997,10.199999999999989,0.32653232482419825,6.286572413748801,7.7781607157588555,5.181916238761754,-14.448833454536658,-4.3292236053724675,-0.7754715767593847,13.685882340084348,1.0258743183917964,0.9256517316805568,0.9715549614576884,0.7034498492720974,-1.0058579549004707,-0.26830880691183673,-0.09864271692554065,1.270341374259039,0.11407016066205274
Odisha,Nuapada,368,394,21,-1.3522783339869997,0.6520247518318693,0.23910280307528953,610382,152210,0.4749101242079049,2.09515051277011,-0.6855796198785626,ODISHA,NUAPADA,NUAPADA,99.94416666666666,36.94444444444444,44.04142924020786,37.4523758111223,NUAPADA,37.6,26.4,40.0,63.9,84.7,20.2,8.7,83.8,43.1,18.1,38.0,73.5,89.8,58.4,23.2,97.0,5.5,-8.299999999999997,-2.0,9.600000000000001,5.099999999999994,38.2,14.5,13.200000000000003,-0.39267654342474323,-11.219886152388671,7.268091454029273,-3.354242621429088,3.02557124308332,-7.3257858855979165,-13.364662048476589,2.202508279155964,-1.824545590925844,-1.6520460375996975,0.9078431997662114,-0.455341491013788,0.2106256475686572,-0.4540243354991225,-1.7000321027400407,0.2044396791257709,-0.20287690700593636
Odisha,Puri,369,387,21,1.2485511097483226,-0.5835503312722057,-0.23750985976067518,1698730,367269,0.2849094568956356,0.5605191242398425,-0.09901121962563308,ODISHA,PURI,PURI,98.99555555555555,26.805555555555557,39.16200145830405,27.24732088510727,PURI,16.1,12.1,17.2,29.2,97.8,40.1,19.9,88.2,13.8,8.9,11.3,51.0,97.7,67.3,34.4,95.8,-2.3000000000000007,-3.1999999999999993,-5.899999999999999,21.8,-0.09999999999999432,27.199999999999996,14.5,7.599999999999994,0.0803817140269675,0.8710628696271145,4.5093316224887126,6.39960151058309,-5.637572769227539,-4.407641778955682,-6.0782825121349,9.181124994642445,-2.973233268826341,0.12825762603315996,0.5632518625914674,0.8687517340297439,-0.3924605701976125,-0.27316886693927606,-0.7731789522751591,0.852203946601094,-0.33060306762767766
Odisha,Rayagada,370,396,21,-1.757364142695187,1.68177260002844,0.5851327218463115,967911,226144,0.3666245266199541,1.2466146628451227,-0.863903660321987,ODISHA,RAYAGADA,RAYAGADA,99.79861111111111,39.666666666666664,46.051336223084505,40.15801715461393,RAYAGADA,43.5,23.1,42.4,49.8,71.5,23.4,17.1,71.2,43.6,16.1,39.8,70.5,68.9,50.5,30.2,92.7,0.10000000000000142,-7.0,-2.6000000000000014,20.700000000000003,-2.5999999999999943,27.1,13.099999999999998,21.5,-0.7519010716799608,-4.698917030852357,2.7168785234360815,-4.378701293032769,-13.312887236434367,-2.260910747498855,-21.746114528593285,-9.972039208023148,-2.784104627327469,-0.6918811079180777,0.33936002425023665,-0.5944126887947284,-0.9267788691450363,-0.14012264565007965,-2.7661823901251754,-0.9256176311396721,-0.3095732649171543
Odisha,Sambalpur,371,372,21,0.4312659801042699,0.8872734762569412,0.04492804002923326,1041099,249597,0.2940520895687699,0.639417909020947,-0.38275157226637224,ODISHA,SAMBALPUR,SAMBALPUR,99.9063888888889,38.388888888888886,42.31956518244184,38.85626226674432,SAMBALPUR,40.2,28.6,45.3,70.5,90.3,33.7,22.7,74.4,40.7,25.5,36.3,64.5,99.5,62.4,42.6,98.0,0.5,-3.1000000000000014,-9.0,-6.0,9.200000000000003,28.699999999999996,19.900000000000002,23.599999999999994,0.43003524444968744,-1.8243697139525743,1.565824567556262,7.127471252428715,18.71182777405708,6.869742145737842,-0.9650401680665084,5.573687273144845,3.8021628462695745,-0.2686250748106377,0.19558410824546787,0.9675607144530506,1.302627016671253,0.42576047969143865,-0.12275650968171828,0.5173568918913635,0.4227743291372818
Odisha,Sonepur,372,392,21,0.09339782027757226,0.10513537547753721,0.7423111076424543,610183,151136,0.3151520865348106,0.8193985877588618,-0.4080718509513747,ODISHA,SONEPUR,SONEPUR,98.91805555555555,33.05555555555556,37.596994437039626,33.60390356398365,SONEPUR,47.5,22.3,43.0,75.0,93.0,16.0,12.7,91.9,29.6,26.0,34.5,73.1,96.1,66.7,41.6,98.0,-17.9,3.6999999999999993,-8.5,-1.9000000000000057,3.0999999999999943,50.7,28.900000000000002,6.099999999999994,0.6691963033066558,14.96265043144739,-4.393066041448975,5.959774933216737,14.525023936788921,-9.847090810576914,-6.646723917964147,23.864166142641395,10.069160401587574,2.203140657715095,-0.5487293544775556,0.8090448755437111,1.011161968051586,-0.6102852215024572,-0.8454867019908772,2.2151028965372697,1.1196213065764746
Odisha,Sundargarh,373,374,21,0.186302546522215,1.2145113837039605,-0.6957874149705534,2093437,479109,0.502098581239245,2.298413649006646,-0.2527788183674597,ODISHA,SUNDARGARH,SUNDARGARH,99.97111111111111,42.27777777777778,46.01799994944701,42.73064420567851,SUNDARGARH,37.2,31.4,44.2,75.3,88.3,37.9,24.6,85.4,32.9,21.1,34.7,77.1,91.3,65.5,40.2,82.0,-4.300000000000004,-10.299999999999997,-9.5,1.7999999999999972,3.0,27.6,15.600000000000001,-3.4000000000000057,0.15800956176029657,1.4530307630605654,10.640760195045429,7.507245722266551,16.072524903878616,-20.506456035361488,-12.185057478652348,1.3526212467314878,2.503275553538872,0.213948134769052,1.3291167075311916,1.0191154446446473,1.1188915064161251,-1.2709121205959286,-1.5499822451404877,0.1255520609286681,0.27834700552910485
Puducherry,Karaikal,598,637,34,1.4756560861391572,-0.665713855679843,-0.4235541084661956,200222,49705,0.0745061522539408,-1.4294457366789448,1.2281968071567577,PUDUCHERRY,KARAIKAL,KARAIKAL,94.44361111111112,13.47222222222222,82.44595776789679,14.006504340087606,KARAIKAL,19.0,23.3,24.8,48.4,99.6,69.1,73.1,89.6,25.5,15.3,19.7,65.5,99.6,84.3,81.2,88.9,6.5,-8.0,-5.100000000000001,17.1,0.0,15.200000000000003,8.100000000000009,-0.6999999999999886,-0.2076489869264324,-6.7073766308707885,5.474080572140416,3.681296618567103,-8.575897133866297,-10.351463956236316,-2.4027855082103855,3.8599618363960904,-6.036012258994699,-0.9876120697855579,0.6837567817937906,0.49973936901683896,-0.5970125117470381,-0.6415443499942971,-0.3056427828208211,0.3582866710371436,-0.6711630029115181
Puducherry,Puducherry,600,635,34,1.3516294102993391,-0.73765819829166,-0.6097505237023673,950289,231513,0.0838294163650454,-1.3333080183311654,1.9599976417573315,PUDUCHERRY,PUDUCHERRY,PONDICHERRY,100.0,13.833333333333334,87.20178211314574,14.3225568245271,PONDICHERRY,24.1,24.6,21.3,44.6,100.0,62.5,86.9,91.9,17.0,11.6,13.1,66.3,99.5,84.6,95.0,80.1,-7.100000000000001,-13.000000000000002,-8.200000000000001,21.699999999999996,-0.5,22.099999999999994,8.099999999999994,-11.800000000000011,0.0974711730781844,6.068391989527676,9.981331732403678,5.531616847021607,-13.81070766971345,-20.163651683907837,-3.797753946083322,10.756739019081532,-3.7384810491547427,0.8935262626320502,1.2467487778858213,0.7509220253622183,-0.9614347217784918,-1.249666411220101,-0.48308768326732654,0.9984544867833232,-0.4156933517720185
Punjab,Amritsar,27,49,3,0.7357309388976128,-0.07398285337988834,-0.6601081527128387,2490656,488898,0.0809843929015073,-1.362556790730298,1.1334757595208014,PUNJAB,AMRITSAR,AMRITSAR,99.9452777777778,25.833333333333332,43.245131018073515,26.327215561348208,AMRITSAR,22.4,10.7,12.8,45.0,90.0,78.3,72.8,91.9,19.4,11.9,11.2,73.6,95.9,86.0,82.9,65.8,-3.0,1.200000000000001,-1.6000000000000014,28.599999999999994,5.900000000000006,7.700000000000003,10.100000000000009,-26.10000000000001,-0.6870831974878278,2.1579290660704573,-5.3158277204080076,-1.6671176534405099,-22.51812998940108,-38.76985101809886,-0.35560416610669954,-7.065013108871922,-2.272382894932827,0.31773924571096823,-0.6639897251741013,-0.22631273992028295,-1.5676033813103607,-2.402807851714279,-0.045234102894386466,-0.6557836929224374,-0.25267333167774203
Punjab,Barnala,605,54,3,0.13822917487626024,-0.01655895375808961,-0.2820340297470412,595527,115798,0.0978467264850937,-1.1903124870909059,0.29216214900520265,PUNJAB,BARNALA,BARNALA,100.0,21.805555555555557,67.86627538045957,22.276274878753227,BARNALA,24.6,11.8,17.9,51.5,96.3,85.5,54.4,90.9,33.8,9.4,16.5,60.6,96.7,90.7,73.5,68.5,9.199999999999996,-2.4000000000000004,-1.3999999999999986,9.100000000000001,0.4000000000000057,5.200000000000003,19.1,-22.400000000000006,-0.8185275364463029,-10.662563805713319,-1.6746621757537303,-2.230331880382321,-3.7137939054495313,-38.09778423871408,-7.723862182831619,-14.315470158700471,4.179104191288454,-1.569984405067467,-0.20917880268565875,-0.3027695842217243,-0.2585363831904649,-2.3611557098572407,-0.9825024845615361,-1.3287805333021547,0.4646876113158228
Punjab,Bathinda,28,46,3,0.015364248566212902,-0.007567335027381999,-0.060529132681735244,1388525,273902,0.0926263387597024,-1.243353004858472,0.6294795161580482,PUNJAB,BATHINDA,BHATINDA,100.0,18.27777777777778,67.28617476811334,18.85438762996303,BATHINDA,24.7,10.4,17.2,44.6,94.7,85.0,62.7,92.6,23.0,15.4,23.8,69.6,93.1,88.4,78.1,66.5,-1.6999999999999993,5.0,6.600000000000001,24.999999999999993,-1.6000000000000085,3.4000000000000057,15.399999999999991,-26.099999999999994,-1.1828366186807706,-0.18582239351304852,-9.656656308178814,-11.144727641686835,-20.653449952554652,-41.32921868886798,-9.767426272090022,-16.929924187740724,0.871446456452011,-0.02736098608586751,-1.2061942006796762,-1.512906928344433,-1.437793369013681,-2.561427721877744,-1.242451037180718,-1.571457551974201,0.09689884571015532
Punjab,Faridkot,29,45,3,0.14942029222248715,0.2806671633202035,0.036017956538407433,617508,120893,0.0953562573399609,-1.2155847781277946,0.2629615478587086,PUNJAB,FARIDKOT,FARIDKOT,100.0,21.27777777777778,58.82337584590127,21.779678451795608,FARIDKOT,34.8,22.6,26.9,60.6,95.5,83.7,64.2,97.8,28.1,10.3,20.7,76.1,94.3,87.5,79.1,70.8,-6.699999999999996,-12.3,-6.199999999999999,15.499999999999993,-1.2000000000000028,3.799999999999997,14.899999999999991,-27.0,-0.5015440816705807,5.52621970085587,7.75058114909398,2.3664741756074266,-10.542918189273482,-43.05541510986619,-9.019132254217944,-16.33116564035909,-0.4488215670463429,0.8136953651495542,0.9681100513038232,0.3212510248014242,-0.7339470111489127,-2.668410808091805,-1.1472654015053385,-1.5158800059286426,-0.049905867944749153
Punjab,Fatehgarh Sahib,30,40,3,0.9732307082767371,-0.023994239986566218,-0.8308654358275085,600163,118100,0.0825059544850541,-1.3469045422229087,0.6008552169877437,PUNJAB,FATEHGARH SAHIB,FATEHGARH SAHIB,100.0,41.611111111111114,73.958375616211,42.0639429993196,FATEHGARH SAHIB,18.7,14.2,17.1,62.9,94.3,83.0,69.4,87.8,30.0,7.1,18.2,61.5,96.6,87.6,74.3,83.6,11.3,-7.1,1.0999999999999979,-1.3999999999999986,2.299999999999997,4.599999999999994,4.8999999999999915,-4.200000000000003,-0.5336490872225942,-11.311138290138159,3.731036077767643,-2.939516360655219,8.877895941164486,-17.550729735798527,-3.389893100093315,-8.910779223304088,-8.47801789390343,-1.6654822463583263,0.4660364763855529,-0.3990420233673809,0.6180362091719644,-1.0877274507143537,-0.4312063465662043,-0.8271101009758677,-0.9426972153561374
Punjab,Ferozepur,31,43,3,-0.0578767847739141,0.4254960840904143,0.2647317002909078,2029074,385994,0.159650777527483,-0.5808593845333679,0.30185074539700996,PUNJAB,FEROZEPUR,FEROZEPUR,100.0,24.416666666666668,42.97847035500797,24.84696330100943,FEROZEPUR,28.3,21.9,30.8,46.4,86.6,77.1,49.6,87.0,30.0,12.9,22.0,73.4,95.5,84.8,68.6,74.5,1.6999999999999993,-8.999999999999998,-8.8,27.000000000000007,8.900000000000006,7.700000000000003,18.999999999999993,-12.5,-0.45459267155142286,-3.7219949037740987,4.910015738361438,4.437347639770136,-20.68565847951841,-28.77952257423679,-0.4359304707615177,-15.361953601024364,3.603369185038213,-0.5480364817638714,0.613300537976218,0.6023739837813525,-1.4400355709993333,-1.783645306701915,-0.05545189187493413,-1.42591648560882,0.4006698427799202
Punjab,Gurdaspur,32,35,3,0.9658456909089428,-0.3271889174344337,-0.6797880807792377,2298323,443666,0.0794530355981612,-1.3783320681135993,0.257793425830342,PUNJAB,GURDASPUR,GURDASPUR,100.0,26.666666666666668,30.813313639027488,27.122720543317115,GURDASPUR,22.4,15.5,21.1,71.5,87.3,74.7,69.8,89.2,25.1,9.5,15.3,70.1,92.4,85.4,81.3,80.0,2.700000000000003,-6.0,-5.800000000000001,-1.4000000000000057,5.1000000000000085,10.700000000000003,11.5,-9.200000000000003,-0.10736002214275214,-2.7881521828768014,3.260589533730158,4.516986631469662,9.26744282404264,-22.746685219706066,0.014066985017588962,-3.321612937205492,-3.576468550195731,-0.4105349825645009,0.4072739114729752,0.6131850494423828,0.645154580505025,-1.4097530016524424,0.0017893700590348764,-0.3083164269977366,-0.3976786774067548
Punjab,Hoshiarpur,33,38,3,1.3946051262324526,0.11238132563202026,-0.6287318109774194,1586625,336994,0.0563656008031024,-1.6189180487877033,-0.17281612902613355,PUNJAB,HOSHIARPUR,HOSHIARPUR,100.0,27.5,52.66195983132887,27.906791885955684,HOSHIARPUR,25.7,16.7,21.1,59.7,91.3,76.2,62.7,92.7,19.3,11.5,12.4,69.6,98.3,89.7,77.3,92.9,-6.399999999999999,-5.199999999999999,-8.700000000000001,9.899999999999991,7.0,13.5,14.599999999999994,0.20000000000000284,0.2710741759865827,7.9637963742959315,2.38019164339243,8.817140567749737,-1.483050336594502,-13.980274051690008,3.5470955334511602,1.8311036830596876,-1.3466546915240603,1.1726106723110956,0.2973051194060385,1.1969348630144103,-0.10324279695486588,-0.8664441925463291,0.4512030499895917,0.16996542212962612,-0.14973872945690547
Punjab,Jalandhar,34,37,3,1.2593116213693594,0.28212893947835777,-0.9389642799608432,2193590,461635,0.0405325822991647,-1.7869673534076163,0.928669683415018,PUNJAB,JALANDHAR,JALANDHAR,100.0,24.27777777777778,65.33691665481611,24.805634112940822,JALANDHAR,29.3,17.3,25.4,60.0,95.7,89.2,78.7,91.0,24.8,10.3,16.7,69.2,92.3,88.2,82.3,91.3,-4.5,-7.0,-8.7,9.200000000000003,-3.4000000000000057,-1.0,3.5999999999999943,0.29999999999999716,-0.24184632650067037,5.465398766171825,2.6218542760060473,6.848561698057325,-2.9253678372975926,-12.4246653875276,-7.863564516192246,-11.657560024174757,-8.459816315468364,0.8047399280993757,0.32749072989863165,0.929698488407115,-0.2036499707339266,-0.7700334864360768,-1.000273113603954,-1.082069862477433,-0.9406733251590946
Punjab,Kapurthala,35,36,3,0.9639495712829382,0.05928921220013858,-0.5443064349850822,815168,167989,0.0436854493452671,-1.75330031380864,0.4523135750814452,PUNJAB,KAPURTHALA,KAPURTHALA,100.0,27.63888888888889,67.12430041847247,28.22250862940501,KAPURTHALA,20.8,18.0,20.5,67.2,91.2,81.8,76.1,100.0,24.6,12.8,19.2,68.7,95.0,87.7,84.2,65.7,3.8000000000000007,-5.199999999999999,-1.3000000000000007,1.5,3.799999999999997,5.900000000000006,8.100000000000009,-34.3,-0.5778451791650374,-3.3388533307849633,1.129200972256939,-0.6272127766412188,4.418092690466238,-48.1760387578682,-0.9038285980426997,-7.499867201092014,-6.2748707564807855,-0.4916216920860225,0.14104630222622508,-0.08514470571512545,0.30756626077642024,-2.985767578468592,-0.11497018229669799,-0.6961474145580594,-0.6977224231984469
Punjab,Ludhiana,36,41,3,1.16350928172383,-0.27688438537883087,-0.9813355244589214,3498739,716826,0.079792433350287,-1.3748338326482386,1.1405468442630986,PUNJAB,LUDHIANA,LUDHIANA,99.99972222222222,25.36111111111111,74.09582118529293,25.84806584456936,LUDHIANA,30.1,17.8,28.5,60.8,82.5,80.8,76.8,72.3,22.1,5.9,12.4,77.9,90.1,84.6,83.2,73.2,-8.0,-11.9,-16.1,17.10000000000001,7.599999999999994,3.799999999999997,6.400000000000006,0.9000000000000057,0.22282381866913126,7.757052460349992,8.668392201880398,14.103011566748528,-9.36212463944197,-10.553949788364628,2.6350761502034414,-8.036834928451663,-5.757454544246306,1.142169145615254,1.0827520488918547,1.9144966656741091,-0.6517458709025162,-0.6540936514365874,0.3351909709547142,-0.7459894564342286,-0.6401893030095501
Punjab,Mansa,37,47,3,-0.4338730619123965,0.04534193479358061,0.20542862236764098,769751,149630,0.1415042167719969,-0.7563684478159788,-0.06303971973394129,PUNJAB,MANSA,MANSA,100.0,21.166666666666668,62.69905372635763,21.612791942954164,MANSA,29.6,16.1,24.9,52.4,91.3,75.0,40.6,91.9,36.6,12.1,22.7,78.2,88.8,85.4,52.3,79.1,7.0,-4.000000000000002,-2.1999999999999993,25.800000000000004,-2.5,10.400000000000006,11.699999999999996,-12.800000000000011,-1.0657782076907774,-9.61756936231917,-0.01642476991078823,-2.4124672500847035,-20.621931183480775,-30.27589438162761,-12.654923338421957,-14.274956756831102,-4.800729203523325,-1.4161166290423541,-0.002051586137233768,-0.3274946265537236,-1.4355991846387703,-1.876384737818224,-1.6097508380680534,-1.3250200267211574,-0.5338080325467021
Punjab,Moga,38,42,3,0.35606381411530347,0.17287377627881903,0.0008350051048328633,995746,193256,0.1037438019267497,-1.1306991732622247,0.328818919248605,PUNJAB,MOGA,MOGA,99.99972222222222,19.555555555555557,63.21133401463607,20.03738499836591,MOGA,28.6,20.0,24.4,50.4,93.1,86.9,55.4,94.0,22.0,12.0,16.8,70.3,93.0,87.8,71.5,80.6,-6.600000000000001,-8.0,-7.599999999999998,19.9,-0.09999999999999432,0.8999999999999915,16.1,-13.400000000000006,-0.4230592540447916,5.559950827432636,3.962983937612396,4.2722400832286995,-13.925607955382214,-28.61871000453189,-7.230436327634715,-18.24928292280166,0.7074738923659076,0.8186620264193796,0.4950086334631374,0.5799604825954454,-0.9694335243616841,-1.7736787555031266,-0.9197369772023498,-1.6939221433677034,0.07866622559856865
Punjab,Patiala,41,48,3,0.5805850168725558,-0.35890035338013815,-0.6675356702194981,1895686,372293,0.0754899936296352,-1.419261475650163,0.6927269319252543,PUNJAB,PATIALA,PATIALA,100.0,19.055555555555557,64.6946955737264,19.54436088454073,PATIALA,17.6,12.1,13.6,49.3,96.9,87.5,68.6,95.3,20.3,9.9,16.9,76.7,97.3,88.1,80.4,74.7,2.6999999999999993,-2.1999999999999993,3.299999999999999,27.400000000000006,0.3999999999999915,0.5999999999999943,11.800000000000011,-20.599999999999994,-0.9449982269915891,-3.7339043235046256,-1.4391307956211197,-6.184396909487861,-21.33987470009614,-34.14901320601729,-6.038440539461356,-15.071868900372555,-1.9946648986618314,-0.5497900565692397,-0.17975903504275148,-0.8395375134156192,-1.4855789424945882,-2.1164259058258446,-0.7681109129685284,-1.398990446927468,-0.22179300268867283
Punjab,Rupnagar,42,51,3,1.0929543559066823,-0.27542853716005256,-0.9312098661727284,684627,135635,0.065064356579082,-1.5276596247337828,0.42032160728918266,PUNJAB,RUPNAGAR,ROPAR,99.99944444444444,31.583333333333332,65.87562861667821,32.047240789489756,RUPNAGAR,19.0,14.4,20.1,69.6,91.3,80.9,67.6,93.1,15.1,9.1,15.3,65.5,97.8,84.0,63.9,76.5,-3.9000000000000004,-5.300000000000001,-4.800000000000001,-4.099999999999994,6.5,3.0999999999999943,-3.6999999999999957,-16.599999999999994,-0.2828961176331065,4.1505115120413905,2.3255108917766303,3.6229790017769172,11.751446476774651,-29.777452310085117,1.636818702929748,-9.288619348851695,-17.763799695499227,0.6111324129630419,0.29047505282989644,0.4918226994199628,0.8180789097918175,-1.845493194733162,0.20820910631728792,-0.862181712174258,-1.9752122154794387
Punjab,Sangrur,43,53,3,0.038536160729091495,-0.21022619168580295,-0.4617120855076397,1655169,318870,0.1086994195847829,-1.0808487931603061,0.32762808788399966,PUNJAB,SANGRUR,SANGRUR,99.99972222222222,19.52777777777778,64.63009606244346,20.000608165077185,SANGRUR,27.3,18.0,19.2,51.4,88.0,87.7,51.8,79.0,23.4,10.4,18.1,66.9,94.7,92.4,69.8,89.6,-3.900000000000002,-7.6,-1.0999999999999979,15.500000000000007,6.700000000000003,4.700000000000003,18.0,10.599999999999994,-0.2334252671522604,1.9926887575848236,3.841514697354217,-2.6329355204713885,-9.82578714127543,-4.996425523388689,-2.0650257382420136,-15.140236401249982,3.403758458323013,0.2934088208583662,0.47983614637396876,-0.3574233950684869,-0.684023813431628,-0.3096594431714345,-0.26267854998967544,-1.4053364071557621,0.378474504366569
Punjab,S.A.S Nagar,608,52,3,1.227294585913372,-0.4838894871444537,-1.0876785489461958,994628,205411,0.0532446083257703,-1.6518435890869891,2.061117897993381,PUNJAB,S.A.S NAGAR,SAS NAGAR MOHALI,100.0,25.944444444444443,65.11604763626512,26.43809707769274,S.A.S NAGAR,24.1,9.9,24.0,66.7,88.9,79.4,80.7,90.1,26.2,10.7,23.0,63.7,97.4,87.6,88.9,71.1,2.099999999999998,0.7999999999999989,-1.0,-3.0,8.5,8.199999999999989,8.200000000000003,-19.0,-0.2825635135343254,-2.7887755092454913,-4.851302169973049,-2.149303971567585,9.24668291537298,-28.249892954052996,4.16870316156157,-1.9430827167233673,-1.7532326644778244,-0.41062676280572075,-0.6059667400827067,-0.2917699717972326,0.6437093759946341,-1.7508208780167496,0.5302737305098109,-0.1803594614745268,-0.19494740060211196
Punjab,Shahid Bhagat Singh Nagar,40,39,3,0.940363677884103,0.4404188495908303,-0.8030672150241431,612310,129500,0.0526397764489188,-1.6582356697940202,0.340551195773619,PUNJAB,SHAHID BHAGAT SINGH NAGAR,NAWANSHAHR,99.99638888888887,29.72222222222222,65.444018546704,30.267974546587443,SHAHID BHAGAT SINGH NAGAR,23.3,15.7,25.1,76.2,91.8,81.6,55.1,86.1,17.9,12.0,11.2,63.9,99.3,91.3,76.4,100.0,-5.400000000000002,-3.6999999999999993,-13.900000000000002,-12.300000000000004,7.5,9.700000000000003,21.300000000000004,13.900000000000006,0.5585479401408067,6.231858362703495,-0.6493023725127411,12.04009693676062,18.398993099327676,-0.944532492808916,1.7530596634104247,-3.5030357124276854,7.889764752940856,0.9175954885063619,-0.08110309937706862,1.6344541256825789,1.2808489785247565,-0.05853853007743162,0.22299536606360243,-0.32515632462878913,0.8772875164324425
Punjab,Sri Muktsar Sahib,39,44,3,-0.19626805215227475,0.43139463956998153,0.5992519452877806,901896,174360,0.152865951142012,-0.6461569804973859,0.06825757139040617,PUNJAB,SRI MUKTSAR SAHIB,MUKATSAR,100.0,20.13888888888889,58.05699201166814,20.70514172571842,SRI MUKTSAR SAHIB,31.5,16.0,22.4,63.9,93.6,79.6,59.3,96.9,35.0,13.6,30.7,69.0,96.4,82.9,72.9,57.6,3.5,-2.4000000000000004,8.3,5.100000000000001,2.8000000000000114,3.3000000000000114,13.600000000000009,-39.300000000000004,-1.1713531423622194,-5.6006323025992835,-1.8477205944300703,-12.820177317596023,0.5995667734503609,-56.28136270025681,-6.389080588601965,-21.210809279056217,-3.1218921976858525,-0.8246520755999109,-0.23079519394206083,-1.7403507479039197,0.04173894110321393,-3.4881047166837313,-0.812713562693841,-1.9688148662351126,-0.3471329169423934
Punjab,Tarn Taran,609,50,3,-0.03492763877617052,0.049006154412251944,-0.11852375918448012,1119627,203421,0.118333640361798,-0.9845690928897581,0.6490098166136645,PUNJAB,TARN TARAN,TARN TARAN,100.0,33.611111111111114,35.925362009545466,34.01025801515596,TARN TARAN,23.2,9.5,14.3,53.3,90.5,77.9,55.1,96.5,23.8,11.3,14.4,70.5,96.0,82.0,66.2,81.8,0.6000000000000014,1.8000000000000007,0.09999999999999964,17.200000000000003,5.5,4.099999999999994,11.100000000000001,-14.700000000000003,-0.8585604911674845,-2.749114369750836,-6.197345248346255,-4.718307638868824,-12.118876111532595,-29.999482476503665,-3.405989338370855,-16.90813360904181,-3.0890754305597383,-0.4047869505777789,-0.7740983690010582,-0.6405145595666315,-0.8436575852018668,-1.8592537796510373,-0.43325384478994655,-1.5694349221574002,-0.34348391839415665
Rajasthan,Ajmer,86,119,8,-0.599215985873158,-0.5184237955853438,-0.8126287938898167,2583052,494832,0.172652537021667,-0.4567902685690602,-0.058044521781944906,RAJASTHAN,AJMER,AJMER,99.99638888888887,41.5,76.73840027537227,42.0245176601528,AJMER,33.5,31.6,39.6,68.7,87.2,69.4,50.6,67.1,22.3,20.0,23.1,76.3,95.1,77.5,52.9,78.9,-11.2,-11.600000000000001,-16.5,7.599999999999994,7.8999999999999915,8.099999999999994,2.299999999999997,11.800000000000011,0.010241377601413137,7.678984632167046,8.807502430532205,12.239160091731407,-0.9145851283486071,-5.531820686369247,-4.438131890123714,-15.785353825707297,-12.35755584745638,1.1306742298503385,1.1001280376088725,1.661477130283149,-0.06366899650949129,-0.342841198261981,-0.5645460141107485,-1.4652170443831685,-1.3740751236656654
Rajasthan,Alwar,87,104,8,-0.6219217614575966,-0.3100418445942681,-0.903395678777531,3674179,639720,0.166005884080737,-0.5200430266734628,0.36331875338992464,RAJASTHAN,ALWAR,ALWAR,99.99666666666668,32.52777777777778,71.40745550197724,33.02585907554734,ALWAR,41.8,18.5,35.6,54.0,81.9,40.3,24.0,47.4,33.9,15.6,24.0,63.2,91.3,66.0,34.9,59.4,-7.899999999999999,-2.9000000000000004,-11.600000000000001,9.200000000000003,9.399999999999991,25.700000000000003,10.899999999999999,12.0,0.05774531902203102,4.332616971722219,-0.6554025987495091,6.5811875328153935,-3.3710488968247088,-4.915391337956393,-3.3183539700255054,2.2866381173406722,-2.143565359756879,0.6379461077728538,-0.08186506679879323,0.8934022019423161,-0.23467613215272715,-0.30463725268318387,-0.42210631715459385,0.21224871997531355,-0.23834970872493697
Rajasthan,Banswara,88,125,8,-1.5922988881652758,2.1463680005659125,-0.7407165059113099,1797485,367797,0.3148798319457816,0.8170947267150231,-0.44879022786686296,RAJASTHAN,BANSWARA,BANSWARA,99.97944444444444,44.72222222222222,56.037350782506195,45.227854466566114,BANSWARA,50.0,30.8,50.7,84.6,93.1,20.8,12.6,46.1,44.6,17.3,38.7,82.1,97.7,40.8,21.1,83.0,-5.399999999999999,-13.5,-12.0,-2.5,4.6000000000000085,19.999999999999996,8.500000000000002,36.9,-0.009228934430548008,1.8921066867967387,7.9774470698744295,5.006898695104072,8.690601639485292,12.810422636498615,-15.969516110955283,-12.06434981097193,-2.4848698349838827,0.27859884781210215,0.9964474332344058,0.6796910583088169,0.6049976850693565,0.7939412529696792,-2.0313787176491225,-1.119828618833311,-0.2763004163563107
Rajasthan,Baran,89,128,8,-0.8764480356614023,0.3613121615017408,0.0003248632708168044,1222755,241428,0.2551141320708228,0.29943985671695755,-0.1837835416339853,RAJASTHAN,BARAN,BARAN,99.97888888888887,38.25,59.503384716138775,38.76196661327865,BARAN,40.2,28.5,41.1,76.3,97.0,31.4,25.0,68.0,46.0,21.3,40.2,65.1,97.3,59.0,39.6,89.3,5.799999999999997,-7.199999999999999,-0.8999999999999986,-11.200000000000003,0.29999999999999716,27.6,14.600000000000001,21.299999999999997,-0.25310010860957555,-9.684063910355174,3.9690926360385888,-4.356846930909397,18.72106041935176,2.4221638019360228,-13.775067803929009,-1.2349840878878844,-0.8070228294345902,-1.4259074640929823,0.4957716591296027,-0.5914459392308069,1.3032697488159375,0.15011649641658534,-1.7522371608917298,-0.11463282705569951,-0.08973538196751116
Rajasthan,Barmer,90,115,8,-1.809036060668125,-0.4042061773367824,-0.9949499117131145,2603751,451629,0.278162400203551,0.5019327433745657,-0.8088280822134327,RAJASTHAN,BARMER,BARMER,99.99944444444444,49.861111111111114,55.34915919835922,50.3586141718218,BARMER,36.6,25.9,39.6,60.1,60.3,20.2,14.7,36.0,39.1,11.5,31.7,67.1,93.3,83.6,26.8,92.9,2.5,-14.399999999999999,-7.900000000000002,6.999999999999993,33.0,63.39999999999999,12.100000000000001,56.900000000000006,0.8935681367495082,-8.282692533387097,12.028894723660333,2.0765588721680643,-0.013529706680746045,35.26136802423828,14.314585737887807,31.244725964784273,-2.893660352769121,-1.219565795462694,1.502505897820629,0.2818947582951122,-0.0009418727909848377,2.1853654250895604,1.8208657430741344,2.900176045222855,-0.32175510725254663
Rajasthan,Bharatpur,91,105,8,-0.816093838407782,-0.3837151021817303,-0.5714215161735475,2548462,425414,0.2181707791527566,-0.03301796334765826,0.09034772945766965,RAJASTHAN,BHARATPUR,BHARATPUR,99.97722222222222,29.333333333333332,61.06728490033831,29.8943082463811,BHARATPUR,47.6,14.6,30.9,56.4,79.4,34.3,16.2,50.5,40.3,12.2,29.1,75.7,92.1,62.7,24.3,64.1,-7.300000000000004,-2.4000000000000004,-1.7999999999999972,19.300000000000004,12.699999999999989,28.400000000000006,8.100000000000001,13.599999999999994,-0.21936112501240237,3.0164241216534524,-0.3617142481776847,-3.2431235582473734,-12.158835337953526,-3.8352470808002472,-0.844607172684519,2.030111105422332,-6.389465034162162,0.4441463531995656,-0.04518102483212591,-0.4402569769759633,-0.8464393534251378,-0.23769402143714993,-0.10743700832538859,0.1884375495474885,-0.7104645178505077
Rajasthan,Bhilwara,92,122,8,-1.2001614973356947,-0.27395983625975695,-0.8566911387346567,2408523,498125,0.1903679064314251,-0.2899376754265164,-0.3020823316293041,RAJASTHAN,BHILWARA,BHILWARA,99.99416666666669,42.75,75.585865712748,43.24697363012646,BHILWARA,35.5,33.8,42.6,71.7,81.8,32.7,27.3,66.5,22.6,17.4,23.5,62.7,95.0,62.3,26.5,83.2,-12.899999999999999,-16.4,-19.1,-9.0,13.200000000000003,29.599999999999994,-0.8000000000000007,16.700000000000003,0.4798461623419542,8.617874803241257,12.94308694465439,13.668880814834424,14.405287191360099,-2.9304322493640917,-1.9416521396228639,2.2543968595912567,-15.161811194284153,1.2689189291099858,1.6166958741518322,1.8555630206811649,1.0028264745141713,-0.1816170408909158,-0.2469849935404103,0.2092560445555291,-1.6858890098457235
Rajasthan,Bikaner,93,101,8,-0.8827719945263002,-0.5074081467173955,-0.9658367013845205,2363937,384944,0.2399664715808941,0.16432335006541537,-0.778342442113386,RAJASTHAN,BIKANER,BIKANER,99.78027777777778,41.97222222222222,51.20077390061334,42.4519138998155,BIKANER,33.7,24.4,33.2,51.2,73.4,64.8,39.7,56.0,22.8,25.6,28.5,82.4,90.0,79.8,51.4,75.6,-10.900000000000002,1.2000000000000028,-4.700000000000003,31.200000000000003,16.599999999999994,15.0,11.699999999999996,19.599999999999994,-0.25263556958904526,6.86853688282392,-2.763715316535213,1.055839414875265,-22.398796720193772,0.29640853821569024,2.0389665349741506,-11.752942956180618,-4.1195152645751385,1.0113417362047719,-0.3452103171892903,0.14333116226267367,-1.5592959758375153,0.01837027340154937,0.2593637275148156,-1.090923430111161,-0.4580617329582059
Rajasthan,Bundi,94,121,8,-1.2260266126607964,0.30864391182965434,-0.5816331364347253,1110906,220768,0.2577226174664785,0.3225427504667855,-0.3881024547274246,RAJASTHAN,BUNDI,BUNDI,99.99944444444444,36.416666666666664,64.09459132333691,36.87726163063453,BUNDI,38.4,27.7,43.4,80.0,92.4,26.6,22.8,63.0,30.0,19.6,29.1,74.9,95.3,56.3,26.5,75.7,-8.399999999999999,-8.099999999999998,-14.299999999999997,-5.099999999999994,2.8999999999999915,29.699999999999996,3.6999999999999993,12.700000000000003,-0.013323025490056317,4.09902589432111,4.787960698131205,8.747128998883921,12.101163759857489,-7.647574495822827,-13.409442568393033,0.22678352348756192,-10.606774670659735,0.6035515329440362,0.598054879749287,1.1874307287720303,0.842424536880806,-0.4739675691958342,-1.7057283426568608,0.021050341200340973,-1.1794003116142557
Rajasthan,Chittorgarh,95,126,8,-1.1968583042279068,-0.14950463289218532,-0.6913447781064082,1544338,329119,0.2957713755694971,0.6541926582852587,-0.1572611336493267,RAJASTHAN,CHITTORGARH,CHITTORGARH,99.9975,40.0,68.11004269491195,40.468822008071,CHITTORGARH,37.4,23.8,41.9,71.1,85.6,32.0,25.4,42.4,31.4,14.6,25.9,72.4,96.8,63.8,31.3,87.8,-6.0,-9.200000000000001,-16.0,1.3000000000000114,11.200000000000003,31.799999999999997,5.900000000000002,45.4,0.39750711314746817,0.8733641582838274,6.92582592321536,10.538845554183,7.204905853651729,26.436146471481205,-5.237113021036009,2.1234172266451026,-8.230640396279911,0.12859647392832207,0.8650914764796909,1.4306578831084025,0.501570724723739,1.6384117721032865,-0.6661792291600789,0.19709834490693368,-0.9151905409105505
Rajasthan,Churu,96,102,8,-0.7527756201313458,-0.44118402826699643,-1.0083621683491353,2039547,348984,0.271909505764402,0.4473605221663766,-0.7384418282817644,RAJASTHAN,CHURU,CHURU,99.99888888888889,39.416666666666664,59.146291978176386,39.89903937944256,CHURU,31.2,21.7,27.1,42.2,80.6,73.3,30.3,57.4,27.1,16.5,23.4,78.1,87.8,80.2,40.6,74.3,-4.099999999999998,-5.199999999999999,-3.700000000000003,35.89999999999999,7.200000000000003,6.900000000000006,10.3,16.9,-0.5866066367801313,0.08318786367296749,4.140324637426579,0.3960647921099265,-25.729569191101334,-1.9863231148121763,-7.449604327142332,-19.689308676594912,-5.275073391348334,0.01224880348077783,0.517159916146686,0.0537661562777958,-1.791168257871048,-0.12310474894742833,-0.9476159189746735,-1.827587204164277,-0.5865518401888824
Rajasthan,Dausa,97,109,8,-0.9050843928237554,0.6934339322834963,-1.0188800776930869,1634409,292502,0.2047504664003436,-0.15629150410975498,0.3599886916114999,RAJASTHAN,DAUSA,DAUSA,99.99361111111112,30.61111111111111,81.05975492014794,31.142267001988785,DAUSA,33.8,15.3,28.1,45.2,89.6,36.1,16.7,57.0,37.7,20.7,33.5,74.4,98.2,59.4,22.6,92.1,3.9000000000000057,5.399999999999999,5.399999999999999,29.200000000000003,8.600000000000009,23.299999999999997,5.900000000000002,35.099999999999994,-0.7741399617424238,-7.273996911310693,-10.14372684378883,-11.413992373846442,-23.75938880349357,16.032854227688443,-6.947586856080395,-2.0745764952238765,-5.116350165193424,-1.0710427549467514,-1.2670332361206655,-1.549459860990297,-1.6540138210302013,0.9936553020463305,-0.8837575278050334,-0.1925648847812583,-0.568902910311514
Rajasthan,Dholpur,98,106,8,-0.8384105148140463,-0.32898619445274424,-0.8071744050180355,1206516,203754,0.3480930874644361,1.0946882361840549,-0.38053513037342074,RAJASTHAN,DHOLPUR,DHOLPUR,99.9986111111111,37.416666666666664,50.71374041222338,37.93089318058082,DHOLPUR,54.3,15.8,39.8,50.1,85.4,31.6,20.7,55.8,45.7,13.7,31.3,81.7,94.4,57.5,36.5,85.9,-8.599999999999994,-2.1000000000000014,-8.499999999999996,31.6,9.0,25.9,15.8,30.10000000000001,-0.039877867433870826,3.689351779117647,1.4642102867433038,4.5272015892676585,-19.911638742142564,11.994102422287344,-6.76594370181305,-2.7837439090868408,0.9184873052492346,0.5432300208059692,0.18289166561198436,0.6145717392675814,-1.3861520576666346,0.7433488320881995,-0.8606518785654668,-0.25839072521449225,0.10212946420189271
Rajasthan,Dungarpur,99,124,8,-1.3530938435447233,1.8681498101253664,-0.734673026419735,1388552,282029,0.3691276554315033,1.2669779861298212,-0.5672921126277569,RAJASTHAN,DUNGARPUR,DUNGARPUR,100.0,49.55555555555556,66.98633612222613,50.09872384161626,DUNGARPUR,46.8,37.5,53.4,76.0,86.4,32.9,16.9,65.8,31.4,15.6,25.9,79.8,94.1,59.9,27.3,83.3,-15.399999999999999,-21.9,-27.5,3.799999999999997,7.699999999999989,27.0,10.400000000000002,17.5,0.5884164766598488,11.706662671960666,17.90249519136154,21.54348572439863,5.143183685998585,-5.585661642143048,-12.362470837944606,-4.914759968103709,-1.4409482805143767,1.7237203139188275,2.2361659344991804,2.9245478096043307,0.3580435915711713,-0.3461780558428032,-1.5725498495556078,-0.4561944036116636,-0.16022352730464637
Rajasthan,Ganganagar,100,99,8,-0.24049565010923815,0.20723299088137484,0.04548026784560121,1969168,387511,0.2049092115748082,-0.1548253253867645,-0.5419979284890117,RAJASTHAN,GANGANAGAR,SRI GANGANAGAR,100.0,34.30555555555556,63.784414083901424,34.79886375381465,GANGANAGAR,29.1,20.6,29.3,40.2,88.8,73.4,39.6,79.9,24.5,24.9,26.1,72.3,97.7,83.4,45.5,89.7,-4.600000000000001,4.299999999999997,-3.1999999999999993,32.099999999999994,8.900000000000006,10.0,5.899999999999999,9.799999999999997,-0.6951013529951231,2.2864943557625654,-6.899521666912435,-0.04298000667507296,-23.700960532966434,-8.23071301869053,-1.8501718346842164,-14.915886188766734,-11.24102894662288,0.3366695427321627,-0.8618058628683928,-0.005834575053748575,-1.6499463272158585,-0.5101082760747303,-0.23534837642281725,-1.3845119290432666,-1.2499250200143335
Rajasthan,Hanumangarh,101,100,8,-0.5262204173016696,-0.17628290850681289,-0.20052176109349973,1774692,336192,0.2059730701515066,-0.14500445425636316,-0.7210301518393004,RAJASTHAN,HANUMANGARH,HANUMANGARH,99.99972222222222,39.72222222222222,64.94370695315206,40.26987832054588,HANUMANGARH,35.0,20.7,23.4,46.2,84.2,55.2,25.1,62.1,24.2,19.8,21.3,81.0,94.9,83.8,36.2,83.3,-10.8,-0.8999999999999986,-2.099999999999998,34.8,10.700000000000003,28.599999999999994,11.100000000000001,21.199999999999996,-0.18591568883480403,7.786805741740126,-1.3299517316679408,-1.307188754209994,-26.668423411458253,2.586382172249813,-1.1339771840955528,2.652950352781101,-6.260042596782476,1.1465500983235573,-0.16612169002671084,-0.17745206401462998,-1.856526751275329,0.16029412617847158,-0.1442458933674974,0.24625029744133953,-0.6960736339376334
Rajasthan,Jaipur,102,110,8,0.01857608262924931,-0.4229406439109776,-1.2372491853545706,6626178,1177096,0.1449133022469843,-0.7231847512777501,0.7822916489651262,RAJASTHAN,JAIPUR,JAIPUR,99.99972222222222,32.25,83.22000337959122,32.82560669893947,JAIPUR,35.7,12.8,25.2,49.5,93.9,58.1,54.6,58.2,25.0,14.6,20.8,71.3,97.3,79.6,60.1,89.3,-10.700000000000003,1.799999999999999,-4.399999999999999,21.799999999999997,3.3999999999999915,21.499999999999993,5.5,31.099999999999994,-0.08929197661066726,8.076158365331217,-4.963350461378511,0.47289534291238144,-14.800240626135983,16.533315102956415,-7.08332331150722,2.780560436959078,-6.287680253199982,1.189155152312538,-0.6199624747320661,0.0641959735290283,-1.0303212238608637,1.0246719629050043,-0.9010236832005638,0.2580952311968466,-0.6991467510352617
Rajasthan,Jaisalmer,103,114,8,-1.8833947243638218,-0.5109719292104417,-0.8828018945829791,669919,117171,0.3032734732573003,0.7184336501252102,-1.0184215907235223,RAJASTHAN,JAISALMER,JAISALMER,99.99472222222222,50.72222222222222,62.22826875429893,51.23912982884852,JAISALMER,37.4,21.9,37.4,42.5,49.8,36.8,17.1,38.6,25.5,25.0,31.7,58.6,90.0,75.7,30.9,72.0,-11.899999999999999,3.1000000000000014,-5.699999999999999,16.1,40.2,38.900000000000006,13.799999999999997,33.4,0.4202484337962777,5.8136916607144435,-4.917822004960458,0.07426034957175265,-8.323855630850893,11.475141032053813,21.215061904801487,5.519201753172531,-2.090870660562704,0.8560235051819081,-0.6142756035890141,0.010080910093140594,-0.5794666004061114,0.7111855797040836,2.698630625223399,0.5122994751608306,-0.2324904209980144
Rajasthan,Jalore,104,116,8,-1.8714200938889436,-0.14719041297304644,-0.5406357260916326,1828730,326134,0.28502991984469,0.5615623365487094,-0.8443638598216274,RAJASTHAN,JALORE,JALORE,99.99916666666668,42.80555555555556,76.51812055500976,43.21961199337739,JALORE,45.0,27.2,42.7,67.0,83.9,39.4,27.1,35.7,44.3,12.1,36.5,66.3,95.5,77.4,36.5,78.0,-0.7000000000000028,-15.1,-6.200000000000003,-0.7000000000000028,11.599999999999994,38.00000000000001,9.399999999999999,42.3,0.17187707405892763,-5.055902563919634,12.330109517891842,-0.00968486435848881,7.302188594212392,20.283179980095085,-6.918207223451358,4.35820586155171,-6.378861807407869,-0.7444446123399702,1.5401300532597375,-0.0013147291579587127,0.508343078960872,1.257074320227713,-0.8800203350159522,0.4045343285797441,-0.7092855120427646
Rajasthan,Jhalawar,105,129,8,-1.2403778470689506,-0.10847597475252571,-0.05866662674034046,1411129,283295,0.265243472946769,0.388886376824174,-0.24036289295833996,RAJASTHAN,JHALAWAR,JHALAWAR,100.0,43.97222222222222,53.00641922130223,44.442607267449866,JHALAWAR,38.1,31.8,47.2,76.6,93.9,36.1,25.5,75.4,34.0,29.0,38.1,73.1,98.3,62.1,33.8,81.5,-4.100000000000001,-2.8000000000000007,-9.100000000000001,-3.5,4.3999999999999915,26.0,8.299999999999997,6.099999999999994,-0.30159220870226583,-0.8902991191800904,-0.05194910662623853,3.2928618985463984,10.650349763265385,-13.030295021499263,-10.783518131659335,-4.790063795724507,-7.551763578638285,-0.13109002285257937,-0.006488862101262496,0.4470090019748763,0.7414258781209243,-0.8075681068053587,-1.3717015019014147,-0.444619942933956,-0.8397041131193559
Rajasthan,Jhunjhunu,106,103,8,-0.14692462211809532,-0.6135346793148647,-1.0632334697642711,2137045,384197,0.1538733524062921,-0.6364374319382898,-0.26199354116621115,RAJASTHAN,JHUNJHUNU,JHUNJHUNU,100.0,41.22222222222222,62.573334138268336,41.76353369991946,JHUNJHUNU,32.5,13.6,19.5,46.2,96.9,66.0,51.0,65.1,20.9,13.9,19.6,77.2,97.1,79.0,55.5,88.7,-11.600000000000001,0.3000000000000007,0.10000000000000142,31.0,0.19999999999998863,13.0,4.5,23.60000000000001,-0.4691290372845779,9.102427742840971,-2.4292081936992043,-2.849548358139102,-23.099091832802632,6.886780093557178,-10.478721247307876,-7.745412199071925,-10.521707576769884,1.3402657995684324,-0.3034276815880724,-0.3868287850799946,-1.608047137099906,0.4268164268700411,-1.3329302642649428,-0.7189392201884964,-1.1699414364936844
Rajasthan,Jodhpur,107,113,8,-0.9450913133590894,-0.5739787723626482,-0.78858896600082,3687165,649013,0.1801486931017145,-0.3858819900899176,-0.30487534148762674,RAJASTHAN,JODHPUR,JODHPUR,99.9986111111111,41.22222222222222,70.04958359058809,41.87337333844106,JODHPUR,40.3,23.8,38.6,63.6,72.7,52.6,44.8,42.1,32.6,13.3,25.4,64.4,90.0,75.4,56.1,81.2,-7.699999999999996,-10.5,-13.200000000000003,0.8000000000000043,17.299999999999997,22.800000000000004,11.300000000000004,39.1,0.5029947858181514,3.6348043846518596,7.642518849633211,8.484864956462033,5.306363996872564,20.544397381239165,3.6763437497434026,-3.1974755841895757,-3.8779147048308644,0.5351983165921607,0.9546121991734441,1.1518281461345206,0.3694034161751561,1.2732635808513968,0.46764387850599604,-0.2967938366591332,-0.43119741422833013
Rajasthan,Karauli,108,107,8,-1.1742401431067022,0.6221476582911907,-0.7399152007133173,1458248,262503,0.2699458064315448,0.43016694100081937,-0.17282735959874237,RAJASTHAN,KARAULI,KARAULI,99.9738888888889,33.861111111111114,57.24876304532458,34.29851908357409,KARAULI,45.5,18.9,35.7,52.8,88.3,21.1,14.0,54.6,37.6,26.6,37.3,75.9,97.6,49.9,24.2,88.9,-7.899999999999999,7.700000000000003,1.5999999999999943,23.10000000000001,9.299999999999997,28.799999999999997,10.2,34.300000000000004,-0.42364013197266853,3.7812672392504867,-11.367175721641903,-7.387981004155522,-15.946551930563981,14.009697529494002,-7.577856573536845,-0.1596419233057631,-2.7205424321854803,0.5567638989259608,-1.4198518613465172,-1.0029251505308372,-1.1101218768325547,0.868267747748003,-0.9639300566108026,-0.014818170666835453,-0.3025055864677652
Rajasthan,Kota,109,127,8,0.18226125940980092,-0.107331717289768,-0.7670803214937951,1951014,396501,0.2037751534931144,-0.1653037869936521,0.3027747877429857,RAJASTHAN,KOTA,KOTA,99.99638888888887,38.19444444444444,66.39707332209268,38.72789628220499,KOTA,32.0,27.7,39.7,73.8,92.1,50.5,60.0,71.2,29.5,20.8,26.4,66.7,97.9,79.0,72.3,84.4,-2.5,-6.899999999999999,-13.300000000000004,-7.099999999999994,5.800000000000011,28.5,12.299999999999997,13.200000000000003,0.38510229937379736,0.1968801397343216,4.719491476231769,10.328462683517827,16.636676744817887,-1.9502027310269447,-4.437488839227379,8.067709064657116,-1.4520809750333736,0.0289891582064685,0.58950252210659,1.4020982167919491,1.158165031075816,-0.1208661449939189,-0.5644642157709551,0.7488552338566622,-0.1614614062822333
Rajasthan,Nagaur,110,112,8,-1.1666324420669996,-0.4956901175398143,-0.593581744021431,3307743,578809,0.224887725567048,0.02817214198549999,-0.544996751257307,RAJASTHAN,NAGAUR,NAGAUR,100.0,43.833333333333336,69.77749289501726,44.23920351345348,NAGAUR,39.1,18.4,31.4,50.8,87.0,53.8,24.4,44.4,31.5,16.2,26.2,65.1,97.0,79.0,45.7,80.6,-7.600000000000001,-2.1999999999999993,-5.199999999999999,14.299999999999997,10.0,25.200000000000003,21.300000000000004,36.199999999999996,0.08083266269969497,2.988990350005155,-0.23450892340790963,0.30692756102991403,-7.330002498762249,16.78335193739463,-4.82452382493282,-3.4044667972656733,5.342014607158054,0.440106931307719,-0.02929205455750564,0.04166569596955465,-0.5102793485729723,1.0401682945449031,-0.6136964296642935,-0.31600702990049895,0.5939952424706535
Rajasthan,Pali,111,118,8,-1.115697501898872,-0.2661058553123787,-0.13340405344378575,2037573,418157,0.2076660364627147,-0.12939390645108934,-0.5389619606182833,RAJASTHAN,PALI,PALI,99.98833333333332,44.333333333333336,80.13970944747071,44.881882213629055,PALI,44.4,21.7,41.3,53.4,83.1,50.9,40.8,57.6,35.9,18.3,35.9,72.6,98.8,81.8,53.1,90.2,-8.5,-3.3999999999999986,-5.399999999999999,19.199999999999996,15.700000000000003,30.9,12.300000000000004,32.6,0.06506914533617394,4.246464356489878,0.37397050779902496,0.28127137236850075,-13.055425252104882,13.10590772306379,1.8326033119879472,1.8701591170120437,-4.494030603941603,0.6252607663451122,0.04671193043811339,0.03818284499026512,-0.9088556100918315,0.8122542943515466,0.23311359843344187,0.1735905982349333,-0.4997052600121895
Rajasthan,Pratapgarh,629,131,8,-1.6133890613967221,1.681169268460539,-0.6177865298885116,867848,178726,0.3117717011393518,0.7907593751623838,-0.6792080822689875,RAJASTHAN,PRATAPGARH,PRATAPGARH,100.0,45.19444444444444,57.14081304240862,45.68113514420709,PRATAPGARH,46.3,38.2,54.6,75.8,89.5,15.1,13.6,66.3,29.0,24.9,31.8,65.8,96.4,46.3,23.0,75.8,-17.299999999999997,-13.300000000000004,-22.8,-10.0,6.900000000000006,31.199999999999996,9.4,9.5,0.4236934994240288,13.459275543166285,8.53549247577717,16.25041938026125,16.59205013150555,-14.341384191044693,-13.013289935002199,-1.3306644622231687,-3.1636521817094554,1.9817797193349023,1.0661518019966785,2.2060092322883107,1.155058341934321,-0.8888244250050511,-1.6553363318520542,-0.12351400367276774,-0.35177633963210914
Rajasthan,Rajsamand,112,123,8,-1.1431271099244131,-0.2625024899901049,-0.6494636962370035,1156597,243078,0.1859612898397359,-0.33120831976315773,-0.07935920405748996,RAJASTHAN,RAJSAMAND,RAJSAMAND,99.9986111111111,49.22222222222222,81.72614894730154,49.79657341769027,RAJSAMAND,38.6,28.9,38.8,75.9,84.7,32.3,25.1,60.0,30.3,16.6,23.7,84.3,95.1,72.1,37.1,71.7,-8.3,-12.299999999999997,-15.099999999999998,8.399999999999991,10.399999999999991,39.8,12.0,11.700000000000003,0.3282739102481095,3.9727720122643744,8.614058269259132,9.378263641465233,-3.2909718007640505,-7.265300743795564,-4.1500927765840245,12.496421476296543,-2.342715433372792,0.5849615737634785,1.0759653028033165,1.273107831360688,-0.2291015517320045,-0.45027569654853955,-0.527906423967272,1.1599340719906324,-0.26049382568542295
Rajasthan,Sawai Madhopur,113,108,8,-1.1855980155095174,0.43013480465531023,-0.8135775699474664,1335551,254716,0.2492748191176347,0.2475475651523605,-0.324256608368062,RAJASTHAN,SAWAI MADHOPUR,SAWAI MADHOPUR,99.99361111111112,34.416666666666664,55.98702303502486,34.903183908097674,SAWAI MADHOPUR,39.4,16.4,34.4,49.8,87.4,34.6,17.9,46.0,26.9,22.0,24.2,73.3,97.4,71.2,29.1,54.9,-12.5,5.600000000000001,-10.2,23.5,10.0,36.6,11.200000000000003,8.899999999999999,-0.18467684919543217,8.454419433075145,-9.162601479748682,4.6677921213672136,-16.69551185373662,-11.558241852379542,-6.556053609756866,8.056930095747397,-2.219069735847393,1.2448513233482439,-1.1444827707755705,0.6336570320545887,-1.16226084701276,-0.7163358523597444,-0.8339531193115244,0.7478547159625574,-0.24674527546924804
Rajasthan,Sikar,114,111,8,-0.3763357590454713,-0.6299948990487131,-1.0454717369381334,2677333,444816,0.1750287382939754,-0.43426415204090096,-0.2494018305338754,RAJASTHAN,SIKAR,SIKAR,100.0,40.25,74.32117744408714,40.72015220510103,SIKAR,28.4,11.5,20.5,48.8,92.0,61.2,42.8,56.8,23.1,12.8,18.3,61.5,95.8,77.9,58.4,70.0,-5.299999999999997,1.3000000000000007,-2.1999999999999993,12.700000000000003,3.799999999999997,16.700000000000003,15.600000000000001,13.200000000000003,-0.28614254698792335,2.2037904612973414,-3.4023246077857183,-1.0722270005792662,-4.815899881494461,-3.9120687298694463,-7.998705956744882,-5.687524245116272,0.7194956178168255,0.32449200017160396,-0.42497776453585423,-0.14555579194834536,-0.33525967484139557,-0.24245513494978477,-1.017463581010962,-0.5279233874831105,0.08000295869446193
Rajasthan,Sirohi,115,117,8,-1.7724081518094723,0.6714476489572405,-0.24312013907117735,1036346,201785,0.2864138439642604,0.5735401454404171,-0.43972242943709167,RAJASTHAN,SIROHI,SIROHI,100.0,48.861111111111114,79.14117619564401,49.376774060207275,SIROHI,42.3,36.6,50.4,69.8,84.2,42.0,40.0,47.1,30.7,16.4,31.2,75.8,95.7,54.1,46.0,86.4,-11.599999999999998,-20.200000000000003,-19.2,6.0,11.5,12.100000000000001,6.0,39.300000000000004,0.22955470000918554,6.467311443177996,16.035530591086108,12.144289786644682,-0.2729110407980322,17.230450363049535,-7.039561627096308,-21.48810016662423,-8.330197770693372,0.9522642296464607,2.002967009130035,1.648598399956624,-0.018998747700332705,1.0678777538139415,-0.8954570427498979,-1.9945533665692083,-0.9262606354541381
Rajasthan,Tonk,116,120,8,-1.2932457717638708,0.008074778515779354,-0.6965776744401306,1421326,266870,0.2857693726937332,0.5679638758623509,-0.6270167668727245,RAJASTHAN,TONK,TONK,100.0,35.27777777777778,65.85397527350146,35.75583157303349,TONK,32.0,23.6,37.3,74.3,93.4,32.6,21.5,75.9,33.1,18.1,28.2,64.6,97.4,66.2,24.1,75.3,1.1000000000000014,-5.5,-9.099999999999998,-9.700000000000003,4.0,33.6,2.6000000000000014,-0.6000000000000085,-0.33502963309598444,-5.842998260328333,3.1338295393329094,3.9965776005652787,17.920098463930174,-21.06926549502839,-12.802069195070452,3.365652615196659,-12.406628548465878,-0.8603386872711076,0.3914405665510221,0.5425390494914064,1.2475106484727554,-1.3057929094871574,-1.6284683094998236,0.3124042471083455,-1.3795316701333162
Rajasthan,Udaipur,117,130,8,-1.177440762667262,1.0343277633621741,-0.7448647967189725,3068420,623531,0.2725010136180456,0.45253439119528444,-0.37094226477961123,RAJASTHAN,UDAIPUR,UDAIPUR,100.0,39.47222222222222,65.36562512517973,40.07789225289278,UDAIPUR,47.5,29.9,52.0,79.1,73.7,29.2,24.2,43.9,34.0,8.6,26.6,76.9,96.1,60.3,34.3,86.8,-13.5,-21.299999999999997,-25.4,-2.1999999999999886,22.39999999999999,31.099999999999998,10.099999999999998,42.9,1.0997935199040394,9.890945498891135,17.25051174961719,19.71673732405843,9.276057503860095,21.550677902352906,5.060318638552019,1.9793078600688894,-2.681008633494013,1.4563692623635824,2.154727947967015,2.6765650503954665,0.6457542928797695,1.335629018779711,0.643690360775925,0.18372192632967896,-0.2981097002588323
Sikkim,Gangtok,225,244,11,1.2415283251390306,0.019730900652055027,-1.146770124590003,283583,61567,0.12024291502228,-0.9655872378230789,-0.608199913344066,SIKKIM,GANGTOK,GANGTOK DISTRICT,100.0,32.666666666666664,56.86975820406071,33.124360185025914,GANGTOK,24.0,11.9,11.2,49.7,93.3,83.6,70.7,79.2,17.8,14.3,13.0,49.8,91.8,85.0,87.6,,-6.199999999999999,2.4000000000000004,1.8000000000000007,0.09999999999999432,-1.5,1.4000000000000057,16.89999999999999,,-0.09191694426208355,7.224239614448061,-3.796566626947612,-0.9574006548133966,10.94798736242654,,-7.255360532382148,-11.559597305688644,1.1762698114890782,1.063716357512132,-0.4742217701213657,-0.12996801092300633,0.7621459693127655,,-0.9229074238662617,-1.072976835711938,0.13079310396308932
Sikkim,Gyalshing,228,242,11,0.6118991905277049,0.6281622275600475,-0.9261970778489467,136435,28023,0.1733324421625748,-0.4503401870991831,-1.0616076432398778,SIKKIM,GYALSHING,GYALSHING DISTRICT,100.0,38.888888888888886,50.18134995558861,39.36871414972936,GYALSHING,42.3,14.5,14.7,58.7,94.6,93.0,41.4,78.4,25.2,21.1,19.3,67.1,99.3,88.9,69.8,96.9,-17.099999999999998,6.600000000000001,4.600000000000001,8.399999999999991,4.700000000000003,-4.099999999999994,28.4,18.5,-0.027717658875670986,17.447591293498533,-8.526954574567528,-4.8534395960786885,2.31172711232243,0.18710986645335126,-4.4185453011644515,-22.136247720742375,12.38759344883291,2.5690299946534365,-1.0650853493244088,-0.6588588458405134,0.16093126914398193,0.011596357593364044,-0.5620545309820961,-2.054715264367316,1.3774150981181839
Sikkim,Mangan,226,241,11,0.6071099223331315,1.5723584874776273,-1.0575086078302123,43709,8873,0.1762936281481218,-0.4222917121285781,-1.1542625265385338,SIKKIM,MANGAN,MANGAN DISTRICT,100.0,33.611111111111114,39.41116972477999,34.14429832084699,MANGAN,24.1,19.3,17.9,64.9,94.9,89.3,48.8,89.9,31.8,4.5,15.3,53.5,97.3,83.8,65.9,90.8,7.699999999999999,-14.8,-2.599999999999998,-11.400000000000006,2.3999999999999915,-5.5,17.10000000000001,0.8999999999999915,-0.22145847710948696,-6.380254034897218,11.6810411623696,2.100377177978545,21.554886670548814,-19.15233118190394,-7.954939164931126,-23.364270644851448,2.6137712255790593,-0.9394456640709679,1.4590561844908416,0.2851281150033833,1.5005470367396458,-1.186988614452706,-1.0118962908806586,-2.1687019471597906,0.290633363454357
Sikkim,Namchi,227,243,11,1.0106097782302503,-0.013534470644003751,-1.2692969261193516,146850,30543,0.142911227263771,-0.7426607540582205,-0.7085194682686665,SIKKIM,NAMCHI,NAMCHI DISTRICT,100.0,30.833333333333332,51.8355114745761,31.39855999003094,NAMCHI,32.8,18.5,20.5,61.6,98.5,93.4,52.5,92.3,24.8,8.0,7.2,56.5,97.4,91.7,66.5,86.4,-7.9999999999999964,-10.5,-13.3,-5.100000000000001,-1.0999999999999943,-1.7000000000000028,14.0,-5.8999999999999915,0.17141363355324069,8.491377700762603,9.304147393443547,13.85453945935737,16.395451504544507,-21.809622227782242,-8.219743776004218,-16.104008964009346,-1.5399580347649184,1.2502931575041651,1.1621629961848612,1.8807663507791705,1.1413720956727456,-1.351677402819361,-1.0455803704439846,-1.4947950281949767,-0.1712327302566948
Tamil Nadu,Ariyalur,610,616,33,0.03520754459184078,-0.3492421150561395,1.2545341062080668,754894,197090,0.1261347867681613,-0.9072140258358029,0.13110291783457362,TAMIL NADU,ARIYALUR,ARIYALUR,99.92805555555556,16.22222222222222,77.97986480511732,16.675642515310873,ARIYALUR,37.0,20.3,29.7,47.1,98.5,28.1,44.7,60.6,25.3,15.1,20.1,62.0,100.0,54.6,46.7,90.8,-11.7,-5.200000000000001,-9.599999999999998,14.899999999999999,1.5,26.5,2.0,30.199999999999996,0.04299539223657117,9.298819252459229,1.7781872831610621,5.569360234112514,-9.112817239809882,15.333054563100742,-4.548866533155444,2.2859458084000543,-17.562438303311765,1.369183010570078,0.2221099229610799,0.7560457245377304,-0.6343902946254051,0.9502843814845419,-0.5786318508761351,0.21218445896026297,-1.9528222151195838
Tamil Nadu,Chennai,568,603,33,1.8817160031203255,-0.6950453792718014,-1.4247454090274605,4646732,1154982,0.0106046153232455,-2.1117220330981037,4.6692863368879625,TAMIL NADU,CHENNAI,CHENNAI,99.99944444444444,32.25,87.13123230660956,32.69961848029263,CHENNAI,30.9,18.1,17.2,44.5,100.0,82.3,96.7,86.1,20.4,18.3,21.9,55.3,100.0,90.4,97.7,96.6,-10.5,0.1999999999999993,4.699999999999999,10.799999999999997,0.0,8.100000000000009,1.0,10.5,-0.08773129708089428,9.43645668547781,-5.949646047069736,-9.994191788138838,-6.370872504978017,8.207250381497497,-1.708116115342479,4.54434155678673,-2.3481508323370033,1.3894491142323984,-0.7431587424307644,-1.356720638279297,-0.44350935381408085,0.5086541510938779,-0.21727838839148422,0.42181168556760634,-0.2610982046254104
Tamil Nadu,Coimbatore,569,632,33,1.3577043136771456,-0.7252300982385023,-0.4953884386194866,3458045,958035,0.0437716491104387,-1.7523812818487938,0.6844711924239218,TAMIL NADU,COIMBATORE,COIMBATORE,99.93083333333334,32.27777777777778,89.0260495782236,32.762558085827465,COIMBATORE,27.3,21.3,22.9,43.3,99.6,57.6,85.1,80.7,23.0,7.0,18.5,37.8,100.0,78.5,95.5,94.5,-4.300000000000001,-14.3,-4.399999999999999,-5.5,0.4000000000000057,20.9,10.400000000000006,13.799999999999997,0.46770447795650405,4.502290468343151,11.656007432779184,3.4464450460994356,13.101942712986133,2.627073835436061,-1.9693525719418217,9.513036318488911,-4.968783918010573,0.6629292871002679,1.4559292699057413,0.46785805414379644,0.9120939309027398,0.16281604063611513,-0.25050858613341376,0.8830123867724903,-0.552494559675705
Tamil Nadu,Cuddalore,570,617,33,0.6413070213975599,-0.11990789159557429,1.2447278972459892,2605914,635578,0.1071754310733324,-1.0961553892877829,0.4084906542007947,TAMIL NADU,CUDDALORE,CUDDALORE,99.98444444444443,18.416666666666668,74.83667973493772,18.89155420757668,CUDDALORE,28.2,19.7,25.0,53.2,98.0,38.6,52.8,64.2,20.2,13.9,18.0,64.8,99.2,61.3,75.6,79.0,-8.0,-5.799999999999999,-7.0,11.599999999999994,1.2000000000000028,22.699999999999996,22.799999999999997,14.799999999999997,0.2348035940877053,6.836705742278666,2.327736785898472,3.900418667485433,-5.004156538540762,1.5310278032877065,-2.5678988914824146,2.168666103326874,3.870390236752769,1.0066548339585426,0.29075308494530044,0.5294853867410902,-0.34836519347366524,0.09488727788031001,-0.32664578694739876,0.20129840441053198,0.4303607451869311
Tamil Nadu,Dharmapuri,571,630,33,-0.14745519027072124,-0.5404493765791507,0.8506631517834408,1506843,375873,0.088906780054913,-1.2812995391935262,-0.3097064679001182,TAMIL NADU,DHARMAPURI,DHARMAPURI,99.99166666666666,16.61111111111111,93.7859642378932,17.175317794800154,DHARMAPURI,24.2,33.0,29.6,57.9,98.6,37.7,71.8,51.6,28.7,16.9,23.2,54.2,99.6,72.4,82.5,90.6,4.5,-16.1,-6.400000000000002,-3.6999999999999957,1.0,34.7,10.700000000000003,38.99999999999999,0.27842666977028274,-6.689427984753476,12.549211871542049,2.7014214715484175,8.337540412530535,22.68621059955966,-5.600385278912905,11.02553902265144,-9.166717796371763,-0.9849692631388904,1.5674977030853106,0.3667204253064561,0.5804192687690524,1.4060050147940615,-0.7123887403460334,1.023404852236613,-1.0192759025443077
Tamil Nadu,Dindigul,572,612,33,0.5383401828526091,-0.5026260547474988,1.3478083301607304,2159775,560773,0.0816024579163115,-1.3561961230611035,-0.26842706836698593,TAMIL NADU,DINDIGUL,DINDIGUL,99.99944444444444,36.861111111111114,85.8165881551511,37.42043547843622,DINDIGUL,31.1,26.5,29.8,43.7,99.3,42.6,66.2,80.0,27.1,21.1,28.4,50.2,97.0,61.0,76.3,92.6,-4.0,-5.399999999999999,-1.4000000000000021,6.5,-2.299999999999997,18.4,10.099999999999994,12.599999999999994,-0.21385879685171258,2.9578286478382925,2.4669737898644772,-0.9031999052572965,-0.2272771911494118,-1.805213936968297,-5.445956248153912,-2.7146089858959,-11.327167973470065,0.4355185989583157,0.30814490892080676,-0.12261020980293572,-0.015821939633008437,-0.11188029120221694,-0.6927448235052598,-0.251973531850317,-1.2595030866990855
Tamil Nadu,Erode,573,610,33,0.33680440143378826,-0.6779066319395141,0.6125668267281675,2251744,658071,0.0447306971607755,-1.7421613612904807,-0.13764085043963306,TAMIL NADU,ERODE,ERODE,99.9922222222222,37.55555555555556,85.91483162064038,38.02191641652212,ERODE,25.6,16.3,16.1,51.0,100.0,61.1,87.4,81.9,19.4,20.9,26.9,46.5,100.0,67.6,95.9,95.9,-6.200000000000003,4.599999999999998,10.799999999999997,-4.5,0.0,6.499999999999993,8.5,14.0,-0.5648466752063266,5.042019684478878,-8.151339692923159,-13.538934764783319,9.092274863360114,-0.9035105537700421,-4.3536369896929905,-13.070977168463237,-10.926793095191904,0.7424004600500921,-1.0181680233401866,-1.83792272602758,0.6329602336568447,-0.05599614637910024,-0.5537979650595248,-1.2132650775800675,-1.2149841569710902
Tamil Nadu,Kancheepuram,574,604,33,1.2620981631565096,-0.35023206449267064,-0.6396658037819165,3998252,1006245,0.0565824840338056,-1.6166336115070143,1.2763262980712216,TAMIL NADU,KANCHEEPURAM,KANCHIPURAM,99.99972222222222,45.25,87.64713935203923,45.768292536546696,KANCHIPURAM,25.0,13.9,16.1,45.2,100.0,68.0,86.7,56.8,20.6,15.7,19.8,68.8,100.0,75.9,88.1,69.1,-4.399999999999999,1.799999999999999,3.6999999999999993,23.599999999999994,0.0,7.900000000000006,1.3999999999999915,12.299999999999997,-0.4947251648877824,4.311722574400162,-5.355542160789561,-5.835679266734446,-16.65552780586514,1.5309620309217706,-3.596553630870485,-3.5994463523670923,-11.469487124090357,0.6348695608422426,-0.6689503788561523,-0.7921987757883148,-1.1594773508400624,0.09488320155932485,-0.4574942942461483,-0.3341052854477132,-1.2753279963254356
Tamil Nadu,Kanniyakumari,575,629,33,2.1356385944539586,-1.2574222894687186,-0.8205485112223002,1870374,483539,0.0439993778339234,-1.7499536823607331,0.35329577452906813,TAMIL NADU,KANNIYAKUMARI,KANNIYAKUMARI,100.0,41.166666666666664,87.27045271896218,41.55424195307605,KANNIYAKUMARI,17.2,9.0,12.8,37.5,99.3,85.6,59.7,55.1,17.3,11.4,14.5,39.1,100.0,96.2,74.4,96.0,0.10000000000000142,2.4000000000000004,1.6999999999999993,1.6000000000000014,0.7000000000000028,10.600000000000009,14.700000000000003,40.9,0.3406900587781413,1.1931870986391893,-2.922282706466041,0.14209689449582852,9.461402722291917,31.61913139176913,1.2589155630463456,3.7009681751977475,-2.0360834972736868,0.17568805883135372,-0.36501666216498185,0.01928978285434599,0.658657131226479,1.9596334568595881,0.160138495388426,0.3435286729010925,-0.2263984656711734
Tamil Nadu,Karur,576,613,33,0.4537073997281737,-0.5234386543624351,1.0373805943527508,1064493,287095,0.0685196422218446,-1.491616977619291,0.0003729242699897897,TAMIL NADU,KARUR,KARUR,100.0,41.05555555555556,87.6555915959111,41.541625809600625,KARUR,27.5,23.0,28.9,53.0,100.0,47.9,77.6,87.4,33.6,18.4,36.3,73.2,100.0,63.6,72.5,82.5,6.100000000000001,-4.600000000000001,7.399999999999999,20.200000000000003,0.0,15.700000000000003,-5.099999999999994,-4.900000000000006,-1.0289090334239448,-7.307143243618978,1.1960046131242699,-10.217404082707798,-14.794096458287548,-19.14046867333315,-3.7654094833709584,-4.697194522685532,-25.060883530839437,-1.0759233095448217,0.1493906153742674,-1.3870219105761517,-1.0298934965895905,-1.1862534213068356,-0.4789733536451148,-0.4359996963903165,-2.7865976947129947
Tamil Nadu,Krishnagiri,577,631,33,0.12784440217783308,-0.7653750677630557,0.3872229998031259,1879809,448053,0.0932592281459882,-1.2369091983334257,0.08710050361789111,TAMIL NADU,KRISHNAGIRI,KRISHNAGIRI,99.99638888888887,28.166666666666668,92.07905706676466,28.742322775244947,KRISHNAGIRI,25.1,20.1,23.1,52.1,95.1,43.8,62.4,81.6,29.0,10.4,19.3,46.5,99.6,75.9,86.0,87.3,3.8999999999999986,-9.700000000000001,-3.8000000000000007,-5.600000000000001,4.5,32.10000000000001,23.6,5.700000000000003,0.20480995708128005,-6.057129548065142,6.649391896444488,0.5035498415524367,11.302663368295189,-8.967251280132867,-1.705061202801315,10.99727723804397,5.364137640623355,-0.8918679506367974,0.8305626386169256,0.06835734964054402,0.7868367987169408,-0.5557561150838475,-0.2168897927523125,1.02078155668247,0.5964551714663173
Tamil Nadu,Madurai,578,623,33,1.1658268285526354,-0.8360921044887367,0.24145731889670605,3038252,794887,0.0604519477423695,-1.575955064684059,0.2689413815876251,TAMIL NADU,MADURAI,MADURAI,99.97833333333332,23.27777777777778,88.08132829484909,23.79547693488201,MADURAI,21.2,12.7,19.5,54.7,98.3,54.4,75.8,61.0,32.4,9.5,21.5,54.3,100.0,80.1,91.2,88.8,11.2,-3.1999999999999993,2.0,-0.4000000000000057,1.7000000000000028,25.699999999999996,15.400000000000006,27.799999999999997,0.0313005027329937,-11.451212122694644,0.9601783122003082,-3.0080903829769667,8.177973958649101,15.917962196731196,-0.29449461277682687,11.052450638513589,-2.8721176950697256,-1.6861070920032244,0.11993400974760732,-0.40835100935703905,0.5693110234233698,0.9865347311172702,-0.03746075239228903,1.0259028233741936,-0.31935971204593894
Tamil Nadu,Nagapattinam,579,618,33,1.204858820590635,-0.037563207656857604,1.6354250979122882,1616450,413837,0.1086862750149667,-1.0809807242733018,0.20351005584973145,TAMIL NADU,NAGAPATTINAM,NAGAPATTINAM,100.0,32.02777777777778,75.65490565937779,32.54336007406616,NAGAPATTINAM,24.5,17.4,22.9,42.3,100.0,43.1,58.2,39.0,32.3,12.5,24.3,60.9,99.7,69.6,59.0,93.8,7.799999999999997,-4.899999999999999,1.4000000000000021,18.6,-0.29999999999999716,26.499999999999993,0.7999999999999972,54.8,-0.12868267472171555,-7.874598281918202,2.1891045594392504,-2.991682368738866,-10.178707367338287,42.55190419465001,-1.4119042589047535,7.808593293765,-19.885358668309173,-1.1594769066852557,0.2734368025545936,-0.40612360647925644,-0.7085924139312854,2.637205117362158,-0.17959919655484824,0.724803771458568,-2.211114965498398
Tamil Nadu,Namakkal,580,609,33,0.4800287247508595,-0.4140623756595292,0.4321544840715188,1726601,475511,0.040195578165462,-1.7905719940657454,0.20562293217244287,TAMIL NADU,NAMAKKAL,NAMAKKAL,100.0,32.27777777777778,89.2916985379148,32.711263557670605,NAMAKKAL,25.2,15.0,18.0,49.2,100.0,49.6,85.3,57.3,25.2,10.3,15.7,67.9,100.0,75.2,89.7,83.9,0.0,-4.699999999999999,-2.3000000000000007,18.700000000000003,0.0,25.6,4.400000000000006,26.60000000000001,-0.2145744034928314,-0.8112869817775747,0.6327264798572525,-0.6543683572310726,-14.300150173153275,12.232467319213312,-4.336897127733502,7.471113681268612,-13.415983740075518,-0.11945606447321389,0.07903263679104855,-0.08883110051439638,-0.9955073434264888,0.7581217814513375,-0.5516685956356411,0.6934784755024997,-1.4917650176377968
Tamil Nadu,Perambalur,581,615,33,0.3420701938730548,-0.05087201151139499,1.024046399842882,565223,149243,0.0598186504072367,-1.5826025666215089,-0.07391070875741344,TAMIL NADU,PERAMBALUR,PERAMBALUR,99.99694444444444,18.444444444444443,83.07024054862563,18.906646842508465,PERAMBALUR,24.0,18.2,22.0,56.4,100.0,37.2,63.8,70.4,29.1,15.9,22.3,69.2,100.0,57.4,75.1,92.5,5.100000000000001,-2.299999999999999,0.3000000000000007,12.800000000000004,0.0,20.199999999999996,11.299999999999997,22.099999999999994,-0.41190794186901647,-5.904207200493348,-1.9986030377386381,-3.52491585512527,-8.403182378840544,6.637058236843938,-4.542659534102352,-0.5718958605622895,-8.032730925241399,-0.8693512552857806,-0.24964162714783134,-0.47851053794285414,-0.5849889452205104,0.41133961635108585,-0.5778422987263196,-0.05308411656528074,-0.8931843704146408
Tamil Nadu,Pudukkottai,582,621,33,0.5264714596975044,-0.6646747788984764,1.085205061103009,1618345,387679,0.0986956654206294,-1.1817108923954576,-0.2117554560222256,TAMIL NADU,PUDUKKOTTAI,PUDUKKOTTAI,99.99305555555556,29.75,88.36441822671438,30.267825577238884,PUDUKKOTTAI,26.7,20.9,25.0,44.9,99.7,35.2,38.9,54.3,32.2,9.5,21.6,71.1,100.0,55.2,42.0,83.3,5.5000000000000036,-11.399999999999999,-3.3999999999999986,26.199999999999996,0.29999999999999716,20.0,3.1000000000000014,29.0,-0.3289022080076772,-6.8629617937286795,8.955336484338481,1.220505117648413,-19.12837189148079,14.897063614368998,-3.4297675918192247,-0.9349077976860869,-17.74890331545226,-1.0105208451793226,1.1185937023973223,0.16568468139708062,-1.3316248049976234,0.9232633213726539,-0.43627852241087645,-0.08677935605507446,-1.9735558405855782
Tamil Nadu,Ramanathapuram,583,626,33,0.8842243375208229,-0.6289826557148781,0.018019510055466047,1353445,323905,0.098799200406358,-1.1806623129281555,-0.45197519218042936,TAMIL NADU,RAMANATHAPURAM,RAMANATHAPURAM,100.0,37.77777777777778,87.13123230660956,38.2210167234685,RAMANATHAPURAM,22.5,17.0,22.6,49.5,98.8,45.4,55.0,59.0,26.4,17.7,21.6,57.2,99.6,78.6,82.7,90.4,3.8999999999999986,0.6999999999999993,-1.0,7.700000000000003,0.7999999999999972,33.199999999999996,27.700000000000003,31.400000000000006,0.293815007196106,-4.252536925593274,-2.3319151280101376,0.4810465265208137,1.2509479026837376,17.093941046047284,-3.3812092773433156,16.348584083828612,8.712320095397885,-0.6261549076571593,-0.2912749935503813,0.0653025041282398,0.08708494724087372,1.0594174257468556,-0.4301017337150933,1.5174968084748488,0.9687500069006642
Tamil Nadu,Salem,584,608,33,0.3055184940927166,-0.5568882860489088,0.30198081864572435,3482056,915967,0.0567968203692327,-1.6143764613963398,0.42261807102464377,TAMIL NADU,SALEM,SALEM,100.0,26.77777777777778,88.60420465924491,27.265890908773248,SALEM,27.0,22.5,22.2,50.3,97.5,46.2,76.6,73.6,23.6,10.1,20.8,51.3,100.0,64.5,84.5,77.0,-3.3999999999999986,-12.4,-1.3999999999999986,1.0,2.5,18.299999999999997,7.900000000000006,3.4000000000000057,-0.10303177025576543,1.874596597203129,8.423123844918582,-2.133049599422572,3.4395197597070686,-10.694095264742776,-2.841967914270276,-0.6865694551022727,-9.121555920026637,0.276020615400628,1.0521160543678487,-0.28956342597352897,0.23944274271169202,-0.6627793348266642,-0.3615083323238504,-0.06372826855046056,-1.0142542128517882
Tamil Nadu,Sivaganga,585,622,33,0.7778606114992732,-0.6918840554508322,0.3798817191402061,1339101,338938,0.0954792249736979,-1.2143356035405246,-0.40196418178031706,TAMIL NADU,SIVAGANGA,SIVAGANGAI,99.99944444444444,39.52777777777778,89.87344424603958,40.0187482642976,SIVAGANGA,20.9,18.8,22.7,51.4,99.3,47.6,55.7,69.9,27.6,22.8,28.4,56.4,100.0,74.4,75.2,89.4,6.700000000000003,4.0,5.699999999999999,5.0,0.7000000000000028,26.800000000000004,19.5,19.5,-0.22389699266361776,-7.368181517736517,-5.842714275386967,-6.685757543582612,3.3157732247014504,5.297215101879736,-3.1673228896871093,8.69387583822235,-0.2884798574386096,-1.0849107482343252,-0.7298021023313422,-0.9075976761497802,0.23082810700297401,0.32830123677994544,-0.4028946315799443,0.806976847054844,-0.03207697385131398
Tamil Nadu,Thanjavur,586,620,33,1.1477863541571498,-0.6030461402414165,1.2711339610885484,2405890,605363,0.1033937534920722,-1.134228897955384,0.2781134111141741,TAMIL NADU,THANJAVUR,THANJAVUR,100.0,30.02777777777778,83.31456055624811,30.53440273328296,THANJAVUR,26.0,20.4,22.9,54.4,98.4,46.9,47.3,74.6,19.6,8.3,21.9,64.8,100.0,79.6,69.4,78.5,-6.399999999999999,-12.099999999999998,-1.0,10.399999999999999,1.5999999999999943,32.699999999999996,22.10000000000001,3.9000000000000057,0.37901457860150656,5.746128464456572,10.025791401808764,-0.4522730997810742,-1.778696391947511,-7.648298412666616,0.3267587533786962,14.687930975737714,1.6912434976299693,0.8460753195096654,1.2523021489170683,-0.061396485240534315,-0.12382424649177627,-0.4740124348074001,0.04156486475903212,1.3633528300978774,0.1880546320681199
Tamil Nadu,Theni,588,624,33,0.6430286105649468,-0.5225470611370148,2.1554448330255878,1245899,338112,0.066536613980247,-1.5122879921218004,-0.46701959148591293,TAMIL NADU,THENI,THENI,99.99611111111112,18.63888888888889,84.2738634405676,19.09013504789847,THENI,27.4,14.0,22.0,50.0,96.6,47.0,73.3,56.8,20.2,15.5,18.8,46.8,100.0,74.4,89.9,95.2,-7.199999999999999,1.5,-3.1999999999999993,-3.200000000000003,3.4000000000000057,27.400000000000006,16.60000000000001,38.400000000000006,0.3258330399719467,6.43401695385505,-4.487262740731733,1.080407871111059,9.076100946083843,24.1867426655271,2.2533006566873244,5.226912709652019,-7.46001036517243,0.9473618600133991,-0.5604952813959444,0.14666635257444283,0.6318342837034849,1.4990022829076908,0.2866277829995947,0.48516882651136845,-0.8295017875384629
Tamil Nadu,The Nilgiris,587,611,33,1.3749424341288716,0.17465641250364775,0.10071737804685245,735394,197653,0.0691846608816955,-1.4846934360498163,-0.6525743147586044,TAMIL NADU,THE NILGIRIS,THE NILGIRIS,100.0,33.361111111111114,82.49254030316938,33.9253523194927,THE NILGIRIS,33.1,31.0,30.7,53.3,99.8,63.0,69.9,78.7,26.7,17.3,23.2,45.9,100.0,83.6,81.5,90.1,-6.400000000000002,-13.7,-7.5,-7.399999999999999,0.20000000000000284,20.599999999999994,11.599999999999994,11.399999999999991,0.5130840245525292,8.054042869007581,11.25708636267628,7.994525873891922,16.318247567374623,-3.4989571533682255,-2.355563743891822,6.621856275945246,-7.2553985704238215,1.185898807499874,1.4061008131469028,1.0852641690586222,1.1359975306882222,-0.21685205127562235,-0.2996360080143655,0.6146493001106923,-0.8067503647940925
Tamil Nadu,Thiruvallur,589,602,33,1.2103037302090411,-0.41416924284283124,-0.5006981567200414,3728104,946949,0.0668243950952036,-1.5092857892898566,1.7431812858453162,TAMIL NADU,THIRUVALLUR,TIRUVALLUR,100.0,33.888888888888886,90.82336064025992,34.38943838392439,THIRUVALLUR,30.1,23.3,26.6,50.0,99.5,66.6,86.3,78.9,18.1,17.0,20.6,58.4,100.0,75.6,93.4,88.6,-12.0,-6.300000000000001,-6.0,8.399999999999999,0.5,9.0,7.1000000000000085,9.699999999999989,0.1292683537100855,11.324187280439988,2.5206052363564875,3.0527730897705396,-1.7133122447713358,-0.0030452984740847455,-3.1911721665122084,-3.0432523762108783,-4.988161247077393,1.667403614581677,0.3148439088301165,0.41441672750274927,-0.11927251816239412,-0.0001887360124475986,-0.40592834362464386,-0.2824786381868739,-0.5546491852474991
Tamil Nadu,Thiruvarur,590,619,33,1.1749226981569891,0.07620348920344702,1.9171411773442977,1264277,327219,0.1301755263527774,-0.8673570275363198,0.04819874012135055,TAMIL NADU,THIRUVARUR,TIRUVARUR,99.9986111111111,28.333333333333332,75.69537323344117,28.77451342724728,THIRUVARUR,28.4,22.1,29.6,52.6,99.6,45.2,44.2,72.0,19.8,18.4,21.5,45.0,100.0,71.0,58.9,97.1,-8.599999999999998,-3.700000000000003,-8.100000000000001,-7.600000000000001,0.4000000000000057,25.799999999999997,14.699999999999996,25.099999999999994,0.4863262266982854,8.444986905352028,1.2110758834263962,6.564635768291781,16.622546663562495,12.521865559878393,-0.789927542691105,5.768537275299089,-6.866266557874912,1.2434624527449352,0.1512731385018539,0.8911552848323429,1.1571813631085128,0.776057583283997,-0.10048156672742115,0.5354431221657554,-0.7634815643236926
Tamil Nadu,Thoothukkudi,594,627,33,1.4596412392913216,-0.5542772905296415,0.24435992970994813,1750176,462010,0.0767357498407644,-1.4063793545356247,0.004206611037281722,TAMIL NADU,THOOTHUKKUDI,THOOTHUKKUDI,99.9986111111111,35.888888888888886,88.17528296017007,36.32770539931269,TUTICORIN,21.2,12.4,17.6,56.3,99.1,50.4,68.2,47.7,20.3,18.4,21.0,55.6,100.0,79.4,90.7,100.0,-0.8999999999999986,5.999999999999998,3.3999999999999986,-0.6999999999999957,0.9000000000000057,29.000000000000007,22.5,52.3,0.4699460112552373,1.4495702896925082,-7.754747255345801,-3.365094696054695,10.06660761127659,40.22895351683111,-0.5222954349645175,15.324016736437157,3.791522768022382,0.21343860541748177,-0.9686304315513945,-0.45681467002864157,0.7007885706845726,2.493237472884943,-0.06643781962713122,1.4223951365648024,0.42159122569726515
Tamil Nadu,Tiruchirappalli,591,614,33,1.1659866643609758,-0.6589212154109751,0.5924090974098969,2722290,698404,0.0756190454773307,-1.4179262831249901,0.2906566669935868,TAMIL NADU,TIRUCHIRAPPALLI,TIRUCHIRAPPALLI,100.0,34.361111111111114,86.93284353574393,34.91377925947273,TIRUCHIRAPPALLI,30.0,19.0,27.6,60.4,98.3,46.5,71.1,70.0,27.6,20.9,27.4,82.3,98.6,67.1,71.2,97.1,-2.3999999999999986,1.8999999999999986,-0.20000000000000284,21.9,0.29999999999999716,20.599999999999994,0.10000000000000853,27.099999999999994,-0.27565575480656795,2.098071674389818,-4.216471367803237,-1.0138370520147753,-13.888354457099425,15.235794290298383,-1.537718241663855,4.833747607695999,-18.709424283358477,0.3089256833090003,-0.526671256475041,-0.13762930324722508,-0.9668401158547952,0.9442565598393082,-0.1956031784653699,0.44867473109841405,-2.080359158656835
Tamil Nadu,Tirunelveli,592,628,33,1.0729678457315643,-0.6126114863989108,0.2933391723204607,3077233,815528,0.0740350129564101,-1.4343260504843653,-0.052762740916088,TAMIL NADU,TIRUNELVELI,TIRUNELVELI,100.0,32.25,88.81468227169502,32.69961848029263,TIRUNELVELI,30.8,12.9,22.7,61.9,98.6,45.8,72.3,49.8,29.4,12.0,22.7,49.9,100.0,79.8,87.9,93.3,-1.4000000000000021,-0.9000000000000004,0.0,-12.0,1.4000000000000057,34.0,15.600000000000009,43.5,0.5474507642371039,1.2885397283575424,-1.2912772355855613,-0.8414934187153391,20.098465035790767,30.467185102385,-1.2779247786977113,18.27278956084958,-3.197529146718889,0.18972803499166258,-0.16129093376905412,-0.11423349805056221,1.3991580013119753,1.8882402088537296,-0.16255653459794836,1.696104060042125,-0.35554322488509676
Tamil Nadu,Tiruppur,634,633,33,0.8033041624404903,-0.7309311358953439,-0.17346326045896743,2479052,712210,0.0423874859044236,-1.767147933181748,0.29656071420307106,TAMIL NADU,TIRUPPUR,TIRUPPUR,99.99972222222222,41.611111111111114,86.11628936282492,42.06049653229827,TIRUPPUR,29.4,20.4,24.9,51.7,100.0,51.6,90.5,93.2,21.5,15.3,23.1,44.8,100.0,75.9,95.4,,-7.899999999999999,-5.099999999999998,-1.7999999999999972,-6.900000000000006,0.0,24.300000000000004,4.900000000000006,,0.17975340032493037,7.365651850510622,1.9743286997392273,-0.08773062043996571,12.89548659793585,,-3.8504881956205264,9.175791033907132,-11.8766270775691,1.084538273267982,0.24660956669276177,-0.011909511632667482,0.897721453960944,,-0.4897956656167471,0.851708841437805,-1.3205991558355656
Tamil Nadu,Tiruvannamalai,593,606,33,0.2655790206670927,-0.2664594721275835,1.0581839427325663,2464875,588836,0.1127128504101654,-1.0406392463553242,-0.19697023280345094,TAMIL NADU,TIRUVANNAMALAI,TIRUVANNAMALAI,99.99583333333334,29.0,83.20723598500997,29.446652206629576,TIRUVANNAMALAI,24.5,34.6,34.7,57.9,96.1,31.0,63.8,62.1,30.6,14.8,25.0,64.7,99.1,61.7,70.7,97.1,6.100000000000001,-19.8,-9.700000000000003,6.800000000000004,3.0,30.700000000000003,6.900000000000006,34.99999999999999,0.25892435467763353,-7.65060901637444,16.664478975345116,6.72488366686431,-0.3995030619218438,19.72119272199055,-2.371744622514848,8.204828957590859,-13.048177283069585,-1.1264961283083148,2.081527731331314,0.912909083022634,-0.027811472400563367,1.2222444882609467,-0.3016942727882825,0.7615828804123779,-1.4508674721090435
Tamil Nadu,Vellore,595,605,33,0.7488474591147554,-0.3963646056207911,-0.16070796844859075,3936331,929281,0.1021077428024702,-1.1472060490480982,0.189538439224115,TAMIL NADU,VELLORE,VELLORE,99.99305555555556,31.083333333333332,89.83367456721055,31.682864176639775,VELLORE,29.0,27.5,32.6,50.4,100.0,53.4,78.2,74.0,29.8,13.1,19.7,60.9,99.5,76.2,85.3,92.7,0.8000000000000007,-14.4,-12.900000000000002,10.5,-0.5,22.800000000000004,7.099999999999994,18.700000000000003,0.20510154338594108,-1.5848248941829033,11.805680394565508,11.073816097209665,-2.6182253740096764,4.959700818718563,-5.815285737446501,5.960671761303232,-9.374741412158421,-0.23335385503593725,1.4746246291215714,1.503280621593084,-0.1822681968379257,0.307383385708844,-0.7397248358698488,0.5532772947041372,-1.0424066962963963
Tamil Nadu,Viluppuram,596,607,33,0.07161850680197007,-0.04819047733823637,1.506398137183441,3458873,800368,0.107754755107257,-1.0903343088019877,-0.059672559906216074,TAMIL NADU,VILUPPURAM,VILLUPURAM,99.98944444444444,24.02777777777778,80.56382011453213,24.46819096721696,VILLUPURAM,31.8,16.3,28.6,57.1,99.2,32.4,57.5,72.1,23.9,12.4,20.5,73.4,99.1,53.8,68.6,88.5,-7.900000000000002,-3.9000000000000004,-8.100000000000001,16.300000000000004,-0.10000000000000853,21.4,11.099999999999994,16.400000000000006,-0.16057165719298003,6.096646020331603,-0.07275046827837528,4.142498617235384,-11.241969593957702,0.7838702162519819,-5.61078596290778,-2.9005402112984306,-9.160158987279434,0.8976864616752382,-0.009087119820116722,0.5623479604140472,-0.7826115914763436,0.04858129347610767,-0.7137117439968259,-0.26923190968275873,-1.0185466081331884
Tamil Nadu,Virudhunagar,597,625,33,0.8473118399391615,-0.5300060623532353,-0.09486234377629632,1942288,537748,0.0763831354634771,-1.4100241578705686,-0.09353526610697627,TAMIL NADU,VIRUDHUNAGAR,VIRUDHUNAGAR,100.0,33.05555555555556,86.16508099689634,33.62633121566883,VIRUDHUNAGAR,29.9,17.7,25.7,51.6,96.0,36.5,73.3,54.4,29.2,14.4,23.7,58.9,97.8,59.8,90.5,76.7,-0.6999999999999993,-3.299999999999999,-2.0,7.299999999999997,1.7999999999999972,23.299999999999997,17.200000000000003,22.300000000000004,0.13840283239930157,0.36534654731611216,0.8325827952078724,0.7872784058221103,0.3131783836983173,8.323005863076855,-2.48080155953689,7.222721747302149,-0.4490198924141211,0.0537946025161597,0.10399630131962384,0.1068737606694848,0.021801965503790564,0.515828235407176,-0.31556669943786647,0.670422413576143,-0.04992792036009891
Telangana,Adilabad,501,532,28,-0.7598834819361363,0.1467691965581739,0.7068609750352896,2741239,649849,0.1027119657061106,-1.1411069427534974,-0.4412788677513238,TELANGANA,ADILABAD,ADILABAD,100.0,48.166666666666664,49.43466879516044,48.68651043373123,ADILABAD,38.3,22.1,35.8,67.8,70.8,30.7,40.4,70.0,45.7,29.5,52.0,76.3,94.1,50.8,81.6,69.3,7.400000000000006,7.399999999999999,16.200000000000003,8.5,23.299999999999997,20.099999999999998,41.199999999999996,-0.7000000000000028,-0.49391958540023695,-9.97267179620863,-12.374227265652447,-21.43477505460511,-5.71534309758066,-19.865207931738468,13.2688296392597,-6.73879399874863,22.83579730324555,-1.4684028609061415,-1.5456407155218728,-2.9097902371625977,-0.3978745645989838,-1.2311700030014348,1.6878418826236852,-0.6255036114219684,2.5391834267874187
Telangana,Hyderabad,507,536,28,1.2211838186027497,-1.1163772984465419,-1.3622699738321509,3943323,849051,0.0122892478984359,-2.093187814202743,5.402062920616376,TELANGANA,HYDERABAD,HYDERABAD,100.0,39.375,59.40874108556533,39.90612450596602,HYDERABAD,16.4,15.0,17.2,55.3,97.5,72.6,91.6,67.9,30.4,17.7,18.9,63.6,98.3,84.4,99.5,73.8,14.0,2.6999999999999993,1.6999999999999993,8.300000000000004,0.7999999999999972,11.800000000000011,7.900000000000006,5.8999999999999915,-0.5479254666077973,-17.119992759065042,-9.329990890802126,-9.540802037051574,-6.345060063736249,4.218190424232484,-2.9182053108819748,5.114677020651548,6.067762929214972,-2.52079351048741,-1.1653910572905255,-1.2951725666068645,-0.4417124164045573,0.2614273928120141,-0.3712059977941109,0.4747509640847586,0.6746934588243165
Telangana,Karimnagar,508,534,28,-0.40373491567462144,-0.4891394298127522,1.0964813520100622,3776269,976022,0.0427108166859328,-1.7636967929157157,0.1264634637911838,TELANGANA,KARIMNAGAR,KARIMNAGAR,100.0,31.833333333333332,71.7370131480479,32.34246376772909,KARIMNAGAR,24.3,19.3,25.4,52.1,95.6,53.9,70.7,84.3,30.3,13.9,27.5,70.8,98.4,78.8,94.9,73.4,6.0,-5.4,2.1000000000000014,18.699999999999996,2.8000000000000114,24.9,24.200000000000003,-10.899999999999991,-0.6182302040859349,-8.487295984279966,0.25915259866039264,-7.355749734315145,-17.233859447935153,-27.135280564909316,-3.6949857076492876,0.6718079466478706,5.0287876627612,-1.2496921546552804,0.032370248212156325,-0.9985497262927026,-1.1997380047244854,-1.6817414430970181,-0.47001520123626644,0.06235808616322938,0.5591665629428878
Telangana,Khammam,509,541,28,-0.2650337421727485,0.5030072126348268,2.3610654720309694,2797370,754034,0.0551740992605151,-1.6314765408074674,-0.5116317108228864,TELANGANA,KHAMMAM,KHAMMAM,100.0,35.5,59.40874108556533,36.023814405644906,KHAMMAM,26.5,13.7,22.2,72.2,94.2,50.3,70.0,62.4,22.2,24.7,26.2,60.5,97.9,84.5,97.1,86.6,-4.300000000000001,11.0,4.0,-11.700000000000003,3.700000000000003,34.2,27.099999999999994,24.199999999999996,-0.06853348747039206,3.081515500535346,-16.826894816443374,-8.897431393203009,13.28898494864556,6.102776791401833,-1.3578225477054913,7.192726690460404,4.581133472055594,0.45373058187204984,-2.1018147788743966,-1.2078344157012235,0.9251149073872691,0.3782268852360181,-0.17271981233425424,0.6676382334420118,0.5093904992093891
Telangana,Mahabubnagar,512,538,28,-1.2998082047463857,-0.2729514667585989,1.4629641209437125,4053028,869451,0.0832521585949487,-1.3392364064484115,-0.08703107179879503,TELANGANA,MAHABUBNAGAR,MAHABUBNAGAR,100.0,42.333333333333336,63.56411615237726,42.74880107804736,MAHABUBNAGAR,37.1,18.6,34.5,64.4,78.4,32.8,47.1,45.0,42.6,17.8,33.0,82.6,98.1,73.7,85.9,89.4,5.5,-0.8000000000000007,-1.5,18.19999999999999,19.69999999999999,40.900000000000006,38.800000000000004,44.400000000000006,0.22392560098504033,-9.607625421797856,-5.043655379645611,-5.775071522047352,-18.23789474151116,25.582630782055556,9.611943168490312,10.239978759189281,19.164680320843893,-1.4146524566511873,-0.6299932062408382,-0.7839712192435093,-1.2696340894306983,1.585514117192106,1.2226730385605962,0.9504881282832737,2.1309804954105807
Telangana,Medak,513,535,28,-0.7955228065532325,-0.4141985864508825,0.9868139879506193,3033288,668626,0.0701316886334668,-1.4748413133027711,0.4691683917199337,TELANGANA,MEDAK,MEDAK,100.0,44.083333333333336,55.69480654442122,44.623689216437846,MEDAK,33.4,20.7,37.0,67.5,91.0,53.3,48.7,81.4,36.4,21.3,42.0,70.0,98.9,78.2,80.1,69.3,3.0,0.6000000000000014,5.0,2.5,7.900000000000006,24.900000000000006,31.39999999999999,-12.100000000000009,-0.48833187411926693,-6.548791167981131,-6.17568104340731,-11.631406732043834,-1.60821994588742,-28.607724183626694,-0.7804991746919434,-1.5083134190960799,13.779748682794363,-0.9642615221927023,-0.7713923352015991,-1.57897405814376,-0.1119565002178469,-1.7729978961230837,-0.09928224509722335,-0.14000361058314162,1.5322131746052212
Telangana,Nalgonda,514,539,28,-0.5255899081099612,-0.13538083098044057,1.7703723971550516,3488809,875939,0.0545998737920209,-1.6375339738353822,0.008986991433763027,TELANGANA,NALGONDA,NALGONDA,100.0,38.291666666666664,58.61483447054331,38.74488613811376,NALGONDA,28.9,23.1,34.1,69.1,94.5,50.1,60.3,69.0,31.7,29.8,28.0,74.5,98.3,76.4,94.6,78.3,2.8000000000000007,6.699999999999999,-6.100000000000001,5.400000000000006,3.799999999999997,26.300000000000004,34.3,9.299999999999997,-0.23611987007417973,-5.314118830566092,-12.318107842878725,0.3189941004259751,-4.374143531369059,-7.640445953214623,-2.5814967816853684,-0.40235688917817924,13.783124933441393,-0.7824650658778386,-1.538630947323141,0.04330373968317192,-0.30450673272329554,-0.47352576924818224,-0.328375486493164,-0.03734728904136187,1.532588590430374
Telangana,Nizamabad,516,533,28,-0.7284832888320875,-0.467566164688285,0.7170466432089058,2551335,593234,0.0690789847834359,-1.4857933472091303,-0.032633855329779686,TELANGANA,NIZAMABAD,NIZAMABAD,100.0,39.375,63.96350696797507,39.90612450596602,NIZAMABAD,36.6,22.0,36.3,65.9,91.6,42.3,56.9,64.2,30.5,26.2,38.4,65.3,97.3,72.5,92.4,86.1,-6.100000000000001,4.199999999999999,2.1000000000000014,-0.6000000000000085,5.700000000000003,30.200000000000003,35.50000000000001,21.89999999999999,0.07843169782362336,3.0135574562108762,-9.160723862843287,-7.6925924500623095,2.344306799579094,4.459546368614056,-3.0704651417570368,4.475139027445056,17.15802949683458,0.44372425771470864,-1.1442482412914396,-1.0442764317628332,0.1631993095154346,0.27638571591589267,-0.3905739847665073,0.4153882169127121,1.907854740351019
Telangana,Ranga Reddy,518,537,28,0.49970739115612167,-0.7197484537650471,-0.4843417528148947,5296741,1235341,0.051238550278746,-1.673058453604655,1.6513625001398746,TELANGANA,RANGA REDDY,RANGAREDDY,100.0,45.666666666666664,59.615259822452465,46.13558576112664,RANGA REDDY,26.2,14.8,25.8,48.2,95.3,51.2,84.4,68.1,37.8,13.9,29.5,75.8,97.2,81.1,97.0,85.8,11.599999999999998,-0.9000000000000004,3.6999999999999993,27.599999999999994,1.9000000000000057,29.89999999999999,12.599999999999994,17.700000000000003,-0.48814014002632716,-13.57765432677378,-3.5791652874583253,-8.191477360274614,-23.46078068373776,6.475926855071005,-3.8467132046705723,14.502511032949528,0.25363562326832145,-1.999210127962801,-0.4470665906738095,-1.1120005127249812,-1.6332261668850185,0.4013533063933604,-0.48931547346679244,1.3461419101817615,0.028202534927663225
Telangana,Warangal,522,540,28,-0.37192946228619483,0.001540710740837292,1.321203382355817,3512576,886279,0.0627850675376777,-1.5514993236707135,-0.20624024285937118,TELANGANA,WARANGAL,WARANGAL,100.0,33.0,59.313081454990176,33.48880790711875,WARANGAL,26.6,16.6,29.1,63.0,96.0,46.9,60.9,67.0,36.1,19.0,37.9,71.5,100.0,74.3,87.8,79.0,9.5,2.3999999999999986,8.799999999999997,8.5,4.0,27.4,26.9,12.0,-0.5811316158921258,-11.464483960291922,-7.611534510156002,-13.734525992939773,-6.352286948301651,-5.404467585147557,-2.807571106019383,2.1816878295316364,7.068913046295428,-1.6880612728582218,-0.9507420054545637,-1.864474413400759,-0.44221551718097146,-0.3349483376107294,-0.35713293711773086,0.20250709794969335,0.7860144585362767
The Dadra And Nagar Haveli And Daman And Diu,Daman,463,495,25,1.1477155062510607,-0.9974171870395907,-1.4481952068793744,191173,50376,0.0585268069119701,-1.5961749231959983,2.6922478837794457,THE DADRA AND NAGAR HAVELI AND DAMAN AND DIU,DAMAN,DAMAN,0.0,0.0,0.0,0.0,DAMAN,18.9,26.4,25.2,74.3,92.1,58.2,74.4,62.8,30.0,25.2,29.3,82.5,97.4,67.1,92.1,78.3,11.100000000000001,-1.1999999999999993,4.100000000000001,8.200000000000003,5.300000000000011,8.899999999999991,17.69999999999999,15.5,-0.23497684618018813,-12.828904714324775,-2.6123821666193123,-7.979049300115912,-2.033855567044836,8.0261629403235,0.47140724578137405,-0.6042633060829434,9.523056002348381,-1.8889622329663491,-0.32630758709579555,-1.0831632100719553,-0.1415871950955545,0.4974310405047606,0.059964662659311364,-0.05608850489788632,1.0588982575219634
The Dadra And Nagar Haveli And Daman And Diu,Diu,464,494,25,0.9751905218510529,-1.2817750451338372,-1.379304918188891,52074,10580,0.084925417998084,-1.3220608584671705,1.4644510077463093,THE DADRA AND NAGAR HAVELI AND DAMAN AND DIU,DIU,DIU,0.0,0.0,0.0,0.0,DIU,37.3,17.1,31.1,72.1,83.1,71.4,69.7,81.4,33.9,17.4,28.5,62.8,95.7,89.7,85.3,92.9,-3.3999999999999986,0.29999999999999716,-2.6000000000000014,-9.299999999999997,12.600000000000009,18.299999999999997,15.599999999999994,11.5,0.4039440918089069,1.6712731959225278,-2.484620555169129,0.29783319247927276,17.335745524736787,1.6707509936834768,7.197875956908823,6.454802387427248,3.8695927505345367,0.2460827341356386,-0.31034913213140175,0.04043112715535432,1.206830820983112,0.10354678959194384,0.9155951833200688,0.599143141206073,0.43027207021046604
Tripura,Dhalai,269,291,16,1.0350633605861275,1.75258788702502,-0.11956636524197622,378230,84509,0.4701270043043458,2.059004286278438,-0.7430899291567156,TRIPURA,DHALAI,DHALAI,100.0,58.166666666666664,46.289220139134535,58.607027206020184,DHALAI,32.5,23.3,27.2,50.4,76.2,49.5,19.2,44.3,45.7,15.9,27.6,81.2,87.3,67.6,34.0,73.7,13.200000000000003,-7.4,0.40000000000000213,30.800000000000004,11.099999999999994,18.099999999999994,14.8,29.400000000000006,-0.19687788948182813,-13.646375117339982,8.04070084667455,-0.1219447633325812,-11.29025470210906,12.665341832719125,-0.11448578063683534,-4.87392157657316,-0.768919783908105,-2.0093287609162593,1.0043483397503363,-0.016554112693709627,-0.7859729673472811,0.7849496967655649,-0.014562994685829736,-0.4524037310682134,-0.08549858565923306
Tripura,North Tripura,270,292,16,1.3548481545937894,0.43661773535774423,-0.477123864755668,693947,152355,0.4340864543915459,1.7828020052754083,-0.4667696154014494,TRIPURA,NORTH TRIPURA,NORTH TRIPURA,100.0,39.583333333333336,42.83679456578233,40.12791705950692,NORTH TRIPURA,29.0,14.8,30.7,37.3,64.8,46.1,23.0,53.8,26.2,30.0,32.2,52.5,85.4,74.1,41.6,69.6,-2.8000000000000007,15.2,1.5000000000000036,15.200000000000003,20.60000000000001,27.999999999999993,18.6,15.799999999999997,0.20622280652855118,1.7480088693011389,-12.889987977437777,-0.1754393422539171,5.350340604832848,2.177520970417236,11.735573473081361,8.198978180564538,2.3833757133247353,0.2573814998651545,-1.6100633851955346,-0.0238160505069075,0.3724648550854719,0.13495446455413276,1.4928062958821249,0.7610398036897078,0.2650149688542599
Tripura,South Tripura,271,290,16,1.1327069318140317,1.012621366602671,0.32543791193162735,876001,208127,0.3209494354697616,0.868343786828039,-0.3369775879285076,TRIPURA,SOUTH TRIPURA,SOUTH TRIPURA,97.22222222222224,35.02777777777778,47.29429624488047,35.500444222869454,SOUTH TRIPURA,25.0,21.5,25.8,51.8,78.8,61.0,22.1,54.7,25.5,15.3,21.6,59.6,89.7,68.6,29.4,48.5,0.5,-6.199999999999999,-4.199999999999999,7.800000000000004,10.900000000000006,7.599999999999994,7.299999999999997,-6.200000000000003,-0.18821764750797187,-0.7975115562633599,5.698644122277633,3.899678620827721,7.722315608990023,-21.0658752470046,3.3350337125511578,-13.058396497680882,-9.655662276419118,-0.11742773398679772,0.7118065790750854,0.5293849247332469,0.5375902912851295,-1.3055827948141085,0.4242280391746638,-1.212097323378064,-1.07364316215293
Tripura,West Tripura,272,289,16,1.6528548230479196,0.5344238399508885,-0.29722644726198566,1725739,410565,0.363310177708501,1.219594480846932,0.31158051817420596,TRIPURA,WEST TRIPURA,WEST TRIPURA,100.0,27.11111111111111,48.57884612882393,27.669878523188075,WEST TRIPURA,19.5,14.2,19.0,52.0,89.1,68.9,42.0,56.7,30.3,11.7,21.2,54.5,95.3,80.2,65.2,88.4,10.8,-2.5,2.1999999999999993,2.5,6.200000000000003,11.299999999999997,23.200000000000003,31.700000000000003,0.15601590383584565,-11.307096405211789,3.485908470684147,-1.584534919187004,16.02812482630694,20.076163358403885,-0.5472486704073365,-5.71126114031377,8.385340845662064,-1.664887108414291,0.43541806265572214,-0.2151020585262919,1.1158005875980632,1.2442442176873973,-0.06961195909778535,-0.530126676925218,0.9323921657091687
Uttarakhand,Almora,45,64,5,0.5481446567826347,-0.3627520058449438,-1.329232447839322,622506,140577,0.0672732784250917,-1.5046045452559993,-0.9353428784144421,UTTARAKHAND,ALMORA,ALMORA,99.85972222222222,27.555555555555557,54.9344678986438,28.09782605506962,ALMORA,32.9,14.4,22.5,48.6,66.3,65.0,26.6,60.6,26.0,17.0,22.9,57.7,80.1,89.2,35.9,85.1,-6.899999999999999,2.5999999999999996,0.3999999999999986,9.100000000000001,13.799999999999997,24.200000000000003,9.299999999999997,24.499999999999993,0.19458782089949392,7.108430811343771,-4.930811095391156,-0.7142173086032821,-1.5071312663048015,7.127306649352047,6.393322191378796,9.104017238703227,-6.944783102129485,1.0466643596853202,-0.6158980456693377,-0.09695565017557232,-0.10491919489984312,0.4417233476250346,0.8132531095122737,0.8450467045459754,-0.7722120634278994
Uttarakhand,Bageshwar,46,63,5,0.4357891405814772,-0.1835090083666866,-1.2246785234640845,259898,58046,0.0892083885309462,-1.2782177367465992,-1.040168006763732,UTTARAKHAND,BAGESHWAR,BAGESHWAR,100.0,31.444444444444443,52.69472212300138,31.973550798493193,BAGESHWAR,25.1,26.3,27.2,49.0,55.9,67.4,23.0,60.2,23.6,7.7,11.9,43.7,82.0,88.5,34.6,86.9,-1.5,-18.6,-15.299999999999999,-5.299999999999997,26.1,21.099999999999994,11.600000000000001,26.700000000000003,0.9891715670034184,1.5400794751602103,16.29792446820737,14.809304590538328,13.25261894529011,8.717386330362345,17.92480373895321,4.645330623852743,-4.7993000765351574,0.22676541989558235,2.0357421191450262,2.0103765869685515,0.9225832819880205,0.5402704362016528,2.2800981933552666,0.4311856219389596,-0.5336491234657122
Uttarakhand,Chamoli,47,57,5,0.6710904447447062,-0.4106718000654411,-1.4039304757820124,391605,88964,0.0728011557814699,-1.4471171572923913,-1.0193435361435754,UTTARAKHAND,CHAMOLI,CHAMOLI,99.98388888888888,26.38888888888889,62.48698771251382,26.792667408016243,CHAMOLI,33.7,18.0,22.3,53.6,53.3,62.4,34.8,62.2,34.1,16.2,21.6,65.5,73.9,87.6,37.4,85.0,0.3999999999999986,-1.8000000000000007,-0.6999999999999993,11.899999999999999,20.60000000000001,25.199999999999996,2.6000000000000014,22.799999999999997,0.1725199497473126,-0.009055977703517737,-0.12491188195392877,0.8854483670834337,-3.5414931198428494,5.620762784361325,13.495430078157911,10.723527427752567,-13.822391422754723,-0.0013334263715771319,-0.015602500782926602,0.12020042232714742,-0.24654163521420766,0.34835349108207825,1.7166662568745743,0.9953717437403994,-1.536954753676987
Uttarakhand,Champawat,48,65,5,0.3116089057682085,-0.6163030138759397,-1.2485460775464003,259648,53953,0.1395342936232453,-0.7755886903814213,-0.9051595447422511,UTTARAKHAND,CHAMPAWAT,CHAMPAWAT,99.93166666666669,34.94444444444444,45.76942734820504,35.41898724687018,CHAMPAWAT,30.5,17.4,21.2,46.1,73.3,59.5,30.4,68.4,24.9,12.4,15.3,43.1,79.8,82.7,39.8,91.9,-5.600000000000001,-4.999999999999998,-5.899999999999999,-3.0,6.5,23.200000000000003,9.399999999999999,23.5,0.3118290024909122,4.473675647809013,3.834394051284288,5.270305650253238,12.61305326218217,6.414812462456247,-2.5139215577201295,5.140336760654417,-7.1178687051201734,0.6587159644124984,0.4789467202910122,0.7154487923900572,0.8780598101063867,0.3975656688716444,-0.31977967990456047,0.47713273447912347,-0.7914579907188638
Uttarakhand,Dehradun,49,60,5,1.1530371971845825,-0.55810936965886,-1.1769601305390804,1696694,347001,0.1016067116401532,-1.1522660606846635,0.7179826333907661,UTTARAKHAND,DEHRADUN,DEHRADUN,99.43194444444444,37.30555555555556,34.830570951590495,37.845642667221064,DEHRADUN,28.5,30.1,30.7,50.6,83.7,75.6,84.9,60.7,20.9,10.1,19.1,59.5,91.7,83.9,88.8,76.0,-7.600000000000001,-20.0,-11.599999999999998,8.899999999999999,8.0,8.300000000000011,3.8999999999999915,15.299999999999997,0.48783512173886023,7.19016815907077,17.894177290970035,10.48129683346077,0.36324356359240895,3.40000781375152,2.64867690086497,-3.8827267927954203,-9.231859977259322,1.0586995853197219,2.2351269617021914,1.4228455918530871,0.025287261366494524,0.21071954769592147,0.33692103436088894,-0.36039974385763474,-1.0265192645297885
Uttarakhand,Haridwar,50,68,5,-0.0046001347001199296,-0.46830115291504804,-0.39852385767526083,1890422,338104,0.1616809227298991,-0.5613953843596844,1.0604672908132673,UTTARAKHAND,HARIDWAR,HARIDWAR,99.83055555555556,33.72222222222222,38.396301463261814,34.198121497595054,HARIDWAR,39.1,12.3,24.7,71.1,62.8,56.9,46.2,55.3,31.1,16.4,27.0,63.1,79.8,69.8,61.5,76.5,-8.0,4.099999999999998,2.3000000000000007,-7.999999999999993,17.0,12.899999999999999,15.299999999999997,21.200000000000003,0.101305085334621,4.799181273530964,-7.351057672692436,-6.965042894187196,14.87062634151122,7.717864357553751,7.596989150897997,-8.019374371474978,2.0862228638762286,0.7066442831036711,-0.918206349143193,-0.9455109168766594,1.035221137196034,0.4783238673818688,0.9663637878644726,-0.74436874485759,0.23197361800836375
Uttarakhand,Nainital,51,66,5,1.0018919992434363,-0.525051699352387,-1.0070889647825165,954605,191383,0.1043575878625528,-1.124512744403741,-0.4180179961038838,UTTARAKHAND,NAINITAL,NAINITAL,99.99777777777778,35.75,43.567050011543984,36.217155923770875,NAINITAL,32.1,9.0,17.0,58.0,64.5,73.0,62.8,59.0,23.2,14.0,14.8,59.8,81.2,82.4,71.6,74.1,-8.900000000000002,5.0,-2.1999999999999993,1.7999999999999972,16.700000000000003,9.400000000000006,8.799999999999997,15.099999999999994,0.19749103363256174,8.97342863049123,-6.384066823285664,2.310203373804147,8.101835085220019,0.5146824632260998,11.068029100197643,-4.646568108526793,-7.464802557982676,1.3212716253391423,-0.7974213985928784,0.3136122122033272,0.5640106030291022,0.03189806076897227,1.4078922995693526,-0.4313004868736707,-0.8300346463828536
Uttarakhand,Pauri Garhwal,52,61,5,0.7713537364834988,-0.644717314968301,-1.2926356780181687,687271,161778,0.0612904653733707,-1.5671595419898037,-0.8549167671192337,UTTARAKHAND,PAURI GARHWAL,PAURI GARHWAL,99.99916666666668,25.583333333333332,66.97911817531067,26.14790974546305,PAURI GARHWAL,22.9,27.4,27.9,58.1,74.5,66.2,35.4,61.2,30.0,12.0,18.8,57.2,76.0,83.3,48.1,76.0,7.100000000000001,-15.399999999999999,-9.099999999999998,-0.8999999999999986,1.5,17.099999999999994,12.700000000000003,14.799999999999997,0.221586886218272,-6.791128376144787,13.58957948075643,9.31493811611573,9.128405042822491,-1.4299035433311502,-4.634963250662645,3.2360463733418676,-4.019728909196974,-0.9999439007010179,1.6974480023153378,1.2645113336155165,0.635475442136378,-0.08861998101324234,-0.5895836567034637,0.30037402740463365,-0.44696617730796623
Uttarakhand,Pithoragarh,53,62,5,0.7144137530880865,-0.1633955750868845,-1.3631972549738196,483439,114730,0.079967686149012,-1.3730279000567147,-1.0467318482688992,UTTARAKHAND,PITHORAGARH,PITHORAGARH,99.99972222222222,34.22222222222222,49.65249012369644,34.730792912382704,PITHORAGARH,30.6,20.6,16.6,42.3,73.0,62.7,36.8,74.2,25.6,12.4,20.6,36.2,84.9,84.5,45.9,96.0,-5.0,-8.200000000000001,4.0,-6.099999999999994,11.900000000000006,21.799999999999997,9.100000000000001,21.799999999999997,0.3559891363769421,5.649556871280229,6.118092174209992,-3.773266359882016,14.665663961579888,4.337865600388586,4.6603551643972905,7.278930321944031,-7.142239549938729,0.8318558599104516,0.7641990213015619,-0.5122243451694117,1.0209526468741021,0.26884440488123595,0.5928135975985142,0.6756397664790375,-0.7941678608599554
Uttarakhand,Rudraprayag,54,58,5,0.5599706253215765,-0.568523712179695,-1.334654984633184,242285,53542,0.0590812337715866,-1.5903479799979259,-0.8107821138382647,UTTARAKHAND,RUDRAPRAYAG,RUDRA PRAYAG,100.0,36.5,61.43741196782644,37.02623552371219,RUDRA PRAYAG,29.9,18.4,25.9,58.6,66.5,67.6,32.5,70.3,25.2,8.0,10.9,52.4,86.6,86.8,35.1,91.4,-4.699999999999999,-10.399999999999999,-14.999999999999998,-6.200000000000003,20.099999999999994,19.200000000000003,2.6000000000000014,21.10000000000001,0.6824972867253931,4.722094888645396,8.134647736958089,14.60042753527468,13.572708733827335,4.293150886957211,13.061279783071264,4.4317576446112685,-13.64438654811039,0.6952938776741137,1.016083063511388,1.9820213364644013,0.9448663860943585,0.26607315707659757,1.6614408096179043,0.4113615006136158,-1.5171618372492333
Uttarakhand,Tehri Garhwal,55,59,5,0.09718730448425712,-0.7107528668163874,-1.3182583795507883,618931,132714,0.090539685156866,-1.264624882098166,-0.6352530629190974,UTTARAKHAND,TEHRI GARHWAL,TEHRI GARHWAL,99.91583333333332,21.11111111111111,70.57864480943631,21.58965043455948,TEHRI GARHWAL,30.1,46.9,44.2,59.9,71.1,65.8,35.1,51.1,29.3,12.8,20.7,61.7,82.2,84.6,34.9,83.0,-0.8000000000000007,-34.099999999999994,-23.500000000000004,1.8000000000000043,11.100000000000009,18.799999999999997,-0.20000000000000284,31.9,0.8395419800293206,-0.5157403613197011,31.788989285696275,21.856007468851452,5.192894178846721,14.721447507018965,1.9964409918294344,1.0265694282927242,-15.904981145111451,-0.07593898982362274,3.97070096503275,2.966972921068912,0.36150419583591364,0.9123793032362115,0.2539543285887339,0.09528750765963827,-1.7685243913639725
Uttarakhand,Udham Singh Nagar,56,67,5,0.043065633239387106,-0.47624687664126447,0.19684696367532903,1648902,308581,0.156498477732209,-0.6111496674459732,0.9723597895226018,UTTARAKHAND,UDHAM SINGH NAGAR,UDAM SINGH NAGAR,100.0,28.52777777777778,46.34669939363491,28.9783342638066,UDAM SINGH NAGAR,37.9,12.0,27.0,64.6,67.5,56.2,52.6,47.0,26.8,12.4,22.0,60.8,85.1,70.9,64.0,83.2,-11.099999999999998,0.40000000000000036,-5.0,-3.799999999999997,17.599999999999994,14.700000000000003,11.399999999999999,36.2,0.37961367865396956,7.961581723637231,-3.6846569294885065,0.32868044003968766,10.455331734079108,22.93046341020227,9.449861160154924,-7.258863010809659,-3.570558833720508,1.1722845812264195,-0.4602433469729035,0.04461866910837094,0.7278496654375094,1.4211428746465888,1.2020556360069607,-0.6737770925957863,-0.39702155762540314
Uttarakhand,Uttarkashi,57,56,5,-0.10276144950958188,-0.31779865494365933,-1.3390464468334287,330086,67602,0.1247072695293125,-0.9213289480348895,-1.0785161168611221,UTTARAKHAND,UTTARKASHI,UTTAR KASHI,99.98111111111112,34.583333333333336,52.927921798206626,35.012782436631426,UTTAR KASHI,35.2,39.4,40.3,76.2,65.1,48.5,28.2,72.0,34.1,10.6,23.5,73.6,85.9,75.7,32.6,81.8,-1.1000000000000014,-28.799999999999997,-16.799999999999997,-2.6000000000000085,20.80000000000001,27.200000000000003,4.400000000000002,9.799999999999997,0.7733954848874454,-0.17738931612201592,26.592332551167388,15.252720871673077,10.310210051254247,-9.244959802223466,10.019983889243365,7.4581065951269565,-11.606044268959202,-0.026119277221855468,3.3215966564531,2.0705707510107647,0.7177469952422144,-0.5729674326371637,1.2745772559653639,0.6922711408730107,-1.2905122105858722
Uttar Pradesh,Agra,118,146,9,-0.25753812475139815,-0.445678765754073,-0.562461815700579,4418797,710566,0.1231783749435612,-0.9364661458357371,0.9302954214717731,UTTAR PRADESH,AGRA,AGRA,97.215,29.194444444444443,30.171401682338058,29.700841111411687,AGRA,44.7,14.9,34.8,51.7,78.7,42.8,46.7,60.9,35.9,16.4,26.2,73.0,89.1,70.8,67.5,74.1,-8.800000000000004,1.4999999999999982,-8.599999999999998,21.299999999999997,10.399999999999991,28.0,20.799999999999997,13.199999999999996,0.1153620352060567,5.6442850091287795,-5.578739112113357,3.437399238078858,-16.41551859168314,-1.4743957784013535,0.3415390102104503,6.906357870541822,7.839158961751316,0.8310796168309958,-0.6968294769315523,0.46663007746578283,-1.1427690692965045,-0.09137744045555732,0.04344496550603073,0.641057107636566,0.8716605008926925
Uttar Pradesh,Aligarh,119,143,9,-0.6557458652928055,-0.5357565707336712,-0.26785828989774574,3673889,611371,0.1493677678114617,-0.6799740196205774,0.506151587319847,UTTAR PRADESH,ALIGARH,ALIGARH,99.99027777777778,23.75,24.135119205680088,24.215481473912977,ALIGARH,49.1,14.6,38.2,66.8,65.4,38.4,39.6,67.9,35.0,10.9,26.3,62.6,82.6,69.4,51.4,70.1,-14.100000000000001,-3.6999999999999993,-11.900000000000002,-4.199999999999996,17.19999999999999,31.000000000000007,11.799999999999997,2.1999999999999886,0.39466228705107365,10.17944190973533,-0.06674549446265043,6.380155020528932,9.085457696723095,-13.914966165069103,5.871916497757775,6.411458704076043,-2.801091997990314,1.4988482452983085,-0.008337050193466974,0.8661118552923874,0.6324856554624664,-0.8623966582218273,0.7469284681190248,0.5951199242219148,-0.311462143570218
Uttar Pradesh,Ambedkar Nagar,121,178,9,-0.08620294014603226,-0.3529057020695958,0.26792233103723245,2397888,368728,0.2852934700676809,0.5638443474321627,0.21871696491854115,UTTAR PRADESH,AMBEDKAR NAGAR,AMBEDKAR NAGAR,99.98416666666668,27.72222222222222,40.17254786832016,28.245007973959556,AMBEDKAR NAGAR,43.0,22.7,41.0,62.0,81.1,19.8,13.8,61.2,31.1,17.8,29.2,54.9,92.2,63.6,32.2,75.1,-11.899999999999999,-4.899999999999999,-11.8,-7.100000000000001,11.100000000000009,43.8,18.400000000000002,13.899999999999991,0.7440785476781354,8.108465938770557,3.762330991600426,8.210382562977642,18.206293578311474,-0.8232408419839299,0.7140148648888847,18.027841162709844,1.7410981732055433,1.1939122058120124,0.4699454633445174,1.1145669112113994,1.267434169174954,-0.051021335058714354,0.09082520663386771,1.6733676315837267,0.19359812872331966
Uttar Pradesh,Amroha,154,137,9,-0.9285677544181817,-0.681953909706545,-0.20732278625206343,1840221,314401,0.1146554622742345,-1.0212287697112015,0.31475392629362675,UTTAR PRADESH,AMROHA,AMROHA,97.22222222222224,24.916666666666668,23.79364252028385,25.304198053109115,AMROHA,44.7,22.8,42.4,75.3,67.2,48.8,31.6,74.2,42.2,22.5,35.4,69.6,81.1,78.9,45.4,72.9,-2.5,-0.3000000000000007,-7.0,-5.700000000000003,13.899999999999991,30.10000000000001,13.799999999999997,-1.2999999999999972,-0.07131051663487195,-1.6054881214269976,-4.016373046804629,1.0206726226215794,8.75427946718331,-18.390723583982616,2.338553943760461,4.619065679281931,-1.500373255947327,-0.23639636386615034,-0.5016773634905883,0.13855723818316182,0.6094306276831922,-1.139787073354281,0.2974723015038965,0.42874767567054844,-0.1668311754087549
Uttar Pradesh,Auraiya,122,162,9,0.41209834423323466,-0.18754181858769572,0.45733444179598215,1379545,248197,0.184759635419602,-0.342489155686527,0.5107677104217342,UTTAR PRADESH,AURAIYA,AURAIYA,100.0,25.944444444444443,26.448697775692978,26.373057035389984,AURAIYA,43.6,26.5,46.4,80.1,69.2,35.6,27.3,34.0,39.7,19.4,32.6,64.2,90.1,74.3,33.7,82.5,-3.8999999999999986,-7.100000000000001,-13.799999999999997,-15.899999999999991,20.89999999999999,38.699999999999996,6.400000000000002,48.5,1.0490797586831484,1.6918510091525443,4.669318886035727,10.572560732836648,24.813873496731958,34.98105715970892,13.883807103179977,17.186682373752664,-10.177959741175162,0.24911266637803287,0.5832355612252871,1.4352347493195317,1.727421949122479,2.167992824253474,1.7660691828976416,1.5952901802816466,-1.1317190440129055
Uttar Pradesh,Ayodhya,140,177,9,-0.36558761112382365,-0.4500536294110216,0.01750970615627535,2470996,423375,0.2855366016073235,0.565949143483763,0.31254230800995814,UTTAR PRADESH,AYODHYA,AYODHYA,100.0,30.22222222222222,40.37095903187087,30.74386373239149,AYODHYA,49.9,19.3,44.9,63.5,78.6,24.2,24.5,48.5,30.6,12.4,27.5,57.7,89.1,64.4,41.3,68.7,-19.299999999999997,-6.9,-17.4,-5.799999999999997,10.5,40.2,16.799999999999997,20.200000000000003,0.9149908397008759,14.921611704059448,5.495953014316338,13.12638915970747,16.118636945951238,5.020065317363873,-1.2531526380828772,13.616954317617349,1.0491341619989836,2.1970980057622542,0.6864888261024356,1.7819192843783922,1.1221016039289378,0.3111245476555854,-0.15940543102749866,1.2639433856887863,0.11665649511811496
Uttar Pradesh,Azamgarh,123,191,9,-0.24417829804070956,-0.31253574715478566,-0.10167672376655537,4613913,665232,0.2110147714309559,-0.09858015421048956,0.43279460306221834,UTTAR PRADESH,AZAMGARH,AZAMGARH,100.0,28.055555555555557,41.491314527152305,28.559935011651874,AZAMGARH,40.0,16.9,33.0,61.8,84.3,24.7,24.0,35.2,33.4,14.4,28.0,58.9,93.2,72.8,37.6,64.5,-6.600000000000001,-2.4999999999999982,-5.0,-2.8999999999999986,8.900000000000006,48.099999999999994,13.600000000000001,29.299999999999997,0.5006139995096266,3.0961498473795412,-0.07561814988495019,0.6235978544989838,11.025831874047652,14.059698562287261,-1.7296727390028206,23.92496525841968,-1.491456365564737,0.4558853822317367,-0.009445316364847927,0.08465397674172669,0.7675651279947318,0.8713666215129133,-0.22002046687549973,2.220746349430716,-0.16583967859446433
Uttar Pradesh,Baghpat,124,139,9,-0.32250791241838545,-0.9422676727944299,-0.4375523990972775,1303048,209916,0.2017437079324069,-0.18409862623181752,0.5660188946922173,UTTAR PRADESH,BAGHPAT,BAGHPAT,97.22222222222224,23.25,27.042930455831613,23.76651357652377,BAGHPAT,35.8,14.9,33.3,78.8,76.2,64.7,42.7,69.8,25.5,10.3,26.0,60.2,80.9,87.0,51.5,83.9,-10.299999999999997,-4.6,-7.299999999999997,-18.599999999999994,4.700000000000003,22.299999999999997,8.799999999999997,14.100000000000009,0.23936178869356647,6.102020470893316,2.617832819171684,2.931332798974661,26.722462977220218,-0.27181114632796977,-6.012384456367281,-1.2648116956727335,-6.023286335418224,0.8984778101465294,0.32698841752910224,0.39793109741538724,1.8602887246742243,-0.016845820642318522,-0.7647964873907683,-0.11740146435088404,-0.6697479678327404
Uttar Pradesh,Bahraich,125,180,9,-1.9025117148538406,-0.7872852689459091,0.6269053340264764,3487731,603754,0.3130497705844872,0.8015960690748609,-0.23441458707425783,UTTAR PRADESH,BAHRAICH,BAHRAICH,99.99583333333334,35.77777777777778,36.48921270031665,36.28793592296318,BAHRAICH,65.1,13.7,44.0,73.5,37.4,12.9,14.9,9.4,52.1,14.4,38.0,71.7,67.7,44.2,38.2,51.8,-12.999999999999993,0.7000000000000011,-6.0,-1.7999999999999972,30.300000000000004,31.300000000000004,23.300000000000004,42.4,0.5231528753646888,5.718893480893215,-2.9407000058145227,-1.2935169903881718,8.54492118503482,23.27340876403965,13.84149856208835,-5.312033963699633,5.226943627898969,0.8420651677069789,-0.36731713128776766,-0.17559610962312427,0.5948561158939907,1.4423973228136635,1.7606873873973161,-0.4930698918689735,0.5812001418854271
Uttar Pradesh,Ballia,126,193,9,-0.3122285290243529,-0.6205886654854321,0.5060925765731222,3239774,480268,0.3068178389394114,0.7486557877476305,0.5343220049149308,UTTAR PRADESH,BALLIA,BALLIA,100.0,28.833333333333332,41.073696440441466,29.344303703361373,BALLIA,39.6,14.1,31.1,60.2,73.6,24.1,23.6,43.8,43.8,21.9,42.5,71.6,90.0,61.7,53.8,62.2,4.199999999999996,7.799999999999999,11.399999999999999,11.399999999999991,16.400000000000006,37.6,30.199999999999996,18.400000000000006,-0.1554617705843394,-9.059844470041124,-8.872465707121664,-15.931699508582447,-0.5581343970147561,4.4102989104908605,5.5334916992836085,9.91465653962538,13.513758417795998,-1.3339957246192282,-1.1082424744261992,-2.162742719407344,-0.03885461929555295,0.27333354584177644,0.7038796413187247,0.9202912973294238,1.5026368885836838
Uttar Pradesh,Balrampur,127,182,9,-1.9316204522940539,-0.8256895732005435,0.707745682038899,2148665,323881,0.3632089788884932,1.2187684258064977,-0.39981800293647357,UTTAR PRADESH,BALRAMPUR,BALRAMPUR,100.0,34.083333333333336,32.889396118134115,34.5354349680058,BALRAMPUR,62.8,10.3,43.5,72.4,30.8,13.8,9.2,7.1,41.2,24.9,37.2,75.4,69.7,59.7,39.6,57.4,-21.599999999999994,14.599999999999998,-6.299999999999997,3.0,38.900000000000006,45.900000000000006,30.400000000000002,50.3,0.8844466708024785,13.956107119156332,-16.035708977170557,-0.7037688229661212,5.320274460910703,31.06715914293442,21.879208664047926,7.951706985404726,11.710878644101186,2.0549345290469447,-2.0029892909896847,-0.09553725873350245,0.37037179545318877,1.9254243170615197,2.783112433110072,0.7380877701950187,1.302169071276272
Uttar Pradesh,Banda,128,170,9,-0.8447166465331891,-0.491734071321929,0.7736112147480334,1799410,319963,0.292422344255026,0.6253944968588603,-0.3884108279048115,UTTAR PRADESH,BANDA,BANDA,100.0,34.138888888888886,45.16481172065112,34.61854774000355,BANDA,46.7,18.0,41.5,62.7,75.0,27.5,15.0,42.8,51.0,25.7,49.8,82.2,89.8,59.3,26.8,62.9,4.299999999999997,7.699999999999999,8.299999999999997,19.5,14.799999999999997,31.799999999999997,11.8,20.1,-0.6560409708108799,-9.260646005343638,-9.12886536793288,-12.995183931577003,-10.13964239417229,2.7577610885460118,2.5096145970370056,0.5434045126257949,-7.3305127577804505,-1.363562279594461,-1.1402688585137002,-1.7641080551536328,-0.7058728992977594,0.17091553933537423,0.31923181933015965,0.05043951264477707,-0.8151025452377966
Uttar Pradesh,Bara Banki,129,176,9,-0.9074872043313762,-0.27056148647233363,0.4227824650850557,3260699,579058,0.2728167411342667,0.45529504862623027,0.014021229703692921,UTTAR PRADESH,BARA BANKI,BARABANKI,99.96555555555555,34.611111111111114,30.21595966615168,35.073628339353625,BARABANKI,51.5,12.2,40.2,43.9,62.5,20.3,27.9,40.1,41.9,18.1,31.9,65.5,76.0,62.4,47.8,64.4,-9.600000000000001,5.900000000000002,-8.300000000000004,21.6,13.5,42.099999999999994,19.9,24.300000000000004,0.12934661429400862,4.695349628070277,-8.2723876091024,2.8415640562249793,-13.480213221924046,7.035984055906326,0.40143156299302696,11.91933731023705,3.020798111196065,0.6913558339936714,-1.033287883656236,0.38574490882278684,-0.9384272955800098,0.4360635207542052,0.05106350925043008,1.1063683701704434,0.3358919505967779
Uttar Pradesh,Bareilly,130,150,9,-1.1739540450934507,-0.8907763102778694,-0.058843006004386196,4448359,756784,0.240167777181411,0.1661297868114481,0.5604142322836546,UTTAR PRADESH,BAREILLY,BAREILLY,100.0,23.055555555555557,19.94633862421319,23.528886739558956,BAREILLY,45.6,18.8,42.1,74.3,59.7,54.3,44.1,48.7,45.9,15.4,35.2,67.7,75.1,79.7,54.6,70.5,0.29999999999999716,-3.4000000000000004,-6.899999999999999,-6.599999999999994,15.399999999999991,25.400000000000006,10.5,21.799999999999997,-0.02832849816692848,-6.2787385455409135,0.711449260284235,0.3624075107469906,13.019517365828655,5.615109295380439,1.5487443273484232,-4.118284842602698,-4.580254853972502,-0.9244982519788788,0.08886574653235546,0.0491971496766155,0.9063558765895903,0.34800310934585454,0.1970057354146841,-0.38226454798747295,-0.5092928029281759
Uttar Pradesh,Basti,131,185,9,-0.6166949544302986,-0.5167430815754347,0.01692509056299907,2464464,382212,0.2923070069737904,0.6244013882977388,0.015346385071391149,UTTAR PRADESH,BASTI,BASTI,97.21777777777778,32.638888888888886,43.36259403185807,33.08490498866815,BASTI,48.9,14.1,33.3,71.6,73.6,16.1,19.6,57.5,35.9,24.2,39.2,58.4,93.2,64.2,57.0,73.8,-13.0,10.1,5.900000000000006,-13.199999999999996,19.60000000000001,48.1,37.4,16.299999999999997,0.63493725983204,8.277738889683075,-11.400734659850905,-10.307350759711543,23.272330831171644,0.022461455005338138,6.908156138870275,19.940768215619944,20.979432898677562,1.2188364077183123,-1.424043643196968,-1.3992322539058095,1.6201071989143598,0.0013920755182308896,0.8787418016424021,1.8509280051764265,2.332768486789366
Uttar Pradesh,Bhadohi,179,198,9,-0.6453597728942712,-0.4504044773913747,-0.5907273876942116,1578213,222403,0.3185959272455735,0.8484998061553878,1.0131568223753777,UTTAR PRADESH,BHADOHI,SANT RAVIDAS NAGAR,99.99805555555557,28.36111111111111,44.69930639697603,28.844704993869584,BHADOHI,51.4,21.5,49.1,62.3,80.7,20.6,25.4,43.1,42.7,9.1,26.5,59.2,90.3,68.8,39.9,62.2,-8.699999999999996,-12.4,-22.6,-3.0999999999999943,9.599999999999994,48.199999999999996,14.5,19.1,0.8662625770500598,3.238053891264305,10.591484594100608,16.935030283510663,13.127239567294259,4.536331331401943,-4.683440988201514,21.347185675735044,2.254550510744508,0.47677971308635836,1.322961787836648,2.2989457859706053,0.9138549756417389,0.28114455575239844,-0.5957501957289438,1.9814735005027815,0.25069049333889204
Uttar Pradesh,Bijnor,132,134,9,-0.35096976983379735,-0.496114064345566,0.28658547719697586,3682713,633197,0.2657845448524907,0.3936441105075336,-0.0614913594374918,UTTAR PRADESH,BIJNOR,BIJNOR,97.22222222222224,17.916666666666668,27.023226791442877,18.443979723104857,BIJNOR,42.6,22.4,41.8,72.4,73.1,60.4,33.6,70.1,36.2,9.4,21.9,60.9,83.7,78.2,45.8,90.6,-6.399999999999999,-12.999999999999998,-19.9,-11.500000000000007,10.600000000000009,17.800000000000004,12.199999999999996,20.5,0.537666193439632,2.355630984199472,11.673515581558242,16.07223822133234,21.526616759017376,4.696465401156624,-0.3170741253712954,-9.15359716459145,-5.262226625938641,0.34684940476560033,1.4581161787951102,2.1818209776704363,1.498579022125338,0.29106905610587896,-0.04033294595285834,-0.8496487776621554,-0.5851233683302939
Uttar Pradesh,Budaun,133,149,9,-1.8141530140146527,-0.6988732801423224,-0.21246472751783407,3681896,615776,0.3226322282622513,0.8825108575252387,-0.06658467385507698,UTTAR PRADESH,BUDAUN,BUDAUN,100.0,28.22222222222222,19.638744070696717,28.678314892262343,BUDAUN,55.1,20.1,53.6,58.3,58.9,30.6,22.3,51.5,51.8,18.2,43.0,72.2,72.3,69.7,39.8,69.5,-3.3000000000000043,-1.9000000000000021,-10.600000000000001,13.900000000000006,13.399999999999999,39.1,17.499999999999996,18.0,-0.061536390059714105,-3.768252430185287,-0.21500562894142972,3.6044593682605717,-6.418608416987817,-1.0714907829658067,-4.342731782077017,4.748104635118217,2.0237647066533064,-0.5548475636392876,-0.02685593589190795,0.48930864230182597,-0.44683249730386965,-0.06640692184109322,-0.5524107842264477,0.4407252391492221,0.22502870097384503
Uttar Pradesh,Bulandshahr,134,142,9,-0.6503337013608969,-0.528300482101491,-0.3906898666381961,3499171,587529,0.1729235855076344,-0.4542184546300471,0.5977365322285072,UTTAR PRADESH,BULANDSHAHR,BULANDSHAHR,97.16944444444444,16.47222222222222,23.936784635236915,16.912514577369237,BULANDSHAHR,43.2,16.0,33.8,65.8,68.8,47.7,31.8,57.3,37.6,13.8,26.5,64.1,83.5,81.5,48.4,67.3,-5.600000000000001,-2.1999999999999993,-7.299999999999997,-1.7000000000000028,14.700000000000003,33.8,16.599999999999998,10.0,0.2418938912936586,1.4566016249692177,-1.26614924582081,1.7766206841549925,7.380944150017134,-5.870356053302595,2.8297090867917287,9.075399607656294,2.5658864716346628,0.21447391802450408,-0.15815224532849,0.24117787607874527,0.5138256601358897,-0.36382233222018706,0.3599489662747957,0.8423903788631423,0.28530890852086865
Uttar Pradesh,Chandauli,135,196,9,-0.34458276615474454,-0.3380643216886281,0.20187530651401564,1952756,296804,0.2374748405105006,0.14194012822187704,0.3885906433096718,UTTAR PRADESH,CHANDAULI,CHANDAULI,100.0,32.47222222222222,34.085866742980976,32.99010983082431,CHANDAULI,43.3,17.8,34.8,66.4,77.4,27.9,21.8,58.5,39.5,17.4,29.9,64.6,86.2,66.7,42.3,70.6,-3.799999999999997,-0.40000000000000213,-4.899999999999999,-1.8000000000000114,8.799999999999997,38.800000000000004,20.499999999999996,12.099999999999994,0.21953650591451937,-0.1426760862162233,-1.9051735955626992,0.30463762994058285,10.392933540723977,-3.1684520797285973,-2.04103328990713,12.879868515325203,4.594529616540099,-0.021008008431847035,-0.23797153682579025,0.04135483573843319,0.7235058047822418,-0.19636860434150907,-0.2596266260244688,1.1955261241806867,0.5108800582384083
Uttar Pradesh,Chitrakoot,136,171,9,-0.9588703146414268,-0.2531364209929943,0.7411936867677335,991730,168232,0.3208585013948447,0.8675777185083431,-0.486141967513491,UTTAR PRADESH,CHITRAKOOT,CHITRAKOOT,100.0,35.666666666666664,42.858859651931816,36.122291664070104,CHITRAKOOT,50.9,33.3,52.5,72.5,74.1,15.8,11.6,67.7,47.5,24.8,41.8,55.3,81.1,56.7,31.2,63.7,-3.3999999999999986,-8.499999999999996,-10.700000000000003,-17.200000000000003,7.0,40.900000000000006,19.6,-4.0,0.2508333814005468,-1.6668391080154787,7.0566916903244765,5.846946479862305,26.97956178144608,-22.094338929130956,-6.37745570085611,8.554401384162986,0.7668772625951945,-0.24542984717602817,0.8814376655038173,0.793728310232971,1.878186700883839,-1.3693230606578581,-0.8112348360124615,0.7940306470773049,0.08527147135279001
Uttar Pradesh,Deoria,137,190,9,-0.33796876651480773,-0.6210739347808168,-0.15490305372875723,3100946,468346,0.2610158135157784,0.3516416694015735,0.46877994262889117,UTTAR PRADESH,DEORIA,DEORIA,99.985,31.61111111111111,35.45886478488381,32.119164276406536,DEORIA,41.2,14.1,31.6,68.3,82.0,24.8,32.9,63.8,36.8,26.5,39.4,54.9,93.4,69.1,67.2,64.2,-4.400000000000006,12.4,7.799999999999997,-13.399999999999999,11.400000000000006,44.3,34.300000000000004,0.4000000000000057,0.1487615017712772,0.021359845356336393,-13.969150243132935,-12.155482695518304,23.102741572081385,-14.310402627665917,-0.043512175261335884,18.80030211028661,19.07486602308333,0.0031450807437261585,-1.7448594496854106,-1.6501178475310885,1.6083012143095574,-0.8869043055877711,-0.005534902007698327,1.7450684600229738,2.120993763905929
Uttar Pradesh,Etah,138,201,9,-0.4647961600050544,-0.7462798528040071,-0.12323497269852328,1774480,290683,0.2529450613653983,0.2801921884413185,0.18129822202676654,UTTAR PRADESH,ETAH,ETAH,99.99333333333334,33.583333333333336,29.31998421170077,34.04554233046317,ETAH,51.0,9.6,32.2,40.2,61.7,23.2,24.4,48.0,48.8,15.0,30.6,77.4,76.7,62.7,39.6,55.5,-2.200000000000003,5.4,-1.6000000000000014,37.2,15.0,39.5,15.200000000000003,7.5,-0.30139713776379334,-2.264796439563786,-6.838940598904311,-2.6230766667262424,-27.787731416717136,-7.9412044042196275,3.3927194430613454,13.272338491958337,-0.9378902531695168,-0.3334746835336377,-0.8542387992212699,-0.3560850466928142,-1.9344475650639275,-0.4921656336935444,0.4315658673503121,1.2319556971583305,-0.1042869384137958
Uttar Pradesh,Etawah,139,161,9,0.3654498787546615,-0.35849443141060766,0.15745974430282386,1581810,277527,0.18798060641798,-0.3122771905155752,0.5169629583209945,UTTAR PRADESH,ETAWAH,ETAWAH,99.99444444444444,29.88888888888889,22.612351178039457,30.403721445161953,ETAWAH,53.2,11.4,32.6,40.0,75.2,28.7,26.9,53.8,38.8,13.9,24.3,74.0,85.2,78.1,48.6,77.7,-14.400000000000006,2.5,-8.3,34.0,10.0,49.39999999999999,21.700000000000003,23.900000000000006,0.5450824902388034,11.973019734711157,-4.656952339133908,5.158030973144982,-24.84615026826887,10.417000220727136,2.4418259215708673,28.259018721020972,5.662393242004864,1.7629394400424878,-0.581690879849108,0.7002074027091331,-1.7296689019654932,0.6456060383102272,0.3106088609585488,2.623038820970344,0.6296191407342879
Uttar Pradesh,Farrukhabad,141,159,9,-0.4267622166025196,-0.7126444746742913,-0.04594449829264564,1885204,314144,0.2753994983920111,0.47785247509544254,-0.03267996878431471,UTTAR PRADESH,FARRUKHABAD,FARRUKHABAD,100.0,29.86111111111111,22.24834056293365,30.32462357987294,FARRUKHABAD,49.1,8.4,31.4,38.7,52.0,30.3,24.6,38.6,47.8,14.3,31.1,77.1,69.3,72.6,45.5,68.5,-1.3000000000000043,5.9,-0.29999999999999716,38.39999999999999,17.299999999999997,42.3,20.9,29.9,-0.030808061555569866,-3.1141848943301813,-6.854566311519399,-3.496556637976036,-28.000641053088778,14.190870830664702,5.640602752299845,15.538269561930012,4.0732194933215276,-0.4585409107681281,-0.8561905766622712,-0.4746607483843354,-1.9492693049706977,0.8794961796130296,0.717504544666479,1.442282362102195,0.45291396195916994
Uttar Pradesh,Fatehpur,142,172,9,-0.5602929018618099,-0.34955493159517587,0.6650048516362367,2632733,472238,0.2492078431471615,0.24695096306936015,-0.007706729453031559,UTTAR PRADESH,FATEHPUR,FATEHPUR,99.9872222222222,35.0,40.44803352587493,35.443998989659605,FATEHPUR,52.4,14.9,40.4,44.0,69.0,26.6,17.6,48.4,51.1,17.8,38.0,78.1,81.4,63.1,38.9,55.7,-1.2999999999999972,2.9000000000000004,-2.3999999999999986,34.099999999999994,12.400000000000006,36.5,21.299999999999997,7.300000000000004,-0.3030557101992516,-2.936729168129652,-5.055351065919501,-2.2942820464787035,-25.639239208350084,-9.021903732681864,1.3985434197417792,7.982549382268484,3.3819007500027425,-0.4324118551487404,-0.6314540917177901,-0.31145087751722833,-1.7848799210304127,-0.5591432661471535,0.17789965073661387,0.7409506015305326,0.37604407770016585
Uttar Pradesh,Firozabad,143,147,9,-0.22761711433111187,-0.602611833328427,-0.39303668627641747,2498156,414266,0.170863902456291,-0.47377645120451956,0.6516226676898194,UTTAR PRADESH,FIROZABAD,FIROZABAD,99.79444444444444,31.444444444444443,33.23015163245735,31.964420828881252,FIROZABAD,44.0,11.7,27.9,47.2,67.0,33.6,36.3,58.8,46.9,9.5,25.6,73.9,80.1,69.0,53.5,67.1,2.8999999999999986,-2.1999999999999993,-2.299999999999997,26.700000000000003,13.099999999999994,35.4,17.200000000000003,8.299999999999997,-0.15064213440953025,-6.414478285639662,-0.6759204358809514,-2.2262537545779564,-19.71341309367149,-6.319216301302154,2.905385246297108,12.904928196743274,2.900879581088539,-0.9444849342614979,-0.08442791001994782,-0.30221597492929037,-1.3723525460308126,-0.39164098253463553,0.3695752404076224,1.1978521963578446,0.3225578357344752
Uttar Pradesh,Gautam Buddha Nagar,144,141,9,0.4231677191169685,-0.861880940084618,-1.0485779511528048,1648115,327090,0.1395574782075259,-0.7753622887302023,3.0880278750177044,UTTAR PRADESH,GAUTAM BUDDHA NAGAR,GAUTAM BUDDHA NAGAR,94.25694444444444,18.25,17.541802116758674,18.818949363509084,GAUTAM BUDDHA NAGAR,32.2,16.2,28.4,68.3,70.9,54.5,76.3,65.5,25.5,12.0,21.9,62.9,86.6,74.0,75.0,68.2,-6.700000000000003,-4.199999999999999,-6.5,-5.399999999999999,15.699999999999989,19.5,-1.2999999999999972,2.700000000000003,0.1586768524722468,2.7939124876812382,0.14018904413615552,0.27589758072221215,11.49463735926175,-5.329081882644349,7.407223473553831,3.8457697724375137,-8.688052043995286,0.4113831452462148,0.017510741465722558,0.037453347879654805,0.8002011001711234,-0.3302762186026593,0.9422249250699537,0.356969345227619,-0.9660515666796544
Uttar Pradesh,Ghaziabad,145,140,9,0.3860850661053552,-0.712375866440513,-1.0053815733460003,4681645,850676,0.1201689513611165,-0.9663219760339734,2.1898844978470646,UTTAR PRADESH,GHAZIABAD,GHAZIABAD,88.88888888888889,9.583333333333334,43.278365251463974,9.988296681509048,GHAZIABAD,34.7,13.9,29.6,62.6,68.3,64.8,78.5,61.1,28.2,17.1,23.4,61.8,86.4,84.5,92.4,68.5,-6.5000000000000036,3.200000000000001,-6.200000000000003,-0.8000000000000043,18.10000000000001,19.700000000000003,13.900000000000006,7.399999999999999,0.26931670182605216,3.443499892322271,-7.077001119860174,1.0645173814177555,6.83437530969082,-2.895840861402343,9.941768240837638,3.6634675948382878,4.370684340991303,0.5070301316181237,-0.8839744769366031,0.14450920412499485,0.4757761790014573,-0.1794731982809098,1.2646279498965642,0.3400478203257478,0.4859900048590423
Uttar Pradesh,Ghazipur,146,195,9,-0.3132584174880949,-0.5228458753620201,0.5322841223630104,3620268,546664,0.2800604138063409,0.518444874274319,0.4225669943379878,UTTAR PRADESH,GHAZIPUR,GHAZIPUR,100.0,28.77777777777778,38.75536635311364,29.26760801263908,GHAZIPUR,41.4,17.7,31.7,68.6,75.3,19.1,17.0,40.2,39.3,25.7,38.3,71.6,88.3,64.1,39.3,60.8,-2.1000000000000014,8.0,6.599999999999998,3.0,13.0,44.99999999999999,22.299999999999997,20.599999999999994,0.04691552837810975,-2.3911172152610547,-9.4889752992258,-11.097861866203303,7.021757390579928,6.119478636384919,2.4329296141713073,17.690377792630805,5.39232299423481,-0.3520744923126924,-1.1852494912369325,-1.5065448566356496,0.4888208138684288,0.3792620020396586,0.3094772193113273,1.642043843269933,0.5995891887208048
Uttar Pradesh,Gonda,147,183,9,-1.287184502558625,-0.7608366563308174,0.42239244324239167,3433919,541247,0.2757101375485071,0.4805624743248479,0.025257941070500955,UTTAR PRADESH,GONDA,GONDA,99.99333333333334,33.97222222222222,38.15999028635056,34.465696731357724,GONDA,56.9,9.8,38.6,72.6,55.8,11.1,19.1,36.8,45.9,12.1,28.0,62.0,81.8,44.6,56.2,59.9,-11.0,2.299999999999999,-10.600000000000001,-10.599999999999994,26.0,33.5,37.1,23.1,0.7773936080660743,4.942552653601271,-4.454825614097317,4.417070457946248,17.987340506337492,5.714748300779235,11.945464539633708,1.330778010185746,19.77475580216092,0.7277546684617191,-0.5564436228523958,0.5996213378796338,1.2521917144890518,0.35417835578663825,1.5195051790954128,0.12352454334213217,2.198816688326402
Uttar Pradesh,Gorakhpur,148,188,9,-0.3183051493931556,-0.4951262749998426,0.06009363988838481,4440895,692960,0.2456378381588832,0.21510403683194415,0.8868900493172598,UTTAR PRADESH,GORAKHPUR,GORAKHPUR,99.82583333333334,28.083333333333332,40.69405157091401,28.56587235546136,GORAKHPUR,42.1,19.9,35.2,59.9,76.7,34.3,39.7,65.4,29.6,23.3,33.7,67.4,91.6,69.6,66.8,67.7,-12.5,3.400000000000002,-1.5,7.500000000000007,14.899999999999991,35.3,27.099999999999994,2.299999999999997,0.2702324397035389,8.075584332026217,-5.726423231108674,-3.6136018394903138,1.1449924014307182,-11.654434657743115,3.9366274799256313,9.95654306627349,12.557176593466947,1.1890706301138192,-0.715276413653714,-0.4905497410985279,0.07970883731918635,-0.722297516434701,0.5007528860907523,0.9241792591358212,1.3962715761556748
Uttar Pradesh,Hamirpur,149,168,9,-0.5738322758782397,-0.4774343327286008,0.6840455360737066,1104285,204863,0.2309125349144392,0.08277221566048894,-0.3729786614532389,UTTAR PRADESH,HAMIRPUR,HAMIRPUR,99.99777777777778,37.416666666666664,40.46071466207994,37.91692545982791,HAMIRPUR,38.5,32.3,39.8,55.5,83.0,45.1,19.7,52.5,48.0,20.6,36.3,68.5,96.3,77.7,29.0,77.1,9.5,-11.699999999999996,-3.5,13.0,13.299999999999997,32.6,9.3,24.599999999999994,-0.13543085106014938,-13.49509993737955,9.748919396985663,-0.6891814368922766,-4.713157548181455,7.6141579334906275,2.686591120759388,4.117403276656315,-9.787203766264486,-1.9870545989286523,1.217718604065697,-0.09355700778730579,-0.32810725014267533,0.4718965378082845,0.3417438567216087,0.3821827198913372,-1.088269670109489
Uttar Pradesh,Hardoi,150,155,9,-0.8544413040111123,-0.06516561146923958,0.17826012238115713,4092845,730442,0.3089734431553684,0.7669961590914853,-0.25026151323908735,UTTAR PRADESH,HARDOI,HARDOI,99.99916666666668,33.916666666666664,21.559785069422347,34.433792987164786,HARDOI,50.5,14.7,39.9,44.6,65.4,28.3,23.2,39.1,44.5,22.3,33.0,76.1,73.9,55.7,29.0,63.3,-6.0,7.600000000000001,-6.899999999999999,31.499999999999993,8.5,27.400000000000002,5.800000000000001,24.199999999999996,-0.4996493098959657,1.332725838166545,-9.430643552952576,2.0681171956842874,-21.873132876141284,6.229510236572661,-5.473371726691699,-2.7890217381549967,-10.832332196630677,0.19623411594787327,-1.1779633860028995,0.2807487930234821,-1.5227017995112777,0.38608134196295035,-0.6962321689732681,-0.258880620163531,-1.2044807554510553
Uttar Pradesh,Hathras,163,144,9,-0.42144352185954936,-0.3483408131795844,0.13399810574673882,1564708,260860,0.120748829815781,-0.9605628955215552,0.4136732709812507,UTTAR PRADESH,HATHRAS,HATHRAS,99.99361111111112,23.27777777777778,15.187015928294269,23.836308472256363,HATHRAS,44.2,9.7,31.7,48.9,72.1,30.5,30.2,61.2,39.1,12.0,24.5,72.1,80.3,73.3,46.5,71.6,-5.100000000000001,2.3000000000000007,-7.199999999999999,23.199999999999996,8.200000000000003,42.8,16.3,10.399999999999991,-0.02868813857208552,1.9953986867568894,-6.458404134647697,2.058664485131292,-18.830648156320315,-5.572747787134809,-1.3450720549803243,19.06207523706955,0.5570124308252264,0.29380783807566074,-0.8067067279033003,0.2794655789560725,-1.3108987174337987,-0.3453777042449801,-0.17109790473345501,1.7693665816462725,0.06193594706084439
Uttar Pradesh,Jalaun,151,165,9,-0.10277129626304626,-0.21629830237097697,0.6109958529324427,1689974,288338,0.2162877848613607,-0.05023224058901874,-0.1726369473592478,UTTAR PRADESH,JALAUN,JALAUN,99.97805555555556,37.166666666666664,36.03317331100211,37.56865951398646,JALAUN,45.6,32.2,49.2,84.8,83.8,48.1,33.3,54.7,45.1,19.5,36.1,55.2,85.1,80.2,36.5,66.2,-0.5,-12.700000000000003,-13.100000000000001,-29.599999999999994,1.2999999999999972,32.1,3.200000000000003,11.5,0.3286524861351815,-2.4419044304235777,10.63902415405158,9.649947702909223,38.541818007270614,-4.431068742161003,-7.753676331675331,6.589253395714422,-15.144094660470913,-0.35955253767165596,1.3288998620194434,1.309989190160512,2.683095099747798,-0.2746207809821051,-0.9862949493441349,0.6116230584225022,-1.6839190532709074
Uttar Pradesh,Jaunpur,152,194,9,-0.30665637860552214,-0.46601883910227065,0.11338751453375592,4494204,663513,0.2487183903752655,0.2425900916764733,0.5056892889710869,UTTAR PRADESH,JAUNPUR,JAUNPUR,99.98111111111112,34.861111111111114,45.83717061252298,35.3600497193489,JAUNPUR,48.0,27.3,52.7,58.0,73.3,24.1,21.5,53.1,40.5,14.8,30.3,65.3,88.8,62.6,55.2,75.1,-7.5,-12.5,-22.400000000000002,7.299999999999997,15.5,38.5,33.7,21.999999999999993,1.0744589070047947,3.34593751939758,10.502815011475546,17.852401188161465,1.813204456051773,7.275851046171818,4.622849092563284,12.817556516335951,18.100936195797694,0.4926647869595467,1.311886242334583,2.4234797218486226,0.12622653113964774,0.45092956414725144,0.5880426931091819,1.1897422435026401,2.0126994729968852
Uttar Pradesh,Jhansi,153,166,9,0.021583593108281698,-0.19020963010371233,0.11086873236180551,1998603,367779,0.1375689020638421,-0.7947978591314284,0.2053695809379806,UTTAR PRADESH,JHANSI,JHANSI,99.96583333333334,42.97222222222222,38.358743935145746,43.55279799962361,JHANSI,36.1,27.2,39.5,77.8,84.5,45.9,40.8,62.7,40.9,25.2,39.3,70.3,92.9,73.2,51.9,44.5,4.799999999999997,-2.0,-0.20000000000000284,-7.5,8.400000000000006,27.300000000000004,11.100000000000001,-18.200000000000003,-0.3575419877255738,-6.999640460554421,-1.349771344243031,-3.545655957639987,13.987061996123328,-33.69991070627603,0.069196721712796,5.390510657270934,-5.162572021259965,-1.0306457775437925,-0.16859731937343866,-0.4813260257499962,0.9737116576749874,-2.0885922416701828,0.008802066815414199,0.500354200493101,-0.5740424624506826
Uttar Pradesh,Kannauj,155,160,9,-0.1385026242401748,-0.6186213263482877,-0.09442170139574828,1656616,280928,0.2654744513905293,0.3909176568648938,0.16214040046729353,UTTAR PRADESH,KANNAUJ,KANNAUJ,100.0,27.083333333333332,22.51017345803331,27.54460693262989,KANNAUJ,50.4,12.2,32.9,41.5,62.4,22.0,19.2,48.7,43.0,21.5,33.5,79.6,76.4,70.1,35.5,55.8,-7.399999999999999,9.3,0.6000000000000014,38.099999999999994,14.000000000000007,48.099999999999994,16.3,7.099999999999994,-0.1387204042521093,3.5233619492214707,-10.297953878344916,-4.021026517425543,-27.33470714162771,-7.71475016615298,3.359511285623581,23.21785026665804,0.019707654052893986,0.5187892344167556,-1.2862974357289727,-0.5458580122240672,-1.9029102044669277,-0.47813086164795404,0.4273416727158148,2.155111017482647,0.0021913554358295663
Uttar Pradesh,Kanpur Dehat,156,163,9,0.18111475174700797,-0.3083243144367622,0.6082034564354846,1796184,329817,0.2117714362694804,-0.09162942187322926,0.053621272962888676,UTTAR PRADESH,KANPUR DEHAT,KANPUR DEHAT,100.0,29.02777777777778,26.29147435943854,29.456062399599645,KANPUR DEHAT,45.9,15.4,36.1,65.8,72.5,28.7,17.7,62.1,44.1,12.5,32.8,69.2,84.3,70.6,39.3,56.3,-1.7999999999999972,-2.9000000000000004,-3.3000000000000043,3.4000000000000057,11.799999999999997,41.89999999999999,21.599999999999998,-5.800000000000004,0.22140813910489868,-0.8631894578683488,1.0903024698801254,0.2494988679980623,6.162515520494647,-20.444298785517,3.9427641295078493,18.059397344926673,3.494202585737373,-0.12709832383331635,0.1361875657770156,0.033869698582533386,0.429004547529123,-1.267059850751054,0.5015334895399974,1.676296717402789,0.3885312685921015
Uttar Pradesh,Kanpur Nagar,157,164,9,0.9397244642038951,-0.654336694941849,-0.5594226428034201,4581268,863338,0.189018054254137,-0.302563607640281,1.3491086352239734,UTTAR PRADESH,KANPUR NAGAR,KANPUR NAGAR,100.0,27.194444444444443,23.346220929966066,27.692449403743176,KANPUR NAGAR,43.6,24.1,41.8,73.6,76.4,65.2,70.8,50.9,34.6,21.4,27.8,76.3,86.6,77.5,76.9,72.8,-9.0,-2.700000000000003,-13.999999999999996,2.700000000000003,10.199999999999989,12.299999999999997,6.1000000000000085,21.9,0.4200472733182731,6.831594067802754,1.1631768475322035,11.482603129886206,8.105492678530235,11.669128168489362,3.829022131538675,-3.852457753097596,-6.893739379796072,1.005902177340754,0.145290162876555,1.558773833615634,0.564265226998466,0.7232081643238003,0.4870651066302007,-0.3575901322789487,-0.7665363529602768
Uttar Pradesh,Kasganj,633,202,9,-1.1870789102651165,-0.6632207514287575,-0.2148353158962402,1436719,237903,0.2914557138231943,0.6170686089433054,-0.10604089887054044,UTTAR PRADESH,KASGANJ,KASHGANJ,100.0,29.583333333333332,26.33232009402223,30.220881802095143,KASGANJ,51.5,11.6,32.8,40.9,59.6,20.8,18.7,47.2,45.1,19.3,35.5,80.8,74.8,69.8,36.6,69.2,-6.399999999999999,7.700000000000001,2.700000000000003,39.9,15.199999999999996,49.0,17.900000000000002,22.0,-0.270500626380178,0.6975056271873772,-9.421596942470897,-8.182561881893431,-31.34215556050472,4.1892098983873645,0.16567092079914758,18.402851986432523,1.9238922606173894,0.1027025935867518,-1.176833391442612,-1.110790228414224,-2.1818893956704306,0.25963129008737496,0.021073924864501693,1.7081766233119828,0.21392357263523085
Uttar Pradesh,Kaushambi,158,174,9,-1.2054607375541242,0.09437530511569851,1.6716153623835563,1599596,277851,0.2696262617988321,0.42736658608023714,0.14191038506954717,UTTAR PRADESH,KAUSHAMBI,KAUSHAMBI,99.66694444444444,31.0,42.765238172740204,31.467007414786956,KAUSHAMBI,50.1,29.9,52.8,67.4,72.5,18.7,18.6,37.1,40.2,18.3,36.8,65.5,88.6,59.6,37.0,65.7,-9.899999999999999,-11.599999999999998,-16.0,-1.9000000000000057,16.099999999999994,40.900000000000006,18.4,28.6,0.6386913267546177,4.540676130815182,7.9497394776467045,8.92870690232128,7.9233516954699645,10.897236266229392,3.615868158303874,6.531957357204618,-0.5155709160360189,0.6685812946809382,0.9929865316559191,1.212080094550794,0.551585452032478,0.6753692411729454,0.45995117019010495,0.606304765710971,-0.057327935957208975
Uttar Pradesh,Kheri,159,153,9,-1.0624873287056902,-0.2172261789630725,0.4089963806705752,4021243,745077,0.3299306104774263,0.9437464760048453,-0.2692418506929636,UTTAR PRADESH,KHERI,KHERI,99.99833333333332,30.194444444444443,26.876791858758377,30.64858866461444,KHERI,53.9,17.5,40.8,49.8,52.9,22.5,16.4,53.1,47.6,15.8,36.3,66.3,82.8,65.6,35.9,69.5,-6.299999999999997,-1.6999999999999993,-4.5,16.5,29.9,43.099999999999994,19.5,16.4,0.3344743499935429,0.9415795401292417,0.06497309878438529,-0.7874809585139646,-6.868332194151797,-1.6778895359484132,15.418246898556408,10.933457353303957,2.1759977159446677,0.13864068915033437,0.008115663688634842,-0.10690125738189575,-0.47814009318637635,-0.10398920928027264,1.9612553314436978,1.0148577120905706,0.2419559634236506
Uttar Pradesh,Kushinagar,160,189,9,-0.8865498442103651,-0.671705610834844,0.8934861710063365,3564544,561062,0.2763861258254347,0.4864574798034181,0.09460698281318099,UTTAR PRADESH,KUSHINAGAR,KUSHI NAGAR,99.99805555555557,29.166666666666668,34.133990561811714,29.70221546844746,KUSHI NAGAR,45.0,14.6,35.1,58.8,70.7,22.1,23.9,43.7,32.2,24.3,36.6,52.8,89.4,73.1,55.2,65.4,-12.799999999999997,9.700000000000001,1.5,-6.0,18.700000000000003,50.99999999999999,31.300000000000004,21.700000000000003,0.5201485424180659,7.368329919176404,-11.57854381694188,-7.023205012999569,14.334244176648548,5.531629485192482,6.814737995052802,19.838257705439695,12.832934664468937,1.0849325992591403,-1.4462534399699178,-0.9534064774814149,0.9978808031758885,0.34282934834054146,0.8668586845914781,1.8414128464791344,1.4269339749496772
Uttar Pradesh,Lalitpur,161,167,9,-1.064561511442543,-0.3142758374651604,-0.31040640167241895,1221592,222094,0.1799085535561043,-0.3881465469963163,-0.45841861732858324,UTTAR PRADESH,LALITPUR,LALITPUR,99.99833333333332,36.80555555555556,39.15449481456447,37.2878351650898,LALITPUR,40.7,39.0,48.8,75.8,84.5,19.9,18.2,61.1,46.6,18.7,34.8,56.0,90.8,64.2,20.3,70.8,5.899999999999999,-20.3,-14.0,-19.799999999999997,6.299999999999997,44.300000000000004,2.1000000000000014,9.699999999999996,0.2581403955126633,-9.902839069483324,16.96052486774002,8.90088807324615,25.21781172635722,-9.642076213077669,-7.229908065703199,16.539092733427537,-14.182888197242796,-1.4581205034994433,2.118506249272284,1.2083036631655382,1.755542176463698,-0.5975791968041094,-0.9196697804233386,1.535180068766435,-1.5770395128397572
Uttar Pradesh,Lucknow,162,157,9,0.6502442658034665,-0.5246392446263363,-0.8481396308369232,4589838,860703,0.1894507472956547,-0.29851482421137226,2.3884511347322386,UTTAR PRADESH,LUCKNOW,LUCKNOW,100.0,29.833333333333332,28.77216502192098,30.324646190765105,LUCKNOW,37.5,33.6,44.5,72.0,88.1,66.9,76.1,58.8,32.1,11.5,25.5,52.9,91.3,80.4,78.3,68.9,-5.399999999999999,-22.1,-19.0,-19.1,3.200000000000003,13.5,2.200000000000003,10.100000000000009,0.6236181906426452,2.216159665353566,19.17911568153067,14.288031495624285,27.973510153293233,0.9783224336068521,-4.9394210059065315,-2.886386832911686,-7.054308343458157,0.3263132748504916,2.395626122639733,1.9396132895412457,1.9473805828486783,0.06063270204162981,-0.6283117559225364,-0.2679181747182571,-0.7843905161398234
Uttar Pradesh,Mahoba,165,169,9,-0.7878518378240973,-0.3258144035248025,0.48034673758465624,875958,158435,0.2543464668801961,0.2926316368796902,-0.251035038261937,UTTAR PRADESH,MAHOBA,MAHOBA,100.0,34.333333333333336,39.09254202167752,34.81179383630869,MAHOBA,44.6,23.9,47.7,77.6,89.6,35.5,16.7,64.5,42.3,25.0,33.4,70.1,96.3,69.0,28.2,70.7,-2.3000000000000043,1.1000000000000014,-14.300000000000004,-7.5,6.700000000000003,33.5,11.5,6.200000000000003,-0.010773903177757949,-2.1420908309401367,-3.282010449288563,9.480107363391609,15.701863029101103,-11.288753434796508,-5.533315926202128,4.000791784169262,-6.373802361696757,-0.31540718162099113,-0.4099495564680149,1.286933209374814,1.0930878180771042,-0.6996339856073475,-0.7038572823634268,0.37135868970173613,-0.7087229365159377
Uttar Pradesh,Mahrajganj,164,187,9,-1.122090493013529,-0.6069596197448979,0.9813453562673292,2684703,426565,0.2912124796929307,0.6149725765423493,-0.1750782572428304,UTTAR PRADESH,MAHRAJGANJ,MAHARAJGANJ,99.9925,29.52777777777778,40.26173829976406,30.024250372083355,MAHRAJGANJ,53.3,12.5,37.1,58.8,61.6,19.4,18.1,41.7,40.5,21.8,37.4,60.5,93.3,66.7,65.1,76.2,-12.799999999999997,9.3,0.29999999999999716,1.7000000000000028,31.699999999999996,47.300000000000004,46.99999999999999,34.5,0.8969101665495907,7.080629908446188,-11.16659316388759,-6.0331224082302,6.511079520503543,17.20091332963938,18.837035062170493,14.307229941964302,27.906762582610774,1.0425708804066673,-1.3947974832885726,-0.8190018620840877,0.4532698886242404,1.0660471608678626,2.39613723190104,1.3280156656821724,3.103039850287403
Uttar Pradesh,Mainpuri,166,148,9,0.09113941742940837,-0.5732841407652535,-0.16092940827712318,1868529,313690,0.2330731748841279,0.1022880185260154,0.2396514129093501,UTTAR PRADESH,MAINPURI,MAINPURI,100.0,32.166666666666664,26.111944612313415,32.64120848559282,MAINPURI,46.5,11.5,32.5,41.7,59.6,27.3,24.4,55.7,44.3,14.6,33.6,70.4,82.7,63.1,39.8,75.0,-2.200000000000003,3.0999999999999996,1.1000000000000014,28.700000000000003,23.1,35.8,15.399999999999999,19.299999999999997,0.07859402029700968,-1.0238347815409665,-4.3702224693641405,-4.151869914726223,-18.32136141652189,4.959392555588757,13.596224179312832,12.911746602201124,-0.6375564917677146,-0.1507521708356558,-0.5458760082164695,-0.5636201225841154,-1.2754446359563263,0.30736428073296085,1.72948762168789,1.198485089608301,-0.0708918920605074
Uttar Pradesh,Mathura,167,145,9,-0.5880255172427248,-0.5636588078196446,-0.4146337772881294,2547184,423125,0.1026893109747972,-1.1413355623133448,0.7617735326512379,UTTAR PRADESH,MATHURA,MATHURA,99.98194444444444,30.38888888888889,33.82734174957972,30.8717769081444,MATHURA,40.8,12.9,27.7,56.5,70.6,43.0,32.7,51.5,31.6,11.0,21.3,77.2,79.5,71.2,47.3,73.6,-9.199999999999996,-1.9000000000000004,-6.399999999999999,20.700000000000003,8.900000000000006,28.200000000000003,14.599999999999994,22.099999999999994,0.01860223771895539,5.634794012628534,-2.6617748197281887,0.5960240805683377,-17.427738894192046,6.42304200771941,-1.7016593246543383,5.439841414144869,0.8758208377995604,0.8296821371286046,-0.33247712754901126,0.08091081181553891,-1.2132349547670485,0.3980757047746747,-0.21645706186555358,0.50493314541775,0.0973852467966883
Uttar Pradesh,Mau,168,192,9,-0.08184601195293843,-0.44782286369274016,-0.2835469259867552,2205968,324424,0.3158144193755315,0.8250013613051417,0.6800627905247842,UTTAR PRADESH,MAU,MAU,100.0,30.52777777777778,46.12558706496061,31.01287607610885,MAU,40.9,19.7,35.1,61.3,77.7,26.6,20.7,46.4,25.4,21.2,30.3,62.7,94.7,75.1,54.2,59.1,-15.5,1.5,-4.800000000000001,1.4000000000000057,17.0,48.49999999999999,33.5,12.700000000000003,0.8957222236987843,11.186122621371593,-2.374330829384694,0.890549981764102,10.547916324266392,-1.0439581430004097,5.383813766856676,23.684484920474947,19.25950307953123,1.6470746050134353,-0.296573056501262,0.12089297116676703,0.734294957151481,-0.06470055357425632,0.6848400809262085,2.1984246521228097,2.1415241332850914
Uttar Pradesh,Meerut,169,138,9,-0.020294041995074532,-0.640414227544554,-0.5896375715639676,3443689,579110,0.1914365005179717,-0.2799526588243045,1.0894956985404531,UTTAR PRADESH,MEERUT,MEERUT,100.0,36.666666666666664,36.044194563543634,37.21934270700928,MEERUT,35.3,18.8,35.2,71.9,65.2,67.1,64.1,62.8,32.1,10.2,23.7,55.2,80.6,82.7,68.5,82.5,-3.1999999999999957,-8.600000000000001,-11.500000000000004,-16.700000000000003,15.399999999999991,15.600000000000009,4.400000000000006,19.700000000000003,0.37389950733386124,-0.42838182023193516,6.02766082041231,6.999569485708223,24.74639582354104,6.557683052008894,5.365746922834115,-5.569537647690222,-8.485634474397255,-0.06307608464843886,0.752903416381048,0.950197933123597,1.7227244796298158,0.4064202444075651,0.6825419147083016,-0.5169717182670626,-0.9435441266639357
Uttar Pradesh,Mirzapur,170,199,9,-0.6137837774186103,-0.23717071185827052,0.49565916077266853,2496970,394925,0.2944255910891166,0.6426292767770787,0.18847579109882379,UTTAR PRADESH,MIRZAPUR,MIRZAPUR,100.0,32.44444444444444,43.79395994597143,33.00764906415612,MIRZAPUR,49.1,20.8,46.5,63.0,72.7,23.3,17.7,46.5,43.4,12.5,27.6,59.8,91.1,72.3,42.5,68.3,-5.700000000000003,-8.3,-18.9,-3.200000000000003,18.39999999999999,49.0,24.8,21.799999999999997,0.9504290998978118,1.029109042186871,6.409965552215662,13.926363827894798,12.70990678757955,5.6933226813015665,6.18523654675402,19.842173044663916,8.044726374324668,0.1515287670758484,0.8006563585669514,1.8905165742281298,0.884802284458219,0.352850477413189,0.7867838823295483,1.8417762733512344,0.8945181817593746
Uttar Pradesh,Moradabad,171,135,9,-1.2275919921320886,-0.7686554757893547,-0.05878418310921583,4772006,796170,0.2606564606781714,0.34847009774334586,0.5174554159911166,UTTAR PRADESH,MORADABAD,MORADABAD,99.98138888888889,28.166666666666668,28.61480158011357,28.6289965619919,MORADABAD,45.1,16.4,43.2,74.8,61.4,51.6,44.5,49.9,34.7,19.1,27.0,67.6,80.3,79.0,58.3,84.5,-10.399999999999999,2.700000000000003,-16.200000000000003,-7.200000000000003,18.9,27.4,13.799999999999997,34.6,0.4439189251044098,4.315048218421035,-5.30538572098529,9.594829301000768,14.04590772417331,18.093907324738293,4.447974253905169,-2.812148026151327,-1.1493492902901128,0.6353592375602172,-0.6626854352889456,1.3025068168977811,0.9778082128645275,1.121391530954704,0.5657979974631615,-0.2610272322521592,-0.12779972736400821
Uttar Pradesh,Muzaffarnagar,172,133,9,-0.4376174116717941,-0.8482501852647271,0.1419642395307238,4143512,676642,0.101769519719475,-1.1506215777025108,0.3888219280119806,UTTAR PRADESH,MUZAFFARNAGAR,MUZAFFARNAGAR,99.99916666666668,30.583333333333332,29.955958029804883,31.145587413122403,MUZAFFARNAGAR,40.8,18.8,36.9,78.7,65.8,54.5,39.2,63.7,29.8,20.7,29.9,65.4,87.0,80.1,59.8,69.5,-10.999999999999996,1.8999999999999986,-7.0,-13.299999999999997,21.200000000000003,25.599999999999994,20.599999999999994,5.799999999999997,0.44035762160859115,7.566707671776163,-5.658529431965148,2.021205913649128,17.37268729058472,-9.568917460137612,12.411013638347539,2.154338719007594,4.011790444999271,1.1141422699883388,-0.706795930950848,0.2743805437588666,1.2094025281844674,-0.5930450956567016,1.5787246648066449,0.1999685179893705,0.4460834747485907
Uttar Pradesh,Pilibhit,173,151,9,-1.0271601744561636,-0.7167490733432771,0.6157218360257863,2031007,362573,0.3137830090793219,0.8078084049978745,-0.5255821810900779,UTTAR PRADESH,PILIBHIT,PILIBHIT,99.9986111111111,23.47222222222222,21.63575104370268,23.932038154934443,PILIBHIT,51.5,21.8,44.1,77.5,63.6,37.0,27.6,71.0,38.9,20.1,39.4,57.3,76.2,76.8,48.1,92.3,-12.600000000000001,-1.6999999999999993,-4.700000000000003,-20.200000000000003,12.600000000000001,39.8,20.5,21.299999999999997,0.5243604491554346,7.070450545581352,0.7790395964285663,-0.019017416701455403,30.03366041147444,3.5945219639284467,-0.671900030817234,7.489530652960639,1.221225469100446,1.0410720438001515,0.097308324260863,-0.0025816316389128523,2.0907982872607387,0.22277479462210809,-0.08546805134900694,0.6951879627352239,0.13579186355231074
Uttar Pradesh,Pratapgarh,174,173,9,-0.36787667876609426,-0.46681582300688546,0.14968363126677744,3209141,533546,0.2684974533362187,0.4174685373314723,0.19063821480688106,UTTAR PRADESH,PRATAPGARH,PRATAPGARH,100.0,33.888888888888886,44.775975599075,34.39448210225666,PRATAPGARH,41.3,23.8,42.6,61.6,77.1,15.8,23.5,49.5,35.5,10.0,27.7,58.0,90.8,52.0,37.1,75.0,-5.799999999999997,-13.8,-14.900000000000002,-3.6000000000000014,13.700000000000003,36.2,13.600000000000001,25.5,0.7074396126096977,1.5904861840686992,12.259574917210141,10.707532571151289,13.446706061197407,10.07793966390528,2.409577514150831,9.561661398071642,-2.826318652702188,0.2341874384962775,1.5313197131612228,1.4535572993075454,0.9360946889879918,0.6245923550810127,0.30650674990797033,0.8875258298144243,-0.31426717387886305
Uttar Pradesh,Prayagraj,120,175,9,-0.2532066763684806,-0.4664532999160785,-0.19553774739970622,5954391,976733,0.223886196479283,0.019069719486763715,0.9366263190469479,UTTAR PRADESH,PRAYAGRAJ,PRAYAGRAJ,100.0,31.27777777777778,40.85522158319353,31.767923564195357,PRAYAGRAJ,43.8,20.0,43.4,60.7,73.8,32.7,36.8,37.9,37.9,15.1,32.6,50.5,83.2,59.5,45.1,55.8,-5.899999999999999,-4.9,-10.799999999999997,-10.200000000000003,9.400000000000006,26.799999999999997,8.300000000000004,17.9,0.29112325802364414,1.8047448534735997,2.309741383891362,5.802847396618226,18.3937590707661,3.9396959362874835,-1.4761439843580249,2.8201844466827097,-5.500798962635148,0.2657354578793789,0.2885053142007321,0.787741819515688,1.2804846107519947,0.24416736408554296,-0.1877707159801536,0.2617731832437193,-0.6116509695077497
Uttar Pradesh,Rae Bareli,175,158,9,-0.5424885511365823,-0.10260991818065593,0.41058193644320556,3405559,619707,0.2498335194943585,0.2525230565301222,0.11865323607446934,UTTAR PRADESH,RAE BARELI,RAE BARELI,99.99833333333332,29.083333333333332,37.600242016850714,29.63264163118457,RAE BARELI,36.2,31.4,41.3,60.2,81.7,18.4,22.7,61.8,47.0,13.0,28.8,76.4,89.5,55.0,39.4,71.4,10.799999999999997,-18.4,-12.499999999999996,16.200000000000003,7.799999999999997,36.6,16.7,9.600000000000009,0.02564944595294187,-14.807566915386097,15.866921053819485,7.655057098002896,-7.875209513629347,-6.9259486013986304,-3.8254267081470203,8.810169666576549,0.09648397801352004,-2.1803057461370003,1.9819063190174508,1.0391809735323314,-0.5482340260005416,-0.429243941954828,-0.48660775610636525,0.8177713912470459,0.010728354025442036
Uttar Pradesh,Rampur,176,136,9,-1.453712416458557,-0.8640220153371732,0.3960988755923298,2335819,393736,0.2255654639469461,0.03432756311045673,0.32904276989508235,UTTAR PRADESH,RAMPUR,RAMPUR,99.9975,26.27777777777778,19.10040653288594,26.81300286721678,RAMPUR,46.0,20.8,44.4,77.0,61.9,52.6,31.7,68.3,40.4,17.6,32.1,69.6,81.0,79.0,46.2,79.4,-5.600000000000001,-3.1999999999999993,-12.299999999999997,-7.400000000000006,19.1,26.4,14.500000000000004,11.100000000000009,0.12686627116012195,-0.643186666713051,0.007922246725335036,5.171367936734017,12.429735861886298,-6.1347304133987315,5.147476745960915,-5.411030711537869,-2.0773043107684686,-0.09470452460464901,0.0009895524653144635,0.7020179076640908,0.8652981386579984,-0.38020724914788906,0.6547771791385396,-0.5022588985819469,-0.23098193631048272
Uttar Pradesh,Saharanpur,177,132,9,-0.2084642273187777,-0.4686848880971405,0.19948186260953793,3466382,597656,0.1126850535186832,-1.040917237298556,0.4876666695530925,UTTAR PRADESH,SAHARANPUR,SAHARANPUR,97.22138888888888,19.27777777777778,34.3070610931978,19.883631332759567,SAHARANPUR,36.9,18.5,36.1,75.5,62.3,51.0,37.6,62.6,28.8,22.0,26.7,68.1,81.7,83.8,56.6,89.2,-8.099999999999998,3.5,-9.400000000000002,-7.400000000000006,19.400000000000006,32.8,19.0,26.6,0.5895100777544273,5.250115653919309,-7.407348529229131,4.680307793937932,12.163409525093929,11.482741354044755,10.998755200609564,10.214775588061755,2.943325073050673,0.7730410670121638,-0.9252375308005899,0.6353560460057511,0.8467577862271248,0.7116566187428167,1.3990804154562673,0.9481487372049174,0.3272774821869672
Uttar Pradesh,Sant Kabir Nagar,178,186,9,-0.7469333636620086,-0.4897195123900801,0.44467860984733315,1715183,256645,0.3579919970359624,1.176100519753092,-0.07816048088805586,UTTAR PRADESH,SANT KABIR NAGAR,SANT KABEER NAGAR,99.99638888888887,33.138888888888886,47.316104338313046,33.65525117122276,SANT KABIR NAGAR,50.5,10.9,36.5,69.1,68.8,15.2,18.0,43.3,42.3,19.0,34.2,71.6,90.6,65.1,58.1,80.2,-8.200000000000003,8.1,-2.299999999999997,2.5,21.799999999999997,49.89999999999999,40.1,36.900000000000006,0.7802922442117259,2.771121756494531,-8.72833029436982,-2.3031262071949117,9.015093628277675,20.552761110803672,8.464645110948993,18.85758711494802,22.561768071091183,0.40802737704682146,-1.090238799714633,-0.31265148039000684,0.6275872490819316,1.2737819329868703,1.0767326831549122,1.7503857285583662,2.5087132629695454
Uttar Pradesh,Shahjahanpur,180,152,9,-1.132363058959619,-0.662169123480639,0.2770435764476461,3006538,527501,0.3143037291104705,0.812218081045234,0.014892467613150646,UTTAR PRADESH,SHAHJAHANPUR,SHAHJAHANPUR,100.0,25.52777777777778,20.05004412294933,26.082445947106883,SHAHJAHANPUR,49.3,23.6,54.3,76.9,52.2,33.4,26.0,65.3,44.5,17.0,34.7,75.4,63.3,69.2,40.4,76.5,-4.799999999999997,-6.600000000000001,-19.599999999999994,-1.5,11.099999999999994,35.800000000000004,14.399999999999999,11.200000000000003,0.30124623890655894,-1.1586351242522674,5.073899834378808,13.93558090116112,10.58469666863813,-5.8888386910605846,-3.224561352571204,4.017762339759948,-2.514672809207436,-0.17060053373512024,0.6337709823920928,1.8917678003192473,0.7368554269698022,-0.3649678157843244,-0.41017556573761327,0.3729339187133044,-0.2796143018849173
Uttar Pradesh,Shrawasti,181,181,9,-2.1972313744892946,-0.67525492324079,0.5626725736063296,1117361,188289,0.3359517884973362,0.9940135156068599,-0.39800334123122466,UTTAR PRADESH,SHRAWASTI,SHRAVASTI,100.0,32.75,33.28703584021586,33.22342036382306,SHRAWASTI,63.5,10.1,39.2,69.9,48.4,10.4,9.2,17.3,50.9,20.3,40.8,61.2,80.4,58.1,36.9,59.6,-12.600000000000001,10.200000000000001,1.5999999999999943,-8.700000000000003,32.00000000000001,47.7,27.7,42.3,0.5032817448742326,4.87723064775957,-12.535053765573842,-9.346403350506465,15.288325011392086,22.001660729446215,13.938011525528488,9.22018961930975,9.76640343199432,0.7181364816590062,-1.5657292415426753,-1.2687827678436316,1.0642992998846001,1.3635792184702449,1.7729641764087907,0.8558299758004998,1.0859568161570263
Uttar Pradesh,Siddharthnagar,182,184,9,-1.3358183109925748,-0.7196990119353611,0.6105206222566857,2559297,379351,0.3746101401145363,1.3114490469550335,-0.1970322015019927,UTTAR PRADESH,SIDDHARTHNAGAR,SIDDHARTH NAGAR,99.92833333333334,31.38888888888889,49.14319704033446,31.884859543441475,SIDDHARTH NAGAR,57.9,13.7,43.5,65.1,45.3,14.9,19.2,35.3,37.2,24.8,36.3,75.8,69.7,42.8,50.6,65.1,-20.699999999999996,11.100000000000001,-7.200000000000003,10.700000000000003,24.400000000000006,27.9,31.400000000000002,29.799999999999997,0.4368348735225021,13.97272888813899,-11.899592595104414,1.3938796655130519,-0.3643026467756112,12.276943812555178,9.177636897793795,-6.880744543559338,13.221738011997989,2.057381962756408,-1.4863550198539366,0.18922043418496076,-0.02536098961923405,0.7608782652812255,1.1674277506567734,-0.6386796453590352,1.470166230132855
Uttar Pradesh,Sitapur,183,154,9,-1.0598126628339057,-0.01420995767871554,0.320204181242116,4483992,801764,0.313187255534806,0.8027611694219361,-0.12183383405370886,UTTAR PRADESH,SITAPUR,SITAPUR,99.9986111111111,32.833333333333336,29.88637994456377,33.426048346910044,SITAPUR,56.4,14.0,48.6,52.6,67.8,16.7,19.0,44.8,47.8,18.2,37.9,66.4,84.8,52.5,31.5,65.9,-8.600000000000001,4.199999999999999,-10.700000000000003,13.800000000000004,17.0,35.8,12.5,21.10000000000001,0.06172339172241768,3.4868142714557155,-6.450697166943048,5.099333022742543,-4.946684598081536,2.9017285419178904,2.379345675047844,4.242535775178258,-3.939528227861395,0.5134078566187704,-0.80574406552271,0.6922391024779732,-0.34436427473677383,0.17983809431738257,0.302661153452667,0.3937976809283215,-0.43804841375628933
Uttar Pradesh,Sonbhadra,184,200,9,-0.9754946771422581,0.4760993395967506,1.1191656163561905,1862559,333174,0.2892761029610236,0.5982720530325584,-0.24215181012163872,UTTAR PRADESH,SONBHADRA,SONBHADRA,100.0,30.333333333333332,48.03979725159737,30.774387357434858,SONBHADRA,45.9,22.5,46.4,58.1,57.4,23.7,20.3,30.3,38.3,26.8,46.5,63.0,76.8,70.6,30.4,72.7,-7.600000000000001,4.300000000000001,0.10000000000000142,4.899999999999999,19.4,46.89999999999999,10.099999999999998,42.400000000000006,0.20439228868402542,3.2161821368557817,-7.492510337440533,-5.929468268655839,2.810212478277246,23.67570835805726,6.23544533441034,14.358676032815417,-7.972981184027528,0.4735592574850097,-0.935874927007493,-0.8049307182252596,0.19563341117674873,1.4673303209517197,0.7931706170292957,1.3327909586540145,-0.8865406105918325
Uttar Pradesh,Sultanpur,185,179,9,-0.41863736200711416,-0.4524848817545557,0.44713850460820487,3797117,623523,0.2183741336678011,-0.031160494711113908,0.2986245610941325,UTTAR PRADESH,SULTANPUR,SULTANPUR,99.99277777777776,36.5,42.15760834451024,37.02008792512942,SULTANPUR,45.9,19.1,39.8,66.9,73.1,16.7,16.8,48.9,33.4,10.7,28.3,62.3,87.0,65.1,33.7,80.2,-12.5,-8.400000000000002,-11.499999999999996,-4.6000000000000085,13.900000000000006,48.39999999999999,16.900000000000002,31.300000000000004,0.9049330735143182,8.48774591531427,5.915182690403828,6.751628448963462,12.396575240007097,15.87704478942944,3.5761702669410944,21.87521803797747,0.017414660950116456,1.2497584037038285,0.7388539914258885,0.9165397115526234,0.8629896564257413,0.9839988258982754,0.4549014585338716,2.0304861501833686,0.0019363903909487788
Uttar Pradesh,Unnao,186,156,9,-0.5139481506524821,-0.08906384492475651,-0.031267394710332644,3108367,588533,0.2393069446335604,0.15840296135868023,-0.07660727373541834,UTTAR PRADESH,UNNAO,UNNAO,99.9986111111111,33.083333333333336,29.64329739368861,33.55801617638769,UNNAO,46.5,13.1,34.3,43.6,68.8,28.3,22.9,57.4,39.2,12.1,29.3,76.0,80.8,60.3,43.4,58.6,-7.299999999999997,-1.0,-4.9999999999999964,32.4,12.0,31.999999999999996,20.5,1.2000000000000028,-0.1515832025527761,3.654898799196713,-1.423829430756574,0.658227215635943,-23.92911743827252,-15.946797721419877,-0.106061474101244,5.443521162873608,4.497024666080449,0.538157071919606,-0.17784777124987247,0.08935494405763296,-1.6658295082968575,-0.9883218472219444,-0.013491393211592645,0.5052747044740707,0.5000381791067485
Uttar Pradesh,Varanasi,187,197,9,0.22348579401128657,-0.827363816535878,-0.7236800560460751,3676841,560162,0.2224885342900779,0.006354572890487261,1.7068525187943377,UTTAR PRADESH,VARANASI,VARANASI,100.0,24.444444444444443,47.06635868277964,24.97282317785992,VARANASI,44.7,25.3,45.4,58.5,82.4,48.8,48.6,59.0,37.4,21.0,39.0,65.2,95.2,83.2,71.5,79.3,-7.300000000000004,-4.300000000000001,-6.399999999999999,6.700000000000003,12.799999999999997,34.400000000000006,22.9,20.299999999999997,0.6016431084685767,3.2593332115572684,2.2756382138575892,1.822915734988463,2.7756455546010805,9.4081736849919,3.1641488463587724,14.4995296100507,11.48324714605539,0.47991293710443994,0.2842455534091329,0.2474624713964478,0.1932270290099454,0.5830828080829369,0.40249088208488865,1.3458651706359706,1.276858016024852
West Bengal,Bankura,305,339,19,-0.1606881775978064,0.4580438233806987,0.8404012935335886,3596674,766902,0.3275948961087656,0.9241857714813023,-0.30493594961019593,WEST BENGAL,BANKURA,BANKURA,99.99416666666669,36.22222222222222,49.04675044922912,36.72080894416377,BANKURA,34.0,27.0,39.8,47.3,85.6,29.5,16.3,96.2,30.3,26.0,38.8,67.1,93.3,49.2,20.8,85.0,-3.6999999999999993,-1.0,-1.0,19.799999999999997,7.700000000000003,19.700000000000003,4.5,-11.200000000000003,-0.6723225249813695,0.49121949412380905,-0.4646559558916086,-2.4912566897044006,-8.065174409343719,-28.00832414280928,-3.360702658952313,-8.813860943482041,-13.595841543074826,0.07232847177207741,-0.05803927378393255,-0.33819036474611724,-0.5614584639530841,-1.7358493622346869,-0.42749321960101455,-0.8181140203637057,-1.5117639669404923
West Bengal,Birbhum,307,334,19,0.06824664401920193,0.16814438121110942,1.2111565489821803,3498925,817015,0.334636771374911,0.9830546260882048,0.16241291571398891,WEST BENGAL,BIRBHUM,BIRBHUM,100.0,29.944444444444443,43.86078671986165,30.500924990646404,BIRBHUM,40.5,29.5,43.1,59.0,86.3,28.0,15.5,91.4,37.0,25.5,41.8,76.5,90.3,55.0,28.1,81.6,-3.5,-4.0,-1.3000000000000043,17.5,4.0,27.0,12.600000000000001,-9.800000000000011,-0.40878430030525104,-0.03982138060443763,2.885193421793721,-2.313653678672779,-5.21109899353214,-24.410506337912416,-5.419359255117103,-1.0478607469954255,-5.831719857229725,-0.005863406557410151,0.36038391158844746,-0.3140805942318955,-0.3627715270517129,-1.512870303929615,-0.6893615922768963,-0.09726379551514311,-0.648447094467783
West Bengal,Cooch Behar,308,329,19,0.40761682145667477,0.8100071842712784,0.6759006949578246,2819086,665720,0.2620483051869572,0.3607491946519442,-0.4072833024486497,WEST BENGAL,COOCH BEHAR,COOCHBEHAR,99.97583333333334,29.86111111111111,60.71003659923362,30.402945285808933,COOCHBEHAR,32.9,20.1,29.3,58.2,81.2,49.6,13.7,76.6,28.7,16.8,22.5,66.4,93.0,75.7,25.7,94.2,-4.199999999999999,-3.3000000000000007,-6.800000000000001,8.200000000000003,11.799999999999997,26.1,12.0,17.60000000000001,0.17930777819692553,2.903588826502329,1.3109889430003663,4.594949832278222,3.215388221905034,1.0521127197581492,3.097150155495326,2.026073788861961,-5.860692128158988,0.42753218263455317,0.1637530848916011,0.6237686249635992,0.2238397882620048,0.06520594321456621,0.39396841253823833,0.18806280058062072,-0.6516686115097793
West Bengal,Dakshin Dinajpur,310,331,19,0.3582459350736485,0.5613793603474524,0.8465069544224954,1676276,396406,0.2470736457080807,0.2279233971957671,-0.2847377035146324,WEST BENGAL,DAKSHIN DINAJPUR,DINAJPUR DAKSHIN,99.88833333333334,31.61111111111111,48.394181783775,32.14621820026608,DAKSHIN DINAJPUR,32.9,17.1,28.1,66.7,78.2,43.9,12.6,83.2,31.9,22.8,30.2,72.5,91.4,79.0,28.7,92.6,-1.0,5.699999999999999,2.099999999999998,5.799999999999997,13.200000000000003,35.1,16.1,9.399999999999991,-0.04448151082240717,-0.6191737331699425,-7.748158686511516,-4.606123358837923,4.981235201485889,-6.605747839891741,5.043820514907313,10.747018341365255,-2.2312957925823333,-0.09116879606228839,-0.9678074662034446,-0.625285441371295,0.34676952076512824,-0.4093991170800954,0.6415917413174427,0.9975522008523198,-0.2481047287970244
West Bengal,Darjeeling,309,327,19,0.8659508958305497,0.2707839713090367,-1.0487138106330653,1846823,391234,0.2398145367823733,0.16295975313363456,-0.2890148572837199,WEST BENGAL,DARJEELING,DARJEELING GORKHA HILL COUNCIL (DGHC),94.44444444444444,41.083333333333336,49.35943053990318,41.63826348376769,DARJEELING,29.1,11.3,25.7,45.8,94.5,61.0,56.3,84.2,34.3,20.6,31.6,68.1,98.4,83.0,68.8,94.2,5.199999999999996,9.3,5.900000000000002,22.299999999999997,3.9000000000000057,22.0,12.5,10.0,-0.5426049157835692,-5.811175005527791,-10.036609598201714,-6.256479288594392,-8.958703305493547,-5.277429033269005,-5.099474393602597,4.631791233894312,-1.9131702401010262,-0.8556529461430153,-1.2536534288357641,-0.8493227620343387,-0.6236616273401979,-0.3270749715309449,-0.6486711107830376,0.4299288781778323,-0.21273135777908667
West Bengal,Hooghly,312,338,19,1.1324864923738165,-0.18278263315453808,0.036928525518195456,5519145,1287423,0.1848946999244342,-0.3412206327570457,0.6771497432825399,WEST BENGAL,HOOGHLY,HOOGHLY,100.0,32.72222222222222,41.09794449028767,33.168734477579754,HOOGHLY,30.1,18.5,28.7,53.3,91.3,54.6,30.8,88.4,28.9,20.0,33.4,67.9,97.0,76.2,54.6,95.4,-1.2000000000000028,1.5,4.699999999999999,14.600000000000009,5.700000000000003,21.6,23.8,7.0,-0.03427037625770199,0.19050501143648946,-3.045589259819537,-6.218087420143354,-3.3227543704314595,-4.625113207323608,0.658424168526393,4.792829629570157,8.198769097207016,0.028050467269628548,-0.3804186444675741,-0.8441110309235305,-0.23131410062930696,-0.2866469186181962,0.08375387418362573,0.44487667122382046,0.911646671899917
West Bengal,Howrah,313,341,19,1.2741278128774247,-0.7778462011486963,-0.9244969612172511,4850029,1061336,0.3307430468575346,0.9505422645373852,1.5215833322319172,WEST BENGAL,HOWRAH,HOWRAH,100.0,30.22222222222222,45.893014799431526,30.769127131569252,HOWRAH,34.6,14.6,28.4,56.8,86.6,60.0,47.2,73.8,27.5,21.3,27.3,67.7,95.5,72.9,61.9,87.8,-7.100000000000001,6.700000000000001,-1.0999999999999979,10.900000000000006,8.900000000000006,12.900000000000006,14.699999999999996,14.0,0.09781808709503936,4.21794260489454,-5.7041600549854214,-0.23929170675536038,5.628897499031243,5.587183507581649,1.370756412956192,-3.36667222745195,2.756177928074285,0.6210611473767459,-0.7124955635259287,-0.03248406714681761,0.3918566398135221,0.34627237527218185,0.17436504556641144,-0.3124988888421711,0.30646800824637094
West Bengal,Jalpaiguri,314,328,19,0.2639854759929348,1.0652049578932352,-0.18274517742116236,3872846,868326,0.2889367956912012,0.5953430725312285,-0.2950794278778701,WEST BENGAL,JALPAIGURI,JALPAIGURI,99.91722222222222,32.166666666666664,49.78290247385145,32.67993167039995,JALPAIGURI,31.2,17.7,24.6,71.0,84.0,49.2,27.0,81.7,28.9,18.3,25.4,67.4,95.8,73.2,42.7,87.9,-2.3000000000000007,0.6000000000000014,0.7999999999999972,-3.5999999999999943,11.799999999999997,24.0,15.700000000000003,6.200000000000003,-0.005621063462297522,0.8878446102966677,-2.7116911260421666,-3.2198187902588358,15.482124382463262,-11.170296058043018,0.5136937843301741,0.6839797346210332,0.7714372795806046,0.13072861440154537,-0.33871207650792534,-0.4370933334947681,1.0777906754797315,-0.6922924481115266,0.06534365935866364,0.06348788733181972,0.08577851384407963
West Bengal,Kolkata,315,342,19,1.831617697863235,-1.2014020203226403,-1.4295038267815172,4496694,1024928,,0.7597644220062655,5.348493708285019,WEST BENGAL,KOLKATA,KOLKATA,100.0,35.68055555555556,47.201592151929574,36.21703597034019,KOLKATA,24.2,17.4,19.6,70.0,94.8,50.1,69.4,66.6,29.6,29.3,32.9,72.3,97.5,60.9,91.7,80.2,5.400000000000002,11.900000000000002,13.299999999999997,2.299999999999997,2.700000000000003,10.799999999999997,22.299999999999997,13.600000000000009,-0.23856841100496629,-10.05741672226517,-12.99795432878397,-18.574346009129414,12.113474286110229,14.82673611056971,-3.124459615387881,1.1140750010161025,20.2279920723678,-1.4808809304156598,-1.6235492526331097,-2.5214843888661718,0.843281536222607,0.9189046902744454,-0.39744227206101834,0.10340988857352063,2.249213440865657
West Bengal,Malda,316,332,19,-0.5463241013023185,-0.16804796987289353,0.6841608902751886,3938973,836616,0.4935115785731758,2.2346167480636283,-0.0689075698643332,WEST BENGAL,MALDA,MALDAH,100.0,35.138888888888886,55.31248044903329,35.71326299651662,MALDA,37.8,22.8,37.2,55.2,55.0,44.0,15.8,69.5,40.5,20.0,35.3,71.0,87.7,62.0,29.6,87.2,2.700000000000003,-2.8000000000000007,-1.9000000000000057,15.799999999999997,32.7,18.0,13.8,17.700000000000003,-0.052650600041258294,-8.47072271565277,3.621804165018101,-2.128045547305974,-0.19999492560329557,2.0032198327113715,18.56097824145006,-14.860184691363017,-3.8614872812887135,-1.2472518622678388,0.4523925301289118,-0.28888412134084507,-0.013922680158974446,0.12415194323294251,2.361021831623591,-1.3793416437082189,-0.42937079783963417
West Bengal,Murshidabad,319,333,19,-0.08347440003177221,-0.832089442105284,0.6952560448773006,7103807,1570759,0.3351914651184778,0.9876785645110194,0.12196993654267141,WEST BENGAL,MURSHIDABAD,MURSHIDABAD,99.89166666666668,37.69444444444444,32.81122407508799,38.20361373527378,MURSHIDABAD,41.9,17.5,34.6,46.7,63.8,50.6,19.2,78.9,39.8,16.3,32.4,72.1,87.0,69.7,30.7,90.0,-2.1000000000000014,-1.1999999999999993,-2.200000000000003,25.39999999999999,23.200000000000003,19.1,11.5,11.099999999999994,-0.15802786076318123,-2.5474752508881107,1.4239629227688448,-1.0589833770357422,-12.452664334757937,-2.642755406480715,13.379077939415401,-8.608454158844314,-7.153033125977206,-0.3750970675595506,0.17786444547808358,-0.14375795798958294,-0.8668943081276119,-0.16378792474306508,1.7018658548616197,-0.7990478958278716,-0.7953680321974709
West Bengal,Nadia,320,336,19,0.7018569608908835,0.0020056627256512354,0.5493701729224795,5167600,1232282,0.2527604686920233,0.27855263144407943,0.2963783435382565,WEST BENGAL,NADIA,NADIA,100.0,27.833333333333332,43.41923405474539,28.241237523227827,NADIA,23.3,10.7,19.3,36.6,93.1,68.5,28.2,93.2,26.1,17.6,25.1,63.6,97.7,78.4,34.2,89.9,2.8000000000000007,6.900000000000002,5.800000000000001,27.0,4.6000000000000085,9.900000000000006,6.0000000000000036,-3.299999999999997,-0.9347820576188925,-4.757475784327961,-8.059453258891187,-7.919219250208056,-14.891123330631519,-16.498645570287756,-2.3114277369838385,-11.82102686880323,-11.201997363205084,-0.7005034553583459,-1.0066906671711957,-1.0750412263017812,-1.0366480385180707,-1.0225232771833948,-0.29402175242315276,-1.097243067309314,-1.2455849766858855
West Bengal,North 24 Parganas,303,337,19,1.427001880316766,-0.3694492164684347,-0.477467697785608,10007260,2348135,0.2366445832773212,0.1344716156664655,1.2973708306122482,WEST BENGAL,NORTH 24 PARGANAS,24 PARGANAS (NORTH),100.0,36.916666666666664,56.356460067091824,37.40615586112111,NORTH 24 PARGANAS,23.8,13.6,18.3,53.5,86.9,69.0,50.7,88.7,32.4,13.3,23.6,57.9,97.5,80.4,58.9,92.8,8.599999999999998,-0.29999999999999893,5.300000000000001,4.399999999999999,10.599999999999994,11.400000000000006,8.199999999999996,4.099999999999994,-0.2855726131147642,-10.032558856424103,-0.2656179081247376,-6.558167138800494,9.334443005618091,-5.236664606962815,5.226937925666161,-3.435482532362345,-4.992884383396863,-1.4772207917825082,-0.03317781747139227,-0.8902771624870595,0.6498188093391033,-0.32454854749198186,0.6648849211772477,-0.3188859507159264,-0.5551743654855962
West Bengal,Paschim Medinipur,318,344,19,0.5904568589989254,0.06025399083908056,0.7914541350305764,5912509,1301415,0.2650496777294766,0.3871818089232134,-0.17528999946843044,WEST BENGAL,PASCHIM MEDINIPUR,PASCHIM MEDINIPUR,100.0,36.97222222222222,43.245237466279995,37.46494420186352,PASCHIM MEDINIPUR,29.4,28.0,40.3,53.0,77.7,40.9,13.9,92.2,31.1,30.3,40.0,66.0,87.6,58.3,17.5,76.9,1.7000000000000028,2.3000000000000007,-0.29999999999999716,13.0,9.899999999999991,17.4,3.5999999999999996,-15.299999999999997,-0.612099760067018,-3.615993454043251,-3.162101711450087,-1.488997120841499,-0.5511721018022033,-29.66991466811849,2.7802323456303153,-5.9398790754334065,-15.220137852569186,-0.5324285448713578,-0.3949719887079311,-0.2021327153819124,-0.03836993795114221,-1.8388284208512191,0.3536553504685547,-0.5513472905958126,-1.692374532645324
West Bengal,Purba Bardhaman,306,335,19,0.5707284916770905,0.050902141647909814,0.47721175756002093,7717563,1730927,0.3651652611489552,1.2347261054000578,0.8256472317275776,WEST BENGAL,PURBA BARDHAMAN,PURBA BARDHAMAN,100.0,25.88888888888889,41.01709700482402,26.424683462778617,PURBA BARDHAMAN,32.5,25.8,33.7,44.2,82.6,46.6,29.7,82.3,32.7,21.1,31.6,71.5,96.0,64.2,32.1,97.2,0.20000000000000284,-4.699999999999999,-2.1000000000000014,27.299999999999997,13.400000000000006,17.6,2.400000000000002,14.900000000000006,-0.28520606491561634,-3.528401571738318,4.388495621342465,-0.8154952342638087,-12.689588965421052,2.8468877755447792,4.330823159079928,-6.408596098675311,-13.028366569005366,-0.519531281911434,0.5481584721709675,-0.11070422083126323,-0.883387855874162,0.17643927227976822,0.5508959654213746,-0.5948542134706192,-1.4486646571095627
West Bengal,Purba Medinipur,317,345,19,1.3721348227067982,-0.776318644456856,0.24887871473683032,5064835,1107469,0.2734442719604633,0.4607800184554182,0.5740919643624356,WEST BENGAL,PURBA MEDINIPUR,PURBA MEDINIPUR,100.0,36.333333333333336,48.072131821250515,36.85893571525179,PURBA MEDINIPUR,29.9,24.5,32.8,42.5,74.1,66.9,10.9,92.6,25.8,15.5,30.6,67.5,91.5,69.8,17.0,88.4,-4.099999999999998,-9.0,-2.1999999999999957,25.0,17.400000000000006,2.8999999999999915,6.1,-4.199999999999989,-0.08757937048001047,2.235436034203202,9.93685782957471,1.8697460772787062,-9.541175664736084,-14.015153701356894,12.990258221584796,-14.983557622274894,-11.274050628585785,0.329151578942425,1.2411936289852168,0.25381973301696836,-0.664210537942375,-0.8686059005200202,1.6524066167534852,-1.3907932793942812,-1.253596803681503
West Bengal,Purulia,321,340,19,-0.9426029956035525,0.23213471168854588,-0.0073699954909882785,2930115,567824,0.4212568942678134,1.6828023643773327,-0.5311131806049018,WEST BENGAL,PURULIA,PURULIA,100.0,37.05555555555556,46.33105248260864,37.60590806138506,PURULIA,45.5,34.6,58.2,66.8,72.9,12.3,6.8,87.4,36.9,29.4,46.3,77.9,89.8,29.2,23.2,84.7,-8.600000000000001,-5.200000000000003,-11.900000000000006,11.100000000000009,16.89999999999999,16.9,16.4,-2.700000000000003,-0.05832496971903156,3.4803813358442195,4.56006947331914,7.495087845742253,1.6751890885041991,-21.5700545405626,0.60554033381867,-15.475367560421738,0.12153046322408656,0.5124606539784973,0.5695894290817212,1.0174650018326792,0.11661856826963131,-1.3368299090902864,0.07702686407345426,-1.4364437166240276,0.01351335072607871
West Bengal,South 24 Parganas,304,343,19,0.5959956006352523,-0.0549372571243614,-0.11356494038719811,8140975,1776835,0.4362278344091143,1.799405765895416,0.22592546276012593,WEST BENGAL,SOUTH 24 PARGANAS,24 PARGANAS SOUTH,99.98388888888888,43.72222222222222,41.81984607435418,44.25980468220417,SOUTH 24 PARGANAS,27.3,20.1,27.8,65.2,52.2,51.7,19.3,94.8,36.7,21.2,32.2,70.4,91.0,70.1,36.2,91.7,9.400000000000002,1.0999999999999979,4.400000000000002,5.200000000000003,38.8,18.39999999999999,16.900000000000002,-3.0999999999999943,0.05172055582740209,-12.77334395564408,0.2766186005729745,-5.897531388808112,12.507142066574396,-16.17822335720924,28.134033541773647,-5.728769312456546,1.3091699555879082,-1.880781318295933,0.03455189261821985,-0.8005952576967674,0.8706867845295951,-1.0026647275828482,3.578748196332596,-0.5317518082034166,0.14557068491777084
West Bengal,Uttar Dinajpur,311,330,19,-0.9239167322175992,-0.014708432326887578,1.0214532310023865,3007134,605674,0.390705893377944,1.440991921265201,0.02331400033938916,WEST BENGAL,UTTAR DINAJPUR,DINAJPUR UTTAR,99.9986111111111,40.583333333333336,52.11857167953475,41.13399412103561,UTTAR DINAJPUR,40.4,14.0,34.7,64.4,47.0,31.8,12.3,66.0,44.8,16.0,32.0,77.2,76.9,63.8,27.2,84.4,4.399999999999999,2.0,-2.700000000000003,12.799999999999997,29.900000000000006,31.999999999999996,14.899999999999999,18.400000000000006,-0.09621169733931362,-10.084272981689885,-3.2958732643437822,-2.860682966657354,-1.6762322490203108,1.4990425703564725,15.960541496110029,-1.7537976285013777,-2.954300883953902,-1.4848353178635132,-0.41168113379572185,-0.3883403183281159,-0.11669118806324114,0.09290495484300451,2.0302371150188936,-0.16278977373912984,-0.3284979167866853
