State,District,lgd_district_code,pc11_district_id,pc11_state_id,female_literacy_pct,scst_pct,agri_worker_pct,total_population,total_households,poverty_rate,poverty_log,night_lights_log,state_key,district_key,district_merge,wage_timeliness_pct,avg_days_per_hh,women_pct,persondays_per_hh
Andaman And Nicobar Islands,Nicobars,603,638,35,61.650636053366426,64.27718364909613,1.0672469174178842,36842,9288,0.22977314560839,0.2068297179094751,0.0246836923674538,ANDAMAN AND NICOBAR ISLANDS,NICOBARS,NICOBARS,16.666666666666668,21.13888888888889,42.32959062261179,21.637112695139493
Andaman And Nicobar Islands,North And Middle Andaman,632,639,35,69.96412803532009,0.7178234230139113,2.812681229460661,105597,26199,0.2127499019404686,0.1928904272860168,0.035845772371911,ANDAMAN AND NICOBAR ISLANDS,NORTH AND MIDDLE ANDAMAN,NORTH AND MIDDLE ANDAMAN,97.22222222222224,24.47222222222222,56.02123927536216,24.928726688028668
Andaman And Nicobar Islands,South Andamans,602,640,35,76.19769256442869,1.7178826078558171,1.99950716372725,238142,59064,0.0634623441356821,0.0615299475425145,0.1838755879779755,ANDAMAN AND NICOBAR ISLANDS,SOUTH ANDAMANS,SOUTH ANDAMAN,91.66666666666669,16.805555555555557,54.04737505539859,17.308817775420117
Andhra Pradesh,Ananthapuramu,502,553,28,48.22277307994979,18.065064045704787,38.88667613289633,4081148,968160,0.0722770124103594,0.0697844363664622,0.3828357050743813,ANDHRA PRADESH,ANANTHAPURAMU,ANANTAPUR,100.0,49.80555555555556,54.28546900372962,50.35650947446734
Andhra Pradesh,Chittoor,503,554,28,56.77367961379364,22.638009383660624,36.237343189695856,4174064,1039953,0.0501798547103344,0.0489614397012591,0.5619834841202599,ANDHRA PRADESH,CHITTOOR,CHITTOOR,99.94277777777778,42.94444444444444,59.55495544625998,43.39098765933639
Andhra Pradesh,East Godavari,505,545,28,60.80782849855761,22.47569794206619,50.23027634877985,5154296,1428528,0.0709239811071894,0.0685218095880912,0.6020771801798234,ANDHRA PRADESH,EAST GODAVARI,EAST GODAVARI,100.0,37.02777777777778,53.29604149775297,37.58425717235306
Andhra Pradesh,Guntur,506,548,28,54.170691523528866,24.642841287095067,49.1647066978236,4887813,1296609,0.0740480761170549,0.0714347586947332,0.6468686293900381,ANDHRA PRADESH,GUNTUR,GUNTUR,100.0,28.97222222222222,53.8833284996388,29.476565071672574
Andhra Pradesh,Krishna,510,547,28,62.69975906912951,22.21471298300482,46.5986963732494,4517398,1243293,0.0658157639053278,0.0637404814498351,0.7674679387279997,ANDHRA PRADESH,KRISHNA,KRISHNA,100.0,34.083333333333336,55.58844294555141,34.539971058023816
Andhra Pradesh,Kurnool,511,552,28,43.7283416640354,20.248760134235837,49.44888251627293,4053463,887652,0.0949543110084649,0.090712637291523,0.3521991886917027,ANDHRA PRADESH,KURNOOL,KURNOOL,99.87805555555556,33.5,56.30631101054279,33.995368641636226
Andhra Pradesh,Prakasam,517,549,28,47.3498886303073,27.63856871392881,49.3001746488574,3397448,860463,0.0797277082530989,0.0767088873601654,0.3879735589377033,ANDHRA PRADESH,PRAKASAM,PRAKASAM,99.98861111111113,40.861111111111114,57.23340288547537,41.31543246518842
Andhra Pradesh,Srikakulam,519,542,28,46.831808405613145,15.603559450322848,47.24142424410731,2703114,681330,0.125308713333701,0.1180574098645163,0.4852841950884173,ANDHRA PRADESH,SRIKAKULAM,SRIKAKULAM,99.76138888888887,41.75,65.25127674595073,42.3301865222524
Andhra Pradesh,Sri Potti Sriramulu Nellore,515,550,28,55.77835457094227,32.143299420257485,42.41275786219607,2963557,776854,0.067983975022486,0.0657727357648384,0.5369050883058791,ANDHRA PRADESH,SRI POTTI SRIRAMULU NELLORE,NELLORE,99.99472222222222,32.611111111111114,59.404314059808,33.04880870282362
Andhra Pradesh,Visakhapatnam,520,544,28,53.23149968001732,22.094542264476974,25.424555021507096,4290589,1097042,0.1164504411794636,0.1101544036545744,0.6123791751225701,ANDHRA PRADESH,VISAKHAPATNAM,VISAKHAPATANAM,100.0,47.25,58.18168388439884,47.69468558209306
Andhra Pradesh,Vizianagaram,521,543,28,44.8762761021372,20.61374960865422,43.99206894562087,2344474,587149,0.1188427498686354,0.112294892081018,0.3335855466168403,ANDHRA PRADESH,VIZIANAGARAM,VIZIANAGARAM,100.0,51.44444444444444,61.76726576295055,51.880744343550326
Andhra Pradesh,West Godavari,523,546,28,64.56059893065483,23.387806752712624,57.93473457239959,3936966,1091525,0.0619374541354715,0.0600950266743593,0.6266638746650942,ANDHRA PRADESH,WEST GODAVARI,WEST GODAVARI,100.0,35.833333333333336,54.70986075430117,36.312106823305605
Andhra Pradesh,Y.S.R. Kadapa,504,551,28,50.46977266944946,18.79222291722825,36.88340526880655,2882469,706204,0.0550784966619241,0.0536151685790437,0.3369505069369677,ANDHRA PRADESH,Y.S.R. KADAPA,Y.S.R,100.0,45.666666666666664,61.14054905333712,46.160213248441906
Arunachal Pradesh,Anjaw,628,260,12,35.89026915113872,77.72003590494639,0.8959412780656304,21167,4612,0.2249938792976759,0.2029358474925147,0.0046914241155918,ARUNACHAL PRADESH,ANJAW,ANJAW,60.77388888888889,28.75,45.68574715358736,29.18668169454226
Arunachal Pradesh,Changlang,229,253,12,40.892000336709785,36.348548837585845,4.871466561607407,148226,29521,0.2091918128191192,0.1899522131585302,0.2354162514449823,ARUNACHAL PRADESH,CHANGLANG,CHANGLANG,75.0,39.111111111111114,31.229823698540297,39.48559099692436
Arunachal Pradesh,Dibang Valley,230,257,12,50.752089136490255,71.22688655672164,2.01980198019802,8004,1952,0.1534318443888637,0.1427417109639347,0.0023812435226101,ARUNACHAL PRADESH,DIBANG VALLEY,UPPER DIBANG VALLEY,77.68583333333333,23.555555555555557,48.45774376226032,23.87933133300602
Arunachal Pradesh,East Kameng,231,247,12,42.21470625078291,92.0066082094294,1.6333001511632197,78690,14508,0.3203794375927334,0.2779191480134292,0.0089654688749865,ARUNACHAL PRADESH,EAST KAMENG,EAST KAMENG,69.44444444444444,33.05555555555556,42.76588055123842,33.47279007086061
Arunachal Pradesh,East Siang,232,251,12,57.77424742352031,70.53339246477312,7.743165167669306,99214,19107,0.1748719087483233,0.1611591278224685,0.0365006762949884,ARUNACHAL PRADESH,EAST SIANG,EAST SIANG,83.33333333333333,19.305555555555557,40.98440233214178,19.688043707716908
Arunachal Pradesh,Kurung Kumey,233,256,12,34.963000983788874,98.57509014292542,3.947152470047595,92076,15037,0.2646030889588462,0.2347583092764685,0.0020999011102787,ARUNACHAL PRADESH,KURUNG KUMEY,KURUNG KUMEY,75.0,26.75,46.23997865433638,27.273993503904855
Arunachal Pradesh,Lohit,234,259,12,49.89856844831307,32.53365905878155,10.11545888008827,145726,30005,0.2569824666131249,0.2287139809134729,0.0603257589459597,ARUNACHAL PRADESH,LOHIT,LOHIT,75.0,50.05555555555556,40.41178010683428,50.44565322583296
Arunachal Pradesh,Lower Dibang Valley,235,258,12,52.87585968417413,48.02884615384615,12.905340662665791,54080,11600,0.1232463544735523,0.1162230234463308,0.0153640347149394,ARUNACHAL PRADESH,LOWER DIBANG VALLEY,LOWER DIBANG VALLEY,61.111111111111114,16.416666666666668,35.81505379152858,16.857955741508775
Arunachal Pradesh,Lower Subansiri,236,255,12,59.6960205890208,87.81283873298807,3.6437425559133616,83030,15249,0.1952870966631042,0.1783864047821274,0.0610858207873749,ARUNACHAL PRADESH,LOWER SUBANSIRI,LOWER SUBANSIRI,80.55555555555556,26.86111111111111,49.807583891966985,27.32304287082218
Arunachal Pradesh,Papum Pare,237,248,12,63.22619033996636,66.38387522441144,1.8003401294055552,176573,35730,0.1854638072122403,0.1701340965020276,0.2200805594382955,ARUNACHAL PRADESH,PAPUM PARE,PAPUM PARE,72.22222222222223,34.75,46.74679587287053,35.263249400625455
Arunachal Pradesh,Tawang,238,245,12,40.10851819840584,69.65404085879504,2.4314367580843226,49977,10062,0.2272475042669521,0.2047738603560366,0.0352179858200894,ARUNACHAL PRADESH,TAWANG,TAWANG,58.333333333333336,31.5,49.39835742232259,31.941944058507374
Arunachal Pradesh,Tirap,239,254,12,34.32160526751393,87.85175262335343,2.144051330712575,111975,20611,0.250980193349599,0.2239273987052388,0.0557602290577733,ARUNACHAL PRADESH,TIRAP,TIRAP,75.0,35.0,27.478078725725375,35.49830776049765
Arunachal Pradesh,Upper Siang,240,252,12,44.95517718548824,80.60022650056625,4.20683007435968,35320,7324,0.3343363657843021,0.2884340639734957,0.0008072131838902,ARUNACHAL PRADESH,UPPER SIANG,UPPER SIANG,77.77777777777777,23.916666666666668,27.581793087829475,24.46457028869378
Arunachal Pradesh,Upper Subansiri,241,249,12,49.10290237467018,93.85845077173808,2.4069681533615896,83448,15869,0.3431073707519941,0.2949858627832159,0.006245128680408,ARUNACHAL PRADESH,UPPER SUBANSIRI,UPPER SUBANSIRI,77.77666666666667,32.138888888888886,43.96935595307224,32.593007745579634
Arunachal Pradesh,West Kameng,242,246,12,50.079381879762906,55.24914529405458,2.3509438305709023,83947,18159,0.109161859380089,0.103604648466958,0.0373634659441374,ARUNACHAL PRADESH,WEST KAMENG,WEST KAMENG,86.11111111111111,34.02777777777778,34.51860407909021,34.49997971113274
Arunachal Pradesh,West Siang,243,250,12,51.69297305289616,82.63979193758128,1.4348837209302323,112274,21231,0.1741997337035578,0.1605868378582428,0.0056403614200001,ARUNACHAL PRADESH,WEST SIANG,WEST SIANG,72.22222222222223,12.11111111111111,30.434236558907543,12.518364878073172
Assam,Baksa,616,324,18,53.38147606907807,42.532431650132885,15.971066881784568,950075,191701,0.3523916546177738,0.3018746210382434,0.180874256254743,ASSAM,BAKSA,BAKSA,99.99472222222222,17.47222222222222,51.0802579093804,18.002248324634234
Assam,Barpeta,280,303,18,48.15041530670757,7.242702326729342,12.95519657392258,1693622,337929,0.3251449930017747,0.2815218821318889,0.2476816493082634,ASSAM,BARPETA,BARPETA,99.98833333333332,27.055555555555557,41.36940518780927,27.502194434509097
Assam,Bongaigaon,281,319,18,54.26214785143229,13.754527587831143,12.9983148207084,738804,150018,0.3015395651714309,0.2635478446611338,0.5185603210192129,ASSAM,BONGAIGAON,BONGAIGAON,100.0,19.11111111111111,41.45788033698141,19.63847359149904
Assam,Cachar,282,316,18,62.82033038821262,16.265302021113463,7.894597238461229,1736617,379955,0.3897553527732954,0.3291277264527996,0.3087997672757261,ASSAM,CACHAR,CACHAR,99.99805555555557,25.5,30.183106171719235,25.978230086973493
Assam,Chirang,612,320,18,48.05395656168089,44.34671334530718,11.433750278722837,482162,97395,0.2353779664035743,0.2113769689284275,0.2859856097250646,ASSAM,CHIRANG,CHIRANG,99.92833333333334,22.583333333333332,48.23306286383865,23.065882788701018
Assam,Darrang,283,325,18,48.18181617600011,5.2427571351642435,19.22420648068385,928500,187783,0.310100792401862,0.2701040750180515,0.3543057530485606,ASSAM,DARRANG,DARRANG,99.95833333333331,25.805555555555557,44.89983419735477,26.28621334803364
Assam,Dhemaji,284,308,18,55.32273861994004,53.89407010011179,2.37927335571403,686133,129869,0.255367061328317,0.2274280089661292,0.0994085889782481,ASSAM,DHEMAJI,DHEMAJI,99.86277777777778,26.694444444444443,50.90942910067601,27.22816585788689
Assam,Dhubri,285,301,18,43.17696891981375,3.936215729267239,21.27216345411269,1949258,414674,0.392940429076345,0.3314169294010777,0.4252345159271966,ASSAM,DHUBRI,DHUBRI,100.0,27.444444444444443,42.01164784276217,28.004371026802875
Assam,Dibrugarh,286,310,18,60.49690645190575,12.195033683043876,5.564904736246703,1326335,276867,0.2480220086015679,0.2215599048891496,0.7981998821754623,ASSAM,DIBRUGARH,DIBRUGARH,99.90388888888889,15.77777777777778,49.18469032723987,16.25408222107724
Assam,Dima Hasao,299,315,18,60.32333010648596,72.94653949986454,2.683866055610056,214102,42252,0.3089773325877111,0.2692461701909009,0.0578958155055802,ASSAM,DIMA HASAO,DIMA HASAO,97.22222222222224,23.11111111111111,35.379521585968305,23.473675701949308
Assam,Goalpara,287,302,18,52.39032433404528,27.44184339549467,14.08122353365168,1008183,198454,0.3819181732228438,0.3234725146365846,0.533980367685888,ASSAM,GOALPARA,GOALPARA,97.14944444444444,19.97222222222222,44.31264818540697,20.444345266507828
Assam,Golaghat,288,313,18,62.11041248589437,16.315020883166742,7.574046677334621,1066888,227197,0.202175600825929,0.184132915980211,0.6860755777464425,ASSAM,GOLAGHAT,GOLAGHAT,100.0,16.055555555555557,44.5002235250787,16.527234576435873
Assam,Hailakandi,289,318,18,56.16883318917506,10.822149686938795,10.725636074167792,659296,143350,0.3921192931474686,0.3308272573404627,0.2392267370922795,ASSAM,HAILAKANDI,HAILAKANDI,99.88194444444444,20.13888888888889,28.0816808696842,20.68578303870172
Assam,Jorhat,290,312,18,67.71749422449487,20.932455395072218,5.958037414915765,1092256,236262,0.1968474008806816,0.1796909338046018,0.2879304944275716,ASSAM,JORHAT,JORHAT,100.0,14.72222222222222,46.5022108768883,15.207130063311867
Assam,Kamrup,291,321,18,60.223439650051894,19.100954042787613,9.99919286684202,1517542,311114,0.2260594548336255,0.2038053313085074,0.4399492971268706,ASSAM,KAMRUP,KAMRUP,99.99944444444444,23.88888888888889,40.05259700046397,24.415337419756767
Assam,Kamrup Metro,618,322,18,76.51714430373066,14.108353044568393,1.999012474767278,1253938,293112,0.1439608496173577,0.1344966700095581,1.369525866835772,ASSAM,KAMRUP METRO,KAMRUP (METRO),99.99833333333332,19.194444444444443,50.56932132607105,19.610113868462964
Assam,Karbi Anglong,292,314,18,52.12122382257919,61.03639707919897,7.906496418178607,956313,177646,0.3033076812590249,0.2649054032370272,0.1469278286641297,ASSAM,KARBI ANGLONG,KARBI ANGLONG,99.9875,20.47222222222222,50.831667985290515,21.019605862656995
Assam,Kokrajhar,294,300,18,49.30141834988727,34.74471956011552,11.662123187546916,887142,181081,0.2502617277834092,0.2233529116235381,0.3161494227791821,ASSAM,KOKRAJHAR,KOKRAJHAR,100.0,25.88888888888889,45.428848910776296,26.35147907059652
Assam,Lakhimpur,295,307,18,60.089021061032696,31.787183450928236,5.697396775683959,1042137,204307,0.2719970894066279,0.2405881767129759,0.1740810009996547,ASSAM,LAKHIMPUR,LAKHIMPUR,99.99555555555555,28.22222222222222,49.83373271806973,28.763680241286124
Assam,Marigaon,296,304,18,53.14759586381518,26.59409686209753,15.3348303240244,957423,184602,0.2960142782558931,0.2592936150421513,0.3568032163953943,ASSAM,MARIGAON,MORIGAON,97.215,20.083333333333332,41.63450824312211,20.509052151184616
Assam,Nagaon,297,305,18,56.97198437734715,13.51042295259384,14.646261937188518,2823768,559340,0.2963882612187157,0.2595821373373754,0.4409640494502885,ASSAM,NAGAON,NAGAON,99.97555555555556,24.444444444444443,40.900161170126985,24.973031914279943
Assam,Nalbari,298,323,18,63.51598501729081,10.831489854711856,9.962240754575069,771639,155248,0.2275962117071837,0.2050579578244888,0.2725948776585703,ASSAM,NALBARI,NALBARI,100.0,28.333333333333332,40.22468547454165,28.86022805974215
Assam,Sivasagar,300,311,18,65.63112947952598,7.939359715042787,4.391910957830381,1151050,248367,0.1816001340556196,0.1668695656876498,0.6289294597987931,ASSAM,SIVASAGAR,SIVASAGAR,99.99472222222222,13.083333333333334,44.55054215591089,13.600146786285896
Assam,Sonitpur,301,306,18,51.90851792054082,17.73999407518281,9.135718443558858,1924110,392919,0.2471815522794822,0.2208862473430909,0.336132794387798,ASSAM,SONITPUR,SONITPUR,100.0,22.97222222222222,45.39765076784724,23.45468060228329
Assam,Sribhumi,293,317,18,59.61212430866824,13.008205513857892,12.480912908327426,1228686,247714,0.4378199110909294,0.3631280157753564,0.4141815447802522,ASSAM,SRIBHUMI,KARIMGANJ,100.0,20.22222222222222,36.336904067957384,20.63793266255727
Assam,Tinsukia,302,309,18,53.24595722080352,9.018102624462603,4.749773274693555,1327929,268598,0.2625924762483808,0.2331671279984054,0.871586559825372,ASSAM,TINSUKIA,TINSUKIA,100.0,15.88888888888889,45.101556740166984,16.366112459603674
Assam,Udalguri,617,326,18,50.14010452358365,36.69925980078589,14.266642441286368,831668,168717,0.2542298027238708,0.2265216811821057,0.3012990956485217,ASSAM,UDALGURI,UDALGURI,99.96472222222222,23.666666666666668,45.799947155932074,24.17437028230888
Bihar,Araria,188,209,10,34.721295084836775,14.991700363747077,59.53762869573958,2811569,568142,0.3497916875073806,0.2999502749939234,0.7629267647905228,BIHAR,ARARIA,ARARIA,100.0,29.63888888888889,52.54964163682108,30.18443246178071
Bihar,Arwal,611,240,10,44.7825081666894,20.247616085200253,54.65503450585019,700843,118222,0.3674928613178138,0.3129790350574587,1.0208527338929825,BIHAR,ARWAL,ARWAL,100.0,33.611111111111114,46.896049475591425,34.19912178018958
Bihar,Aurangabad,189,235,10,48.90080064582209,24.136983464648456,42.13031402122901,2540073,391898,0.3482818311927629,0.2988310642224148,0.923176034312116,BIHAR,AURANGABAD,AURANAGABAD,100.0,36.111111111111114,44.57055598573622,36.59717239372925
Bihar,Banka,190,225,10,38.68862149824881,16.62552346391201,49.06374549916198,2034763,381601,0.3312425751878111,0.2861127731363349,0.6491068060081424,BIHAR,BANKA,BANKA,100.0,33.416666666666664,56.76038148320507,33.84679930829417
Bihar,Begusarai,191,222,10,44.91941939480255,14.605656006767791,38.12669923337012,2970541,589667,0.3200561234793783,0.2776742534818318,1.2215677402947789,BIHAR,BEGUSARAI,BEGUSARAI,100.0,31.13888888888889,65.30922772501305,31.523270062704583
Bihar,Bhagalpur,192,224,10,44.68009701125727,12.69844352724996,34.924521978772916,3037766,564711,0.2952875070426348,0.2587326836705622,1.0563899843269136,BIHAR,BHAGALPUR,BHAGALPUR,99.98166666666668,34.416666666666664,49.54293080695238,34.827268098719955
Bihar,Bhojpur,193,231,10,48.201231561439016,16.10386573557391,35.99819534422247,2728407,416090,0.3266756384861872,0.2826762932834004,1.0070927263459195,BIHAR,BHOJPUR,BHOJPUR,100.0,31.13888888888889,43.00208894758535,31.630693597060738
Bihar,Buxar,194,232,10,48.420711776386135,16.324943505208772,34.787108084992404,1706352,261660,0.2856194097744247,0.2512406331604435,0.9365554837358488,BIHAR,BUXAR,BUXAR,100.0,29.944444444444443,37.502418101909534,30.467457924074047
Bihar,Darbhanga,195,215,10,36.80913756847104,15.70737939012822,41.2285823282245,3937385,803012,0.3134865293744647,0.2726850745708576,0.9771699909466186,BIHAR,DARBHANGA,DARBHANGA,100.0,32.52777777777778,60.37715107691801,33.027602910751234
Bihar,Gaya,196,236,10,43.711750277195776,30.455971169221424,40.90552967706893,4391418,688425,0.2919731355918452,0.2561706122586664,0.9818905221220126,BIHAR,GAYA,GAYA,100.0,31.416666666666668,55.870709502644786,31.948542474544904
Bihar,Gopalganj,197,217,10,45.512791788285355,14.866089620189133,29.901600337087007,2562012,413044,0.3149936381059283,0.2738318276757651,0.9830894502706,BIHAR,GOPALGANJ,GOPALGANJ,100.0,28.583333333333332,44.408190060118,29.146951223996172
Bihar,Jamui,198,238,10,38.3971641789277,21.667854840221427,40.33393809840306,1760405,307082,0.3409951921847149,0.2934120190468169,0.6400430572317187,BIHAR,JAMUI,JAMUI,99.99472222222222,33.72222222222222,55.004816016322074,34.299977115419225
Bihar,Jehanabad,199,239,10,45.294600458376486,19.928588757083585,43.36525090388971,1125313,181740,0.360144744230084,0.3075911236656787,1.2634456354637282,BIHAR,JEHANABAD,JEHANABAD,100.0,37.19444444444444,46.34322718352732,37.6759088354328
Bihar,Kaimur (Bhabua),200,233,10,47.51904724023516,26.25880480870446,40.852848801669445,1626384,250884,0.2772078549213256,0.2446763319502307,0.6048828632297459,BIHAR,KAIMUR (BHABUA),KAIMUR (BHABUA),100.0,33.083333333333336,43.12910552701977,33.52921689338041
Bihar,Katihar,201,212,10,35.21925419505929,14.427444351714032,59.9044041210182,3071029,619076,0.3208498216789554,0.2782753337474346,0.6833210260833876,BIHAR,KATIHAR,KATIHAR,99.99944444444444,32.666666666666664,60.361304299623235,33.17102776800084
Bihar,Khagaria,202,223,10,39.18720469927212,14.86820334443987,47.59878935494298,1666886,328823,0.3311814294218718,0.2860668407334988,0.7139505893666154,BIHAR,KHAGARIA,KHAGARIA,100.0,29.61111111111111,68.89141459647165,30.07514327024202
Bihar,Kishanganj,203,210,10,37.05658040149133,10.491126360624705,57.30796845084492,1690400,338445,0.3694228277486843,0.3143893574568471,0.5539430059903538,BIHAR,KISHANGANJ,KISHANGANJ,100.0,36.97222222222222,55.18525945651005,37.49535002100693
Bihar,Lakhisarai,204,227,10,42.58366047365282,16.139480793516313,39.83186866535227,1000912,163355,0.3638204054253693,0.3102898831756253,0.8497803303976846,BIHAR,LAKHISARAI,LAKHISARAI,99.83055555555556,32.111111111111114,52.927812762730696,32.65623649589727
Bihar,Madhepura,205,213,10,33.21211524172529,17.924558463993222,53.86205854699024,2001762,401289,0.3292232683232119,0.2845947628545709,0.9142166459923604,BIHAR,MADHEPURA,MADHEPURA,100.0,33.138888888888886,54.210533966697454,33.580956597001155
Bihar,Madhubani,206,207,10,37.77701886781961,13.173569694024062,52.615746710474255,4487379,898515,0.3242852115910583,0.2808728509255508,0.9238352723401672,BIHAR,MADHUBANI,MADHUBANI,100.0,29.52777777777778,63.14039746578789,30.064383230556253
Bihar,Munger,207,226,10,51.36428253831076,15.006232795838468,32.640251583105545,1367765,263171,0.2633914981936179,0.2337997701528857,0.8707318453079875,BIHAR,MUNGER,MUNGER,100.0,32.77777777777778,51.60323975786782,33.300628945595605
Bihar,Muzaffarpur,208,216,10,44.95648903814054,15.787215411923444,40.24007364572714,4801062,945703,0.2366172867930994,0.2123796573371169,1.1823818517852638,BIHAR,MUZAFFARPUR,MUZAFFARPUR,100.0,31.22222222222222,53.55823355057099,31.761908266535823
Bihar,Nalanda,209,229,10,43.48674808578632,21.16704133542161,46.27322528271176,2877653,477529,0.3593874636718637,0.3070342039310323,1.0874821317572847,BIHAR,NALANDA,NALANDA,100.0,37.77777777777778,54.74260758540974,38.28486096520502
Bihar,Nawada,210,237,10,40.162571965177506,25.557444169964484,41.62777846606451,2219146,338247,0.3791143057080263,0.3214414856645886,0.8041985978622522,BIHAR,NAWADA,NAWADA,100.0,32.861111111111114,53.620996827773666,33.303196224925685
Bihar,Pashchim Champaran,211,203,10,35.66057893242658,20.431548125788744,58.27540549486925,3935042,710461,0.3077015184572906,0.2682710300960372,0.557117164490218,BIHAR,PASHCHIM CHAMPARAN,PASHCHIM CHAMPARAN,100.0,30.0,55.10355740411113,30.41713334445294
Bihar,Patna,212,230,10,51.87160795854132,15.928621649697307,29.1474235141661,5838465,975578,0.293093460518873,0.257037379094657,1.5852308295653803,BIHAR,PATNA,PATNA,100.0,31.75,51.62308155102654,32.17345511893996
Bihar,Purbi Champaran,213,204,10,35.95102395951967,12.985660388310638,54.30746590936176,5099371,981516,0.2926225144981236,0.2566731116882542,0.9360518683677728,BIHAR,PURBI CHAMPARAN,PURBI CHAMPARAN,100.0,32.833333333333336,58.93153488553034,33.25711068582066
Bihar,Purnia,214,211,10,33.672917216366216,16.249400006555128,61.12598775092255,3264619,647777,0.3316670995382292,0.2864316156100724,0.844722786187544,BIHAR,PURNIA,PURNIA,100.0,30.333333333333332,60.62625969490188,30.833443146202185
Bihar,Rohtas,215,234,10,52.10841502091258,19.635543957636663,31.8056039480937,2959918,460345,0.298361387695078,0.2611029984019575,0.8723904322959712,BIHAR,ROHTAS,ROHTAS,100.0,27.61111111111111,38.691999764202066,28.149519268195863
Bihar,Saharsa,216,214,10,33.052163451161995,17.007662071247847,42.87389286756246,1900661,368979,0.3378376246762553,0.2910545975975074,0.9165923607498976,BIHAR,SAHARSA,SAHARSA,100.0,33.77777777777778,56.220188213089365,34.16562083478427
Bihar,Samastipur,217,221,10,41.80549655609991,18.890051215914525,46.348876445974525,4261566,835493,0.2790573350339668,0.246123349609135,0.9909835921526794,BIHAR,SAMASTIPUR,SAMASTIPUR,100.0,34.44444444444444,59.86308548097499,34.891004706142056
Bihar,Saran,218,219,10,45.18758284556938,12.926868397732513,31.57501099868016,3951862,631097,0.3260848282112639,0.282230862727488,1.069020353667294,BIHAR,SARAN,SARAN,99.92,37.111111111111114,48.11654413262213,37.56310141523936
Bihar,Sheikhpura,219,228,10,43.132886930485746,20.701446706330874,44.22169970676072,636342,100701,0.3882996702185018,0.3280797395151943,1.0215693955571268,BIHAR,SHEIKHPURA,SHEIKHPURA,100.0,35.166666666666664,49.81284691683008,35.59853985170222
Bihar,Sheohar,220,205,10,36.19598608405772,14.77692816413357,59.58317610519288,656246,150144,0.2459822521803743,0.2199241764278413,1.052301800779868,BIHAR,SHEOHAR,SHEOHAR,100.0,33.77777777777778,52.0471154008879,34.316212804727016
Bihar,Sitamarhi,221,206,10,34.042986517494676,11.937904657530405,51.87482169987195,3423574,736322,0.2600122507402823,0.2311214437258683,0.93946210257893,BIHAR,SITAMARHI,SITAMARHI,100.0,29.88888888888889,56.76611036394939,30.29519682377472
Bihar,Siwan,222,218,10,49.18942788759519,14.222792980197354,24.28977026816474,3330464,535661,0.3143547136396194,0.2733458331300364,0.9498122268399034,BIHAR,SIWAN,SIWAN,100.0,29.916666666666668,42.73070246762154,30.464316450651967
Bihar,Supaul,223,208,10,35.911111359451965,16.34834343916493,53.24289271742879,2229076,443073,0.3278470488228859,0.2835588703420464,0.8332780824578034,BIHAR,SUPAUL,SUPAUL,100.0,31.86111111111111,60.28905608071126,32.31822644041781
Bihar,Vaishali,224,220,10,46.90521458527973,21.181703915369894,39.89268246355478,3495021,626087,0.3456190685012498,0.2968541811388512,1.2066813571707802,BIHAR,VAISHALI,VAISHALI,100.0,31.0,64.21211560033409,31.482619068629024
Chandigarh,Chandigarh,44,55,4,71.63043638515798,18.86266521388981,0.3617245659175651,1055450,241173,0.0550314368911984,0.0535705644852141,3.1416130557496555,CHANDIGARH,CHANDIGARH,CHANDIGARH,,,,
Chhattisgarh,Bastar,374,414,22,37.57149733039322,68.62041368554605,21.138026057179907,1413199,311538,0.3224718778335183,0.2795026201261311,0.2352959886300603,CHHATTISGARH,BASTAR,BASTAR,99.95972222222224,37.861111111111114,48.87476614525778,38.31778788121842
Chhattisgarh,Bijapur,636,417,22,25.949102056618234,83.96779375465266,15.195131096945396,255230,54757,0.4096909385377659,0.343370487837477,0.0364441323729372,CHHATTISGARH,BIJAPUR,BIJAPUR,99.99972222222222,44.111111111111114,48.70448237858856,44.632450670132215
Chhattisgarh,Bilaspur,375,406,22,50.61418919176407,39.47475417935456,37.65642996099535,2663629,600822,0.3538156032247338,0.3029269785280453,0.8432059991998367,CHHATTISGARH,BILASPUR,BILASPUR,99.9986111111111,41.27777777777778,50.945262565182695,41.86097676560118
Chhattisgarh,Dakshin Bastar Dantewada,376,416,22,27.72137619853356,79.31425423226982,9.82608459722712,533638,120850,0.3382358732072317,0.2913522340669327,0.1439976406078311,CHHATTISGARH,DAKSHIN BASTAR DANTEWADA,DANTEWADA,99.79444444444444,42.416666666666664,47.71592944866228,42.92984120019585
Chhattisgarh,Dhamtari,377,412,22,60.442565516417666,33.285862004723796,40.509231650008346,799781,170951,0.2921600212053552,0.2563152531130621,0.3596302468683806,CHHATTISGARH,DHAMTARI,DHAMTARI,100.0,31.916666666666668,51.20083427818716,32.4753059066084
Chhattisgarh,Durg,378,409,22,61.306040362962165,25.582797427652732,30.11734406812104,3343872,701707,0.2637305341179603,0.2340680879642471,0.8449621023587572,CHHATTISGARH,DURG,DURG,100.0,31.25,65.57709837660346,31.699171534367046
Chhattisgarh,Janjgir-Champa,379,405,22,52.9801365688628,36.124064414119346,33.281083901473735,1619707,364532,0.3873165506204717,0.3273713421281479,0.8706195920336824,CHHATTISGARH,JANJGIR-CHAMPA,JANJGIR-CHAMPA,99.99944444444444,29.194444444444443,50.10273607471797,29.710633958069952
Chhattisgarh,Jashpur,380,402,22,50.30403680297571,68.01022462952156,31.972308125306764,851669,192570,0.3970871436868592,0.3343894574895687,0.325209025230853,CHHATTISGARH,JASHPUR,JASHPUR,99.96,41.19444444444444,43.88456584738038,41.61430289439475
Chhattisgarh,Kabeerdham,382,407,22,40.35978444117446,34.87318334010111,38.06881278077835,822526,178446,0.3877571051656721,0.3276888504926432,0.5133253728867934,CHHATTISGARH,KABEERDHAM,KAWARDHA,100.0,44.19444444444444,48.452101581026845,44.73709542623645
Chhattisgarh,Korba,383,404,22,53.1168470251379,51.23632566465557,27.001204633557325,1206640,280073,0.35518723939244,0.3039396288385886,0.6807508290122427,CHHATTISGARH,KORBA,KORBA,99.9922222222222,34.861111111111114,49.31177843458228,35.33485700435804
Chhattisgarh,Korea,384,400,22,51.79221420198655,54.491840398714864,15.724876774704288,658917,153274,0.317281832005754,0.2755703953159444,0.279149678699522,CHHATTISGARH,KOREA,KOREA,99.99722222222222,41.27777777777778,44.0396829933639,41.74629684657448
Chhattisgarh,Mahasamund,385,411,22,52.58848627173873,40.61732029118261,45.950141137669384,1032754,248561,0.3405751402058207,0.2930987309877597,0.5821530303895112,CHHATTISGARH,MAHASAMUND,MAHASAMUND,99.97638888888888,38.77777777777778,48.76965053212369,39.267616375808664
Chhattisgarh,Narayanpur,637,415,22,33.23770726949337,80.91832355886139,7.176146090926385,139820,27982,0.4349844858374679,0.3611540378900537,0.0401442682035532,CHHATTISGARH,NARAYANPUR,NARAYANPUR,99.97111111111111,38.19444444444444,51.291091985391205,38.60744195395653
Chhattisgarh,Raigarh,386,403,22,54.97911809236445,48.8995196735708,37.387161639597835,1493984,367962,0.3188154463542023,0.2767339445780002,0.6773232164005855,CHHATTISGARH,RAIGARH,RAIGARH,99.95277777777778,33.30555555555556,44.804294309666226,33.79444452465205
Chhattisgarh,Raipur,387,410,22,56.38730437181187,29.545615609940473,28.148542892042016,4063872,871225,0.298960414059994,0.261564263059369,0.7696654876264231,CHHATTISGARH,RAIPUR,RAIPUR,99.91333333333334,35.916666666666664,55.93703672876503,36.43713911365858
Chhattisgarh,Rajnandgaon,388,408,22,57.73430214987382,36.54966746533969,27.84553970994649,1537133,318488,0.3348095902354729,0.2887886526426255,0.4085104465275321,CHHATTISGARH,RAJNANDGAON,RAJNANDAGON,99.99972222222222,41.30555555555556,59.83138916745377,41.803633990162695
Chhattisgarh,Surguja,389,401,22,42.27572665087932,60.01476342501291,26.990036765827856,2359886,526049,0.3502946584989161,0.30032283418863,0.3642678250043997,CHHATTISGARH,SURGUJA,SURGUJA,99.90333333333334,34.416666666666664,41.281690784141354,34.846949651629174
Chhattisgarh,Uttar Bastar Kanker,381,413,22,52.64707683378461,59.592544673078386,22.65108427658859,748941,160937,0.3191444841277912,0.2769834083939538,0.1966530438306702,CHHATTISGARH,UTTAR BASTAR KANKER,KANKER,99.9872222222222,39.30555555555556,51.23530714187751,39.772446187883766
Delhi,Central,77,95,7,73.53105111494031,24.587512020881988,0.2607435528477686,582320,119639,0.0277184980478295,0.0273412949496143,3.86579900821521,DELHI,CENTRAL,CENTRAL,,,,
Delhi,East,78,93,7,75.40300756005517,16.463723552750583,0.5118679124941895,1709346,358937,0.0471062291522957,0.0460303872500314,3.7162779307164984,DELHI,EAST,EAST,,,,
Delhi,New Delhi,79,94,7,75.7094689519528,23.411312357398383,0.3948929539055444,142004,33208,0.0277184980478295,0.0273412949496143,3.912973944731906,DELHI,NEW DELHI,NEW DELHI,,,,
Delhi,North,80,91,7,72.6197163999845,18.65620544653133,0.5264772570993325,887978,180044,0.0471062291522957,0.0460303872500314,3.4372419561171252,DELHI,NORTH,NORTH,,,,
Delhi,North East,81,92,7,66.37938319348955,16.67353668590272,0.3041242330623045,2241624,406125,0.0471062291522957,0.0460303872500314,3.347805724397066,DELHI,NORTH EAST,NORTH EAST,,,,
Delhi,North West,82,90,7,68.75980837653786,19.06822271005451,0.929676529301593,3656539,736253,0.0471062291522957,0.0460303872500314,3.0361287538041632,DELHI,NORTH WEST,NORTH WEST,,,,
Delhi,South,83,98,7,70.6496871097769,15.480856200874912,0.5704843939495056,2731929,574133,0.0471062291522957,0.0460303872500314,3.204282855498907,DELHI,SOUTH,SOUTH,,,,
Delhi,South West,84,97,7,72.82636936055754,13.886342444998991,0.7036046906979381,2292958,494439,0.0471062291522957,0.0460303872500314,3.1493838062126396,DELHI,SOUTH WEST,SOUTH WEST,,,,
Delhi,West,85,96,7,73.06182039977995,14.802832446604592,0.4436525527589234,2543243,533221,0.0471062291522957,0.0460303872500314,3.5734002936786733,DELHI,WEST,WEST,,,,
Goa,North Goa,551,585,30,77.57237791249617,9.072282911658569,1.9459094333740352,818008,191766,0.038107091130967,0.0373989500683754,1.1044740177849333,GOA,NORTH GOA,NORTH GOA,100.0,15.833333333333334,76.05274523557752,16.224360922100892
Goa,South Goa,552,586,30,74.93287725497841,15.69183357089442,2.6692027722925618,640537,151845,0.0363095668041357,0.0356659088590789,0.7558598264571842,GOA,SOUTH GOA,SOUTH GOA,88.88888888888889,13.97222222222222,67.80340213342996,14.381508782410217
Gujarat,Ahmedabad,438,474,24,70.34952106927436,11.763162363247613,8.20953786407101,7214225,1510134,0.1924549280966019,0.1760141469206597,1.217944737562721,GUJARAT,AHMEDABAD,AHMADABAD,99.97222222222224,44.083333333333336,43.83351766042099,44.58597319254241
Gujarat,Amreli,439,480,24,58.84199633716886,9.261519360185972,28.2646039992214,1514190,294837,0.1714695778308451,0.1582590100675727,0.3687459782472512,GUJARAT,AMRELI,AMRELI,99.99805555555557,40.111111111111114,48.537242006663746,40.53221323177174
Gujarat,Anand,440,482,24,67.30560575065066,6.177962436895083,38.20437052828061,2092745,427605,0.2497353311300707,0.2229317937992262,0.8366803860774651,GUJARAT,ANAND,ANAND,99.99916666666668,27.0,47.932212789956075,27.49020133537725
Gujarat,Banas Kantha,441,469,24,43.47455545129648,19.599866175549735,23.64763655047032,3120506,560411,0.2824264610704378,0.2487539561228149,0.378814864859807,GUJARAT,BANAS KANTHA,BANAS KANTHA,100.0,37.583333333333336,46.12404039075298,38.08344617526409
Gujarat,Bharuch,442,488,24,66.44586428234082,35.4882177458819,36.999777795081485,1551019,333483,0.2131557011516305,0.1932249821132365,1.1565315586757376,GUJARAT,BHARUCH,BHARUCH,100.0,32.80555555555556,48.8865617038696,33.30702906127212
Gujarat,Bhavnagar,443,481,24,57.5388227576027,5.768157854994072,25.49075735279295,2880365,538605,0.147770019955377,0.1378209467791065,0.5357096655833443,GUJARAT,BHAVNAGAR,BHAVNAGAR,99.99972222222222,42.69444444444444,48.593947109162265,43.135543657400966
Gujarat,Dahod,445,485,24,38.56032727564754,76.26837842945702,23.177657911618283,2127086,334272,0.4555979137944886,0.3754167535276413,0.3883177618873265,GUJARAT,DAHOD,DOHAD,99.85277777777776,40.0,45.723100235613146,40.36930732019228
Gujarat,Dangs,444,489,24,55.6075827727789,95.0825919550048,25.138008587200986,228291,44699,0.6897287940280079,0.5245680391506814,0.0728279148616243,GUJARAT,DANGS,DANG,99.99722222222222,44.77777777777778,45.41537845394908,45.29313281131592
Gujarat,Gandhinagar,446,473,24,67.048267002451,9.111674269787814,21.526006137833527,1391753,289990,0.1611778799159468,0.1494349036551253,1.478115276119672,GUJARAT,GANDHINAGAR,GANDHINAGAR,100.0,31.305555555555557,38.691381920639685,31.85694653502102
Gujarat,Jamnagar,447,477,24,57.49865908423819,9.169957766215656,14.787876098955568,2160119,430941,0.1180942600686942,0.1116256825104759,0.7845991854472814,GUJARAT,JAMNAGAR,JAMNAGAR,100.0,44.22222222222222,42.66757412006006,44.8245851058068
Gujarat,Junagadh,448,479,24,59.44734023242994,11.715435411701144,27.428294415349807,2743082,527326,0.1622189519660465,0.1503310675006541,0.5657695631223398,GUJARAT,JUNAGADH,JUNAGADH,99.98944444444444,38.888888888888886,46.02500988033194,39.47191035900029
Gujarat,Kachchh,449,468,24,51.53299304764602,13.52948401597996,20.44001123829405,2092371,445672,0.1473006656264576,0.1374119359905402,0.3068406941311744,GUJARAT,KACHCHH,KACHCHH,99.9986111111111,47.638888888888886,49.41108791727345,48.07228721788261
Gujarat,Kheda,450,483,24,64.42201195880656,6.781512988692913,33.19924003024369,2299885,466856,0.3088669165436917,0.269161813725369,0.7689332639110282,GUJARAT,KHEDA,KHEDA,100.0,25.833333333333332,34.10419322751691,26.28391342587046
Gujarat,Mahesana,451,471,24,66.95110286302915,8.436098324180467,27.55149062349735,2035064,424479,0.1941913652289615,0.1774692745142286,0.9301187871243356,GUJARAT,MAHESANA,MAHESANA,99.99111111111112,38.75,34.46807691765865,39.32023294976838
Gujarat,Narmada,452,487,24,54.82813585928613,83.03023732121288,53.30142948493162,590297,122174,0.3712265948743572,0.3157056640017315,0.3241291821606023,GUJARAT,NARMADA,NARMADA,100.0,29.583333333333332,51.83402980500228,30.06318600137345
Gujarat,Navsari,453,490,24,70.97974388609792,50.77364944136599,31.792887898918437,1329672,295131,0.1770791963711765,0.1630361126510091,0.6358724055432731,GUJARAT,NAVSARI,NAVSARI,100.0,25.13888888888889,71.74319608460058,25.651653631944846
Gujarat,Panch Mahals,454,484,24,50.07247715487427,34.384233403714944,19.171236285669664,2390776,446611,0.3338580688390263,0.2880755466599204,0.5073594789423636,GUJARAT,PANCH MAHALS,PANCH MAHALS,100.0,40.916666666666664,40.847990682164735,41.42867861878997
Gujarat,Patan,455,470,24,52.86653925465513,10.173963001605973,35.53020795984224,1343734,267633,0.2329018577988373,0.209370624744051,0.4088444996445415,GUJARAT,PATAN,PATAN,99.99527777777776,35.27777777777778,42.04566976408738,35.83119298721195
Gujarat,Porbandar,456,478,24,60.32008133501613,11.080213647986415,18.56250351775764,585449,124556,0.1331012932418174,0.1249583807344336,0.5508172675603101,GUJARAT,PORBANDAR,PORBANDAR,100.0,40.5,57.05379864064236,41.01542856630425
Gujarat,Rajkot,457,476,24,66.16973924560942,8.258147201330615,12.92551308402961,3804558,786586,0.0983626329045292,0.0938205553231433,0.8048333941973855,GUJARAT,RAJKOT,RAJKOT,99.73305555555557,37.30555555555556,47.611564972823025,37.89883680765696
Gujarat,Sabar Kantha,458,472,24,55.735596838118205,30.052059035102275,23.681291315765645,2428589,481414,0.2586037674312796,0.2300029854569865,0.4820059473198342,GUJARAT,SABAR KANTHA,SABAR KANTHA,99.99944444444444,33.72222222222222,51.13504337194519,34.21743840243336
Gujarat,Surat,459,492,24,70.32001069016512,16.691551606706568,11.42216649316007,6081322,1333200,0.1657090294617492,0.1533295108703705,1.475436432742578,GUJARAT,SURAT,SURAT,100.0,25.11111111111111,44.749197862253894,25.603889336684304
Gujarat,Surendranagar,460,475,24,53.21728219143122,11.439825812461423,30.84909714784673,1756268,343213,0.200034411028606,0.1823502322399818,0.4747045272802734,GUJARAT,SURENDRANAGAR,SURENDRANAGAR,99.99361111111112,40.916666666666664,38.82928679787195,41.45976299428755
Gujarat,Tapi,641,493,24,54.597439938345104,85.18826004743364,51.61458503046694,807022,177091,0.2761748535579155,0.2438672081033926,0.3738942162668323,GUJARAT,TAPI,TAPI,100.0,22.88888888888889,54.097008047998216,23.43958105667298
Gujarat,Vadodara,461,486,24,63.571716147503096,32.92494333384706,25.245763085561418,4165626,877106,0.1921693054330365,0.1757745933164354,0.9914734608831416,GUJARAT,VADODARA,VADODARA,99.99972222222222,36.333333333333336,37.63904420512627,36.87094494886719
Gujarat,Valsad,462,491,24,62.9391195128388,55.170495251741535,15.566048357343412,1705678,364403,0.1784807311536846,0.1642260929453063,0.7656225591248367,GUJARAT,VALSAD,VALSAD,100.0,25.86111111111111,59.42844330737869,26.33898119890844
Haryana,Ambala,58,70,6,67.35372804905909,26.254796827225597,12.8717427028719,1128350,224334,0.0984281589178366,0.0938802114484064,1.3047121825365389,HARYANA,AMBALA,AMBALA,99.9925,28.333333333333332,50.508683493251134,28.851943623550703
Haryana,Bhiwani,59,81,6,55.57801589792817,20.87326278950959,11.870757839232624,1634445,311380,0.1065029647094496,0.1012045598632175,0.6497854054880926,HARYANA,BHIWANI,BHIWANI,100.0,22.38888888888889,55.251966555816985,22.832457176071273
Haryana,Faridabad,60,88,6,63.748736106056846,12.366409851618997,3.9130575228742863,1809733,358919,0.095449984672115,0.0911652237597731,2.3250288119220155,HARYANA,FARIDABAD,FARIDABAD,100.0,29.833333333333332,37.95354675111557,30.313713462980772
Haryana,Fatehabad,61,78,6,51.51829952244593,30.18616555433005,21.329360227487093,942011,180637,0.1380552994885536,0.1293209280986886,0.7153927486752601,HARYANA,FATEHABAD,FATEHABAD,99.9986111111111,23.13888888888889,58.19020577033244,23.556947020441623
Haryana,Gurugram,62,86,6,67.71127436788956,13.0700487047289,3.226031458166219,1514432,326428,0.1419706675439934,0.1327554257410711,2.294932658062329,HARYANA,GURUGRAM,GURUGRAM,100.0,34.416666666666664,52.71487722078485,34.87145962951334
Haryana,Hisar,63,80,6,54.66862964982661,23.440434283237124,16.199477812686478,1743931,335608,0.1018694229609012,0.0970082127490445,0.8154351422805707,HARYANA,HISAR,HISAR,99.9986111111111,22.444444444444443,57.83070547246715,22.937167416854624
Haryana,Jhajjar,64,83,6,62.336558960467656,17.78454828595427,7.884945446873086,958405,185334,0.0834619640135393,0.0801614366374719,1.182815617151717,HARYANA,JHAJJAR,JHAJJAR,99.9975,28.36111111111111,44.60445249693779,28.79186151714488
Haryana,Jind,65,77,6,53.241749926748305,21.163330714941026,14.67975980365478,1334152,249736,0.1123726821598133,0.1064952855067431,0.8198614989292029,HARYANA,JIND,JIND,99.99805555555557,20.77777777777778,52.15031134930465,21.200781810174124
Haryana,Kaithal,66,73,6,51.80736775806128,23.0393817764804,16.938172385202108,1074304,204274,0.1343249045534414,0.1260376762207376,0.7422125933764417,HARYANA,KAITHAL,KAITHAL,99.97555555555556,21.444444444444443,61.81292003187448,21.935949550084786
Haryana,Karnal,67,74,6,58.435555078206704,22.56019302156878,20.147837475973983,1505324,292084,0.1320293087865321,0.1240118706000014,1.073091262103111,HARYANA,KARNAL,KARNAL,99.99777777777778,26.916666666666668,58.92690651330541,27.46391571814923
Haryana,Kurukshetra,68,72,6,60.85029282818909,22.301029901882018,21.435866584587835,964655,188143,0.1172698678650194,0.1108880915017018,1.0481907210406298,HARYANA,KURUKSHETRA,KURUKSHETRA,99.995,19.75,56.11832589183167,20.341870149619332
Haryana,Mahendragarh,69,84,6,57.37294538873693,16.95217810013795,5.071986139490212,922088,171712,0.0985143982793715,0.0939587199749918,0.7773666939929476,HARYANA,MAHENDRAGARH,MAHENDRAGARH,100.0,28.63888888888889,43.97145594642568,29.136308690819146
Haryana,Nuh,604,87,6,28.26900546418555,6.908432582397456,12.452859759621507,1089263,160280,0.2287449566832325,0.2059932880421142,1.176006034000203,HARYANA,NUH,MEWAT,99.14694444444444,38.888888888888886,40.76189377230766,39.37671393841535
Haryana,Palwal,619,89,6,45.08296617650975,19.48033389980704,12.09088562314458,1042708,171157,0.1687612824482813,0.1559444550058501,1.2643487113756893,HARYANA,PALWAL,PALWAL,99.76166666666668,39.55555555555556,37.68892029865209,39.97319272306795
Haryana,Panchkula,70,69,6,67.06674719242855,18.142039897166008,4.720206091964711,561293,117107,0.0963733340628225,0.0920077637924817,1.2938446371854175,HARYANA,PANCHKULA,PANCHKULA,99.99583333333334,24.75,15.818219213466698,25.26013386081863
Haryana,Panipat,71,75,6,57.72906298113073,17.10690811713926,10.675307360124595,1205437,235640,0.1343909558016378,0.1260959040926093,1.527576266995292,HARYANA,PANIPAT,PANIPAT,99.99666666666668,33.416666666666664,47.893792884333806,33.92162134837097
Haryana,Rewari,72,85,6,61.38400035681002,20.28207372391518,4.177140824637617,900332,178043,0.061560388346377,0.0597398901769125,1.1882101143562862,HARYANA,REWARI,REWARI,97.19583333333334,20.555555555555557,44.85133904112595,20.997148639421663
Haryana,Rohtak,73,82,6,63.23141711908266,20.438011918537818,7.134823100270291,1061204,206988,0.0898688949535529,0.0860574091477242,1.1020855647250136,HARYANA,ROHTAK,ROHTAK,99.98166666666668,29.61111111111111,50.836691463947574,30.122728641968006
Haryana,Sirsa,74,79,6,53.20360361536842,29.90922560336754,24.830836061918635,1295189,246571,0.1277571283831452,0.1202308181759018,0.6039902682412722,HARYANA,SIRSA,SIRSA,99.99055555555556,14.944444444444445,53.45686245719353,15.446702373713464
Haryana,Sonipat,75,76,6,61.07877649535966,18.6161940577972,13.620221643651249,1450001,277726,0.1037544950025759,0.0987175454102551,1.225107267062124,HARYANA,SONIPAT,SONIPAT,99.98805555555556,26.333333333333332,46.141964551451025,26.86235966107797
Haryana,Yamunanagar,76,71,6,63.02593715803181,25.26286747295556,15.940759356269762,1214205,235423,0.1278729005118824,0.1203334698761858,1.002800308488396,HARYANA,YAMUNANAGAR,YAMUNANAGAR,99.95916666666668,31.25,29.435115668461815,31.829842042116475
Himachal Pradesh,Bilaspur,15,30,2,69.78149181783586,28.715873032495892,1.1246929578554437,381956,80485,0.0406901195141551,0.0398840695396931,0.3960192774944613,HIMACHAL PRADESH,BILASPUR,BILASPUR,99.99444444444444,32.833333333333336,59.48204731092293,33.41926980806969
Himachal Pradesh,Chamba,16,23,2,53.45204841713221,47.6207906295754,2.215126387588606,519080,102460,0.1198813639843095,0.1132227546825433,0.0734006227264369,HIMACHAL PRADESH,CHAMBA,CHAMBA,100.0,44.80555555555556,51.03716229050617,45.32529220559471
Himachal Pradesh,Hamirpur,17,28,2,74.68973234945182,24.693909861731697,2.7545916466512885,454768,105519,0.0381645221597666,0.0374542713745539,0.2012785195267473,HIMACHAL PRADESH,HAMIRPUR,HAMIRPUR,100.0,30.86111111111111,77.55605713293583,31.26883405429508
Himachal Pradesh,Kangra,18,24,2,71.91685407460855,26.75026074863831,3.5429973081885224,1510075,338887,0.045950644095454,0.0449261791522712,0.2055912850639551,HIMACHAL PRADESH,KANGRA,KANGRA,100.0,28.77777777777778,71.67800149361186,29.161234972544396
Himachal Pradesh,Kinnaur,19,34,2,63.37663709336713,75.4817465317816,3.7599931597623018,84121,19976,0.0958071067639946,0.0914911755583431,0.0411248802773705,HIMACHAL PRADESH,KINNAUR,KINNAUR,100.0,39.5,69.78591071350387,40.02655845324077
Himachal Pradesh,Kullu,20,26,2,62.66009573972351,31.852031157585124,3.6992716994367534,437903,94807,0.0858793081556607,0.0823900810408986,0.0846460652500735,HIMACHAL PRADESH,KULLU,KULLU,99.99944444444444,32.44444444444444,55.22928107127913,32.95738234934333
Himachal Pradesh,Lahaul And Spiti,21,25,2,59.748931623931625,88.52490178684577,1.7314022383146808,31564,6674,0.2034324852968753,0.1851778780358074,0.0037326270998094,HIMACHAL PRADESH,LAHAUL AND SPITI,LAHUL AND SPITI,97.22222222222224,29.666666666666668,63.10826080472628,30.10427027880268
Himachal Pradesh,Mandi,22,27,2,65.79033389673758,30.659437054463147,1.6923921535505395,999777,219145,0.0559658804914589,0.0544558746214219,0.1648007443689855,HIMACHAL PRADESH,MANDI,MANDI,100.0,34.94444444444444,69.89244578470719,35.41097839992753
Himachal Pradesh,Shimla,23,33,2,69.36146910695142,27.583444920824068,5.608621740385541,814010,184362,0.0563302972972801,0.0548009179096394,0.1427186400174913,HIMACHAL PRADESH,SHIMLA,SHIMLA,100.0,34.166666666666664,50.974483583984714,34.62918010582168
Himachal Pradesh,Sirmaur,24,32,2,61.92786099082685,32.463032339036154,3.0700442482439945,529855,98208,0.1314221161451883,0.1234753513275126,0.2632375878879434,HIMACHAL PRADESH,SIRMAUR,SIRMAUR,100.0,38.111111111111114,42.303543348060224,38.601953134729975
Himachal Pradesh,Solan,25,31,2,67.83102450233093,32.771746622553074,2.6291422446233494,580320,122425,0.0431422258313243,0.042237528976534,0.7260763414546029,HIMACHAL PRADESH,SOLAN,SOLAN,100.0,36.19444444444444,48.14957059619579,36.68082982909877
Himachal Pradesh,Una,26,29,2,72.40689604281481,23.810135981718165,5.243824452343064,521173,110332,0.0559110130132607,0.0544039137534573,0.4922314583244077,HIMACHAL PRADESH,UNA,UNA,100.0,36.388888888888886,69.14937051720659,36.86632018892857
Jammu And Kashmir,Anantnag,1,14,1,42.610203786674376,10.92360006378095,11.122171945701355,1078692,153640,0.1914524731055354,0.1751731284736778,0.2487081049606453,JAMMU AND KASHMIR,ANANTNAG,ANANTNAG,91.66666666666669,38.666666666666664,33.55913890072125,39.1467506648456
Jammu And Kashmir,Bandipora,623,9,1,37.34503012701027,19.316628933896265,12.53508573556995,392232,58392,0.4117684836425216,0.3448431622016021,0.1445251135293751,JAMMU AND KASHMIR,BANDIPORA,BANDIPORA,100.0,33.611111111111114,25.742526198359062,34.061677632459315
Jammu And Kashmir,Baramulla,3,8,1,43.941762834191834,3.8868535840379193,10.193180427646457,1008039,152635,0.2109420842045642,0.1913986386581685,0.3896715757968458,JAMMU AND KASHMIR,BARAMULLA,BARAMULLA,97.22222222222224,26.47222222222222,15.530203468401092,27.06385913952032
Jammu And Kashmir,Budgam,2,2,1,35.95911207071048,3.221248565496289,8.757376726286523,753745,103363,0.2565594397045746,0.2283773826562637,0.705365299538801,JAMMU AND KASHMIR,BUDGAM,BADGAM,97.22222222222224,26.97222222222222,11.03593131931147,27.43903997495468
Jammu And Kashmir,Doda,4,16,1,40.990855599989814,22.594746497014167,4.961134837547401,409936,79636,0.1830926199060176,0.1681318743288698,0.1952309397682321,JAMMU AND KASHMIR,DODA,DODA,97.22222222222224,41.916666666666664,39.540283618866646,42.398395200704734
Jammu And Kashmir,Ganderbal,626,11,1,37.98494874789153,20.570792681696844,10.461009650796049,297446,45361,0.2956857901992514,0.2590401227014296,0.3632624714896582,JAMMU AND KASHMIR,GANDERBAL,GANDERBAL,91.54388888888889,29.055555555555557,28.545529625089817,29.509380377312116
Jammu And Kashmir,Jammu,5,21,1,69.15143331513384,29.228514769686488,4.000058487512916,1529958,314199,0.079980763148229,0.0769432290777065,1.289163004364243,JAMMU AND KASHMIR,JAMMU,JAMMU,100.0,28.583333333333332,18.994274531364304,29.056339704695013
Jammu And Kashmir,Kathua,7,7,1,55.35329250566604,31.55742292374703,7.106904590225906,616435,119583,0.1542265004531202,0.1434304230494503,0.5922373513178282,JAMMU AND KASHMIR,KATHUA,KATHUA,100.0,25.61111111111111,21.257112377754325,26.09012299882397
Jammu And Kashmir,Kishtwar,620,18,1,35.10870253594015,22.738148905919477,8.012433471979962,230696,45209,0.2318380619529455,0.2085074132518991,0.039195763360133,JAMMU AND KASHMIR,KISHTWAR,KISHTWAR,94.44444444444444,40.44444444444444,33.32732614922984,40.96378055046111
Jammu And Kashmir,Kulgam,622,15,1,40.62253762151762,6.253725119733888,11.347864082660772,424483,73728,0.2407902909500658,0.2157485080188765,0.1318041987740447,JAMMU AND KASHMIR,KULGAM,KULGAM,80.55555555555556,39.77777777777778,29.7434071612592,40.28908947976033
Jammu And Kashmir,Kupwara,8,1,1,39.587393099827345,8.203558552037448,7.9410838440853695,870354,113929,0.3084096501434883,0.2688123921849205,0.1696925119397294,JAMMU AND KASHMIR,KUPWARA,KUPWARA,100.0,35.0,32.4190987129497,35.475207921890565
Jammu And Kashmir,Poonch,10,5,1,43.741775438346906,37.04782576782325,8.078146545251,476835,90261,0.2323066697784783,0.2088877544105555,0.4919826259393889,JAMMU AND KASHMIR,POONCH,POONCH,100.0,36.47222222222222,38.290474127283794,36.98588303687207
Jammu And Kashmir,Pulwama,11,12,1,43.246963078211955,4.105524230961388,7.112485504445304,560440,86241,0.1809846929412205,0.1663485760315008,0.5688046933954485,JAMMU AND KASHMIR,PULWAMA,PULWAMA,100.0,32.77777777777778,11.54992562803258,33.32927736560231
Jammu And Kashmir,Rajouri,12,6,1,47.00670562572375,43.736836779963106,4.715555657823082,642415,130401,0.16263947839459,0.1506928326968811,0.4740904082404387,JAMMU AND KASHMIR,RAJOURI,RAJAURI,100.0,36.666666666666664,34.76407331468354,37.1245329842699
Jammu And Kashmir,Ramban,621,17,1,30.55929143043966,18.92475847070807,6.551267026570094,283713,55490,0.2460726294637191,0.2199967087657526,0.428392083806508,JAMMU AND KASHMIR,RAMBAN,RAMBAN,91.66666666666669,30.583333333333332,27.020991700880973,31.038878965739418
Jammu And Kashmir,Reasi,627,20,1,38.19346045369283,40.08110160900253,1.461644547941489,314667,56689,0.2135329899725149,0.1935359316184651,0.3109220950267106,JAMMU AND KASHMIR,REASI,REASI,97.22222222222224,31.47222222222222,36.96030051339688,32.063405678594556
Jammu And Kashmir,Samba,624,22,1,65.31641005782045,34.308148687041,3.256485316138084,318898,65385,0.0529871874131462,0.0516310653789949,1.1793838973684032,JAMMU AND KASHMIR,SAMBA,SAMBA,100.0,28.61111111111111,26.556185173465607,29.090965650199635
Jammu And Kashmir,Shopian,625,13,1,43.27667938489999,8.21253498112428,6.8753084839953935,266215,44411,0.1919677714995716,0.1756055309450686,0.2978347404442109,JAMMU AND KASHMIR,SHOPIAN,SHOPIAN,94.44444444444444,38.47222222222222,8.226390916637675,39.06091702542693
Jammu And Kashmir,Srinagar,13,10,1,54.095150288968,0.8087617609224881,1.9703703255512832,1236829,191678,0.1678761194286349,0.1551868166480315,1.918643993239171,JAMMU AND KASHMIR,SRINAGAR,SRINAGAR,91.66416666666666,34.44444444444444,23.89800828602371,35.02607347811804
Jammu And Kashmir,Udhampur,14,19,1,48.338697371427685,35.11410218294188,2.5307985988113515,554985,99240,0.1962518955793272,0.1791932483850899,0.502510744163647,JAMMU AND KASHMIR,UDHAMPUR,UDHAMPUR,94.44444444444444,24.22222222222222,17.87685878562607,24.732365671726026
Jharkhand,Bokaro,322,355,20,51.98787698719484,26.90418119311652,6.274191173377088,2062330,394918,0.2417349129585848,0.216509525109556,1.0890511980887554,JHARKHAND,BOKARO,BOKARO,99.8975,32.583333333333336,40.265117055343865,32.995474665925585
Jharkhand,Chatra,323,347,20,40.50664995254946,37.023797423687725,32.620126648320735,1042886,182271,0.3876220887929594,0.327591554690244,0.3388265266731811,JHARKHAND,CHATRA,CHATRA,99.89222222222222,32.361111111111114,44.830900469590595,32.95671046385067
Jharkhand,Deoghar,324,350,20,42.35417006600646,24.86460112876515,23.283840267074098,1492073,264347,0.3293015594537973,0.2846536610298221,0.9268251560932274,JHARKHAND,DEOGHAR,DEOGHAR,99.81861111111112,34.25,36.047213100528246,34.66885267445574
Jharkhand,Dhanbad,325,354,20,55.31770445925832,24.974157073586127,4.658011318532176,2684487,507064,0.2491325852168789,0.2224493786055794,1.4513346230087365,JHARKHAND,DHANBAD,DHANBAD,99.76055555555556,32.861111111111114,40.52480795053068,33.373170013248625
Jharkhand,Dumka,326,362,20,40.76008380709665,49.240980686250325,30.38458137351092,1321442,275019,0.3277450083225048,0.2834820208122726,0.4137990245837467,JHARKHAND,DUMKA,DUMKA,99.56972222222224,36.166666666666664,41.63718529550237,36.734524881021144
Jharkhand,East Singhbum,327,357,20,58.29571080834043,33.36373254679002,7.489170622646711,2293919,476931,0.191133063523645,0.1749050083336926,1.019139052270943,JHARKHAND,EAST SINGHBUM,EAST SINGHBUM,99.90083333333332,29.305555555555557,46.62354165076557,29.74847219504372
Jharkhand,Garhwa,328,346,20,38.847231500182254,39.75100999104918,32.75641538092574,1322784,254697,0.3346927893180979,0.2887011450094845,0.2431814700589891,JHARKHAND,GARHWA,GARHWA,99.51944444444445,35.5,43.364887701057626,36.057956588447446
Jharkhand,Giridih,329,349,20,39.561099432698654,23.049969044855924,19.040618824349984,2445474,396521,0.2997983101672045,0.2622091064058742,0.5692883111727645,JHARKHAND,GIRIDIH,GIRIDIH,99.7575,34.02777777777778,47.49219410499113,34.60305844032258
Jharkhand,Godda,330,351,20,35.91856191710823,30.054029116494146,37.00299064627654,1313551,253648,0.2992557598442874,0.2617916081036588,0.7116349034175715,JHARKHAND,GODDA,GODDA,99.93805555555556,36.22222222222222,38.012765503260745,36.77168157954224
Jharkhand,Gumla,331,366,20,46.576798617133534,72.1033580338915,11.888603274644984,1025213,188988,0.2824733937053186,0.2487905521987192,0.1495696584376732,JHARKHAND,GUMLA,GUMLA,99.14888888888888,37.05555555555556,39.71606035155597,37.52412513651738
Jharkhand,Hazaribagh,332,360,20,49.44631075349627,24.51912516323195,13.2605799899791,1734495,304749,0.2075880285144499,0.1886250053486504,0.7566076916816394,JHARKHAND,HAZARIBAGH,HAZARIBAGH,99.62277777777778,33.22222222222222,45.11726287864817,33.7284606069467
Jharkhand,Jamtara,333,363,20,43.5128892939629,39.61534280101436,21.90077919532156,791042,155275,0.3382207305831785,0.2913409186403856,0.6128265507882856,JHARKHAND,JAMTARA,JAMTARA,99.78722222222224,40.166666666666664,37.1252455856361,40.69615159716668
Jharkhand,Khunti,606,365,20,45.126718132178496,77.7730148434342,10.727233533872896,531885,103700,0.3280806219510027,0.283734758511961,0.2853972561874675,JHARKHAND,KHUNTI,KHUNTI,99.785,33.888888888888886,38.87457386091424,34.31215963072558
Jharkhand,Koderma,334,348,20,43.39625884934835,16.182135233204747,16.882727247355643,716259,116155,0.3108834622123669,0.2707013085438852,0.6951660661359949,JHARKHAND,KODERMA,KODERMA,99.66194444444444,33.861111111111114,49.44435629335052,34.31940776427516
Jharkhand,Latehar,335,359,20,39.45459430413756,66.85291714467287,28.299136483364737,726978,133381,0.4252312782365046,0.3543341010681552,0.2344714094230182,JHARKHAND,LATEHAR,LATEHAR,99.28555555555556,34.94444444444444,43.4976616897932,35.42578300641853
Jharkhand,Lohardaga,336,356,20,48.06184298375378,60.21438316117715,20.66096445665576,461790,88638,0.3034262182080092,0.2649963499570513,0.4452588438089049,JHARKHAND,LOHARDAGA,LOHARDAGA,99.87888888888888,30.305555555555557,46.21055931407071,30.87795037170958
Jharkhand,Pakur,337,353,20,32.58256078577634,45.2591118386712,22.9337703408897,900422,182317,0.4308234244108568,0.3582500998166982,0.4330234870264317,JHARKHAND,PAKUR,PAKUR,99.63916666666668,34.638888888888886,37.99984873741111,35.11639897072641
Jharkhand,Palamu,338,358,20,43.152446476792775,36.99167314906316,33.74456295690548,1939869,358754,0.341972547432851,0.2941405818818716,0.5138438838758658,JHARKHAND,PALAMU,PALAMU,99.31027777777778,28.694444444444443,40.54651107299209,29.233938092554094
Jharkhand,Ramgarh,607,361,20,54.14300558200227,32.389727450726376,9.652122001519592,949443,179375,0.2105663994328258,0.191088348789443,1.1843236607949097,JHARKHAND,RAMGARH,RAMGARH,99.93444444444444,38.083333333333336,42.333580220126585,38.63085772182496
Jharkhand,Ranchi,339,364,20,58.21036330175944,41.00395538753842,13.722995704703669,2914253,569444,0.2298167317763851,0.2068651597271541,1.0235679953825547,JHARKHAND,RANCHI,RANCHI,99.70527777777778,32.0,43.464027669620044,32.48187618244682
Jharkhand,Sahebganj,340,352,20,34.91952613796741,33.086643368008986,34.15299530027405,1150567,227023,0.3425881239627474,0.2945991869320344,0.5449619749171474,JHARKHAND,SAHEBGANJ,SAHEBGANJ,99.5761111111111,30.97222222222222,41.503262209710186,31.43334798780406
Jharkhand,Saraikela Kharsawan,341,369,20,47.56811262952684,40.45205134753478,14.071426696646514,1065056,221232,0.2120812804751411,0.1923389484967949,0.8783026760627399,JHARKHAND,SARAIKELA KHARSAWAN,SARAIKELA KHARSAWAN,99.91583333333332,35.388888888888886,47.23932650634434,35.888989496268636
Jharkhand,Simdega,342,367,20,50.62067905462978,78.23519208509985,19.027072214005532,599578,118288,0.2960361526525693,0.259310493106263,0.0931678439003756,JHARKHAND,SIMDEGA,SIMDEGA,99.90694444444443,36.388888888888886,41.49229839988018,36.86866458130819
Jharkhand,West Singhbhum,343,368,20,38.2876487642655,71.10796638306425,21.11029480361974,1502338,302046,0.2782958747142172,0.2455278430210346,0.3791459476190026,JHARKHAND,WEST SINGHBHUM,WEST SINGHBHUM,99.46444444444444,30.416666666666668,44.68441132961741,30.96310448821774
Karnataka,Bagalkote,524,556,29,50.23450445436076,22.03209733340671,33.02346072704747,1889752,361149,0.2138117238726539,0.1937655931904489,0.5306561858385523,KARNATAKA,BAGALKOTE,BAGALKOTE,99.99083333333334,35.02777777777778,48.61984524534176,35.55465305463009
Karnataka,Ballari,528,565,29,50.029655136672744,39.501629906282936,33.415206295105776,2452595,489118,0.1720203625978354,0.1587290652341257,0.6980256667551078,KARNATAKA,BALLARI,BALLARI,99.99805555555557,42.30555555555556,50.8532819479893,42.79358819330996
Karnataka,Belagavi,527,555,29,56.2880898651361,18.29870361098831,26.86622838499372,4779661,983854,0.1535245658644898,0.1428220952098302,0.5122987838894149,KARNATAKA,BELAGAVI,BELAGAVI,99.98611111111111,32.52777777777778,51.98091248646853,32.998120920703926
Karnataka,Bengaluru Rural,526,583,29,62.98648056776218,26.90451225776372,15.22863465379793,990923,229279,0.0935425008046051,0.0894224271417199,1.4456336525591618,KARNATAKA,BENGALURU RURAL,BENGALURU RURAL,99.98666666666666,37.52777777777778,47.73806056533252,38.03668674820821
Karnataka,Bengaluru South,631,584,29,55.42115265193742,20.945636391178567,16.652391569192815,1082636,260533,0.1124618580618043,0.1065754495822522,0.8842339239988549,KARNATAKA,BENGALURU SOUTH,BENGALURU SOUTH,,,,
Karnataka,Bengaluru Urban,525,572,29,74.6753020837637,14.43243402233174,2.0032957161392124,9621551,2393845,0.051663207903263,0.0503729184796551,3.022819244857733,KARNATAKA,BENGALURU URBAN,BENGALURU,100.0,33.22222222222222,48.492318427250375,33.71170622783602
Karnataka,Bidar,529,558,29,53.5018345373423,37.31620971056185,35.98628396612313,1703300,319937,0.2616241752930325,0.2323999188903814,0.5721491108096696,KARNATAKA,BIDAR,BIDAR,100.0,32.94444444444444,53.359355208945594,33.49055736964063
Karnataka,Chamarajanagar,531,578,29,49.61499134812018,37.19311788603152,40.455365383001926,1020791,244874,0.1528164986153651,0.1422080773767561,0.346131845977544,KARNATAKA,CHAMARAJANAGAR,CHAMARAJA NAGARA,100.0,31.11111111111111,51.42428521823305,31.62927444168751
Karnataka,Chikkaballapura,630,582,29,55.12884960730086,37.37156442812707,28.772231195093035,1255104,284698,0.0968161858420488,0.0924116064893629,0.6618790789169621,KARNATAKA,CHIKKABALLAPURA,CHIKKABALLAPURA,100.0,42.388888888888886,49.57406213254762,42.92301159670959
Karnataka,Chikkamagaluru,532,570,29,66.52582792352702,26.24176048212549,19.165231587430164,1137961,276085,0.0829162820122036,0.0796576631031157,0.281632030512392,KARNATAKA,CHIKKAMAGALURU,CHIKKAMAGALURU,99.99916666666668,37.77777777777778,48.07510657118456,38.28615010747076
Karnataka,Chitradurga,533,566,29,58.66068581857361,41.68058689112576,28.880159525618033,1659456,357003,0.1694601365732413,0.1565422205896264,0.5468811783507406,KARNATAKA,CHITRADURGA,CHITRADURGA,100.0,36.916666666666664,51.505416331679434,37.46885949310424
Karnataka,Dakshina Kannada,534,575,29,76.05245820832563,11.027976468775378,2.702859342399363,2089649,439733,0.109868174189919,0.1042412462804151,0.6014528491792617,KARNATAKA,DAKSHINA KANNADA,DAKSHINA KANNADA,100.0,39.72222222222222,44.97356102140195,40.19175301588271
Karnataka,Davanagere,535,567,29,61.29755384491871,32.161807497004624,30.712424780066343,1945497,410176,0.1646131747464596,0.1523889930363207,0.6358525275601576,KARNATAKA,DAVANAGERE,DAVANAGERE,99.99944444444444,36.361111111111114,47.1282563662875,36.79549210297873
Karnataka,Dharwad,536,562,29,64.83589557020808,14.369230919160184,24.535131442597702,1847023,382700,0.1914533566840202,0.1751738700711625,0.7007494339213576,KARNATAKA,DHARWAD,DHARWAR,100.0,33.52777777777778,42.4109725314475,33.9879826702809
Karnataka,Gadag,537,561,29,57.448954634136165,22.15448490940004,37.16911756023719,1064570,219096,0.229776746163318,0.2068326457256093,0.4309857020750534,KARNATAKA,GADAG,GADAG,100.0,31.36111111111111,45.69712652296426,31.81402444007656
Karnataka,Hassan,539,574,29,62.326239927236394,21.242712172396068,14.27815738443115,1776421,433453,0.0793470616260261,0.0763562857399465,0.6613540155823492,KARNATAKA,HASSAN,HASSAN,100.0,40.05555555555556,48.49342434614272,40.651337149107945
Karnataka,Haveri,540,564,29,61.86580008734297,22.617715320079014,38.27869710325259,1597668,330414,0.2061094936986656,0.1873998849786723,0.5726946707048851,KARNATAKA,HAVERI,HAVERI,100.0,36.0,44.496311749441794,36.487551149515085
Karnataka,Kalaburagi,538,579,29,47.36855423697048,27.82347215435607,33.74846162866588,2566326,471601,0.1422249063868144,0.1329780326375842,0.500263860137969,KARNATAKA,KALABURAGI,KALABURAGI,100.0,29.36111111111111,52.635921172107544,29.88359610995935
Karnataka,Kodagu,541,576,29,70.58493592606222,23.739132473368812,4.848639436064509,554519,142716,0.0759178933385277,0.073174151521841,0.1152927218078393,KARNATAKA,KODAGU,KODAGU,100.0,36.47222222222222,47.91188109887044,36.93796028731133
Karnataka,Kolar,542,581,29,59.48763494977006,35.455717615388174,24.298910347422986,1536401,333348,0.0965153196547863,0.0921372601916003,0.9967091399114354,KARNATAKA,KOLAR,KOLAR,100.0,39.416666666666664,50.077916797778265,39.95997476638654
Karnataka,Koppal,543,560,29,49.31926944292269,30.424700702198688,35.55125184760938,1389920,264595,0.2362531617263342,0.2120851614652327,0.5064047619796829,KARNATAKA,KOPPAL,KOPPAL,99.97555555555556,35.833333333333336,50.41469149744253,36.32500969356876
Karnataka,Mandya,544,573,29,56.73254992872084,15.932048894404543,20.575296439646888,1805769,428625,0.1265477452603929,0.1191578637118315,0.7336221077929801,KARNATAKA,MANDYA,MANDYA,100.0,30.666666666666668,50.36184878336777,31.16758932113635
Karnataka,Mysuru,545,577,29,60.31538871064439,29.02876152858576,19.236896871661607,3001127,700968,0.1171634466369731,0.1107928358255211,0.8309867262566282,KARNATAKA,MYSURU,MYSURU,100.0,33.888888888888886,48.06722315229619,34.45932737564348
Karnataka,Raichur,546,559,29,41.74588639854153,39.817462769829305,37.125835933249306,1928812,363853,0.1943794983381518,0.1776268022748229,0.4992913748855522,KARNATAKA,RAICHUR,RAICHUR,99.98694444444445,41.52777777777778,51.45298258264892,42.01699814145624
Karnataka,Shivamogga,547,568,29,67.18296246706986,21.313328232785793,27.5402924988013,1752753,406816,0.1110893440857815,0.1053409251431367,0.335310353150624,KARNATAKA,SHIVAMOGGA,SHIVAMOGGA,100.0,28.194444444444443,50.512629182751965,28.69337245953198
Karnataka,Tumakuru,548,571,29,60.77804192456109,26.743760685036843,20.40167613876085,2678980,640081,0.107557823099214,0.1021574320475652,0.6502309317601097,KARNATAKA,TUMAKURU,TUMAKURU,99.98194444444444,37.333333333333336,48.65777888792568,37.84966402983158
Karnataka,Udupi,549,569,29,74.88662776522601,10.899460743136558,9.879289405066102,1177361,253078,0.149595332483384,0.1394099956521185,0.2966708652854486,KARNATAKA,UDUPI,UDUPI,99.9986111111111,32.80555555555556,62.009020596281985,33.29701865402121
Karnataka,Uttara Kannada,550,563,29,70.30494589352003,10.48380531447589,16.4821073079887,1437169,324530,0.1491709148161771,0.1390407387322138,0.1960771735904302,KARNATAKA,UTTARA KANNADA,UTTARA KANNADA,99.99083333333334,27.194444444444443,49.40698732037539,27.669834089340625
Karnataka,Vijayapura,530,557,29,48.55084220427662,22.14119029215126,34.3108581562803,2177331,408806,0.1821829178615511,0.1673626598548722,0.4154086021811176,KARNATAKA,VIJAYAPURA,VIJAYPURA,100.0,36.361111111111114,43.4144401094163,36.89299635438742
Karnataka,Yadgir,635,580,29,34.80688150535499,35.780837643099424,37.21197234477096,1174271,202063,0.2503355628246565,0.2234119655476113,0.417748995445226,KARNATAKA,YADGIR,YADGIR,99.96527777777776,31.5,50.317480425965705,32.06461646852452
Kerala,Alappuzha,554,598,32,86.32733053603518,9.765300976741583,6.621707045928231,2127789,535958,,,0.8466718527119635,KERALA,ALAPPUZHA,ALAPPUZHA,100.0,30.22222222222222,93.81762619654792,30.722514113817017
Kerala,Ernakulam,555,595,32,85.99508909805024,8.681788990210785,4.656072991215277,3282388,814011,,,1.142927703267153,KERALA,ERNAKULAM,ERNAKULAM,100.0,32.833333333333336,90.78929953651284,33.43585474470422
Kerala,Idukki,556,596,32,81.11409183589072,18.152003563654333,27.020509824568993,1108974,279812,,,0.1589484767128279,KERALA,IDUKKI,IDUKKI,100.0,32.94444444444444,72.60132795302685,33.407037164340586
Kerala,Kannur,557,589,32,83.89341638111537,4.94335520013254,8.531724595906995,2523003,554298,,,0.3547303294872977,KERALA,KANNUR,KANNUR,100.0,33.25,93.87608652474556,33.66349344407451
Kerala,Kasaragod,558,588,32,76.75974789395988,7.812601587149823,7.438154011269117,1307375,273410,,,0.3481530012614757,KERALA,KASARAGOD,KASARGOD,97.22222222222224,32.72222222222222,87.25565341546877,33.14454551424267
Kerala,Kollam,559,600,32,83.97595229640876,12.864355167670634,8.146135691263758,2635375,669375,,,0.7088415232584719,KERALA,KOLLAM,KOLLAM,100.0,30.11111111111111,87.8069538096326,30.614687605091085
Kerala,Kottayam,560,597,32,88.26786661923039,8.907392110915342,7.407621829682426,1974551,487296,,,0.4792627421889267,KERALA,KOTTAYAM,KOTTAYAM,99.99972222222222,36.916666666666664,92.5838648337082,37.40818065439363
Kerala,Kozhikode,561,591,32,83.48055623824172,6.947460918324993,4.979534253441123,3086293,697710,,,0.4181728156328015,KERALA,KOZHIKODE,KOZHIKODE,99.99972222222222,33.638888888888886,91.0670175389275,34.15208692790757
Kerala,Malappuram,562,592,32,79.62080134089507,8.054034603152992,9.60522130821422,4112920,793999,,,0.4388951878804191,KERALA,MALAPPURAM,MALAPPURAM,100.0,33.138888888888886,89.00153830550796,33.66611730530017
Kerala,Palakkad,563,593,32,77.00281842399907,16.11443542802073,22.316970098453524,2809934,637220,,,0.4541701837588893,KERALA,PALAKKAD,PALAKKAD,100.0,29.47222222222222,89.55107132795848,29.978013390629744
Kerala,Pathanamthitta,564,599,32,88.62286375877778,14.412165570413526,12.00857950534855,1197412,322684,,,0.3159717702244414,KERALA,PATHANAMTHITTA,PATHANAMTHITTA,99.99972222222222,35.111111111111114,91.05561317956304,35.61616452256092
Kerala,Thiruvananthapuram,565,601,32,83.18370878540996,12.10797633871656,6.055149237692693,3301427,837877,,,1.0924081362399136,KERALA,THIRUVANANTHAPURAM,THIRUVANANTHAPURAM,100.0,30.944444444444443,88.11614387289153,31.382369461880053
Kerala,Thrissur,566,594,32,85.11677071414508,10.693963860053826,5.8674177466310065,3121200,759210,,,0.7125186486354907,KERALA,THRISSUR,THRISSUR,99.99916666666668,34.361111111111114,92.2838233017274,34.92263071872568
Kerala,Wayanad,567,590,32,76.35831392999404,22.512417117271415,26.24191007610697,817420,190894,,,0.1279992263999651,KERALA,WAYANAD,WAYANAD,100.0,37.083333333333336,85.81504024956061,37.63542763506927
Ladakh,Kargil,6,4,1,47.50305473126299,86.89791338191219,1.8105801458138973,140802,18338,0.2900344175158637,0.2546688982625249,0.0218108096305237,LADAKH,KARGIL,KARGIL,88.88888888888889,35.44444444444444,61.289027209218226,35.97848120444822
Ladakh,Leh Ladakh,9,3,1,56.746643187321155,72.17556765827385,1.038074398249453,133487,21909,0.1116396841744278,0.1058361182979435,0.010296070362747,LADAKH,LEH LADAKH,LEH (LADAKH),72.22222222222223,38.583333333333336,53.89685014079157,39.09112059998799
Lakshadweep,Lakshadweep District,553,587,31,78.24561403508771,94.79937338110528,0.0,64473,11574,,,0.4080180549480895,LAKSHADWEEP,LAKSHADWEEP DISTRICT,LAKSHADWEEP DISTRICT,94.44444444444444,24.944444444444443,5.880348143650598,25.44965070344122
Madhya Pradesh,Alirajpur,639,465,23,24.24540942047771,92.66336442162472,9.88005086235846,728999,123800,0.4573135384519188,0.3765946986069426,0.324644149757184,MADHYA PRADESH,ALIRAJPUR,ALIRAJPUR,99.99305555555556,41.77777777777778,41.158271310702105,42.34182221961878
Madhya Pradesh,Anuppur,390,461,23,49.301178256957826,57.782517414382895,25.788407329105,749237,170715,0.3039488677744967,0.2653972509062837,0.4885605910560239,MADHYA PRADESH,ANUPPUR,ANUPPUR,100.0,40.94444444444444,47.08688606345922,41.37001408034666
Madhya Pradesh,Ashoknagar,391,459,23,44.56377076718324,30.510572484442132,30.10178707602533,845071,172680,0.2935260813139524,0.2573718858066932,0.4889185770233196,MADHYA PRADESH,ASHOKNAGAR,ASHOK NAGAR,99.96666666666668,51.666666666666664,35.490851628056504,52.17099487247043
Madhya Pradesh,Balaghat,392,457,23,60.63326042442293,29.879097231118568,37.63614360629286,1701698,391836,0.3289868909217637,0.2844169158162175,0.192723999346337,MADHYA PRADESH,BALAGHAT,BALAGHAT,99.99944444444444,38.138888888888886,53.00616946415184,38.56402759431803
Madhya Pradesh,Barwani,393,441,23,34.416589832216864,75.7738940067726,35.248796575065,1385881,243277,0.4107623646238685,0.344130242403482,0.3032493752245543,MADHYA PRADESH,BARWANI,BARWANI,99.94194444444445,40.166666666666664,43.117462798446894,40.6518647488906
Madhya Pradesh,Betul,394,447,23,52.82467022107235,52.452325243340894,33.46554870356571,1575362,329832,0.3134092546107226,0.2726262410501406,0.2247402785553003,MADHYA PRADESH,BETUL,BETUL,100.0,34.666666666666664,45.752014327648574,35.280664126047434
Madhya Pradesh,Bhind,395,420,23,53.90678750054757,22.368108138261487,23.984449587904603,1703005,299233,0.186195670954083,0.1707512709082281,0.7467092873812202,MADHYA PRADESH,BHIND,BHIND,100.0,46.80555555555556,33.0528521100656,47.36224136037334
Madhya Pradesh,Bhopal,396,444,23,65.23533148711243,18.00649582613016,7.782889257771558,2371061,501805,0.2280510197046945,0.205428375852692,1.4000898277286082,MADHYA PRADESH,BHOPAL,BHOPAL,100.0,45.611111111111114,32.047270386899555,46.18187983497827
Madhya Pradesh,Burhanpur,397,467,23,47.545506480426056,38.8401616685162,42.70971262277192,757847,146341,0.3814201958727851,0.3231120974245496,0.2301322942360302,MADHYA PRADESH,BURHANPUR,BURHANPUR,99.87972222222224,39.361111111111114,43.54485130954264,39.807743585155144
Madhya Pradesh,Chhatarpur,398,425,23,44.90423041824911,27.174125824526563,23.603713560417575,1762375,356297,0.2989665625869656,0.2615689964695278,0.5353424708376627,MADHYA PRADESH,CHHATARPUR,CHHATARPUR,99.95944444444444,45.138888888888886,33.89564213965084,45.58260467137618
Madhya Pradesh,Chhindwara,399,455,23,54.839671334516694,47.92249543502818,34.655150665212325,2090922,443361,0.310959405313441,0.2707592396289521,0.2385513463039473,MADHYA PRADESH,CHHINDWARA,CHHINDWARA,99.99833333333332,41.861111111111114,47.13586446426007,42.400010811290414
Madhya Pradesh,Damoh,400,428,23,50.133644118164646,32.639281643449436,36.73296700197183,1264219,297608,0.3147167226540825,0.2736212223885811,0.4402850118779271,MADHYA PRADESH,DAMOH,DAMOH,99.85944444444443,44.333333333333336,34.9780416962539,44.815029248931495
Madhya Pradesh,Datia,401,422,23,51.18154267492642,27.369546262236987,23.134017449409253,786754,160215,0.2016395766510626,0.1836869381123839,0.7175933143524288,MADHYA PRADESH,DATIA,DATIA,100.0,46.97222222222222,28.17683243290619,47.48637036840498
Madhya Pradesh,Dewas,402,437,23,49.40331453829072,36.113230352078226,33.52001604462222,1563715,308871,0.2576951536068979,0.2292808026858733,0.5426397338926153,MADHYA PRADESH,DEWAS,DEWAS,99.99611111111112,48.361111111111114,30.393236426007523,48.868458810858755
Madhya Pradesh,Dhar,403,438,23,40.89759456064294,62.59741887726789,34.02497257410101,2185793,425914,0.2934253001732585,0.2572939708203767,0.5478732085523367,MADHYA PRADESH,DHAR,DHAR,99.72777777777776,45.72222222222222,43.57440318336952,46.20846752076251
Madhya Pradesh,Dindori,404,453,23,44.22862587951028,70.3412516819867,38.14789495356545,704524,169630,0.374649029973877,0.3181984476083825,0.2506703975452539,MADHYA PRADESH,DINDORI,DINDORI,99.99527777777776,49.80555555555556,45.825871450938216,50.21837563998732
Madhya Pradesh,Guna,406,458,23,42.79996690066992,30.924536797262064,22.31848243141225,1241519,244401,0.3071075459135364,0.2678167158120124,0.54621492586361,MADHYA PRADESH,GUNA,GUNA,100.0,50.52777777777778,35.36088593210313,51.07594320351777
Madhya Pradesh,Gwalior,407,421,23,58.839407927502016,22.89334440925259,11.387973456938974,2032036,383845,0.1634945861461406,0.151428050673441,0.954858917837754,MADHYA PRADESH,GWALIOR,GWALIOR,99.91222222222224,51.30555555555556,29.263049865369105,51.8274377748751
Madhya Pradesh,Harda,408,448,23,53.96532270060626,44.26967473902869,34.28786000818166,570465,113379,0.2771462048385124,0.2446280613648828,0.3934623224301449,MADHYA PRADESH,HARDA,HARDA,99.98888888888888,38.361111111111114,41.516547133901256,38.91316150057508
Madhya Pradesh,Indore,410,439,23,64.64513306321216,23.283141529412088,11.76037655715405,3276697,649540,0.1659389724615312,0.1535267473317383,1.3823320225629774,MADHYA PRADESH,INDORE,INDORE,99.87222222222222,47.861111111111114,32.23726818425839,48.37343969575248
Madhya Pradesh,Jabalpur,411,451,23,65.44298493015663,29.36155684533971,19.46238480586118,2463289,539060,0.2878613376770309,0.2529829648036716,0.9790765638100336,MADHYA PRADESH,JABALPUR,JABALPUR,100.0,34.52777777777778,39.87892580466174,35.10955691584744
Madhya Pradesh,Jhabua,412,464,23,26.959266702612616,88.70267538690871,13.077074581603224,1025048,194157,0.3746373699530247,0.3181899653921589,0.520395534628534,MADHYA PRADESH,JHABUA,JHABUA,99.9925,41.861111111111114,45.86885501084073,42.49935853457162
Madhya Pradesh,Katni,413,450,23,52.408698647205135,36.64091414984962,26.54265144997217,1292042,289551,0.3238560085213972,0.2805486967073697,0.5706346731879381,MADHYA PRADESH,KATNI,KATNI,100.0,39.72222222222222,48.372498431359695,40.235282235476205
Madhya Pradesh,Khandwa (East Nimar),405,466,23,47.08839573908502,46.999567195726,44.92285633630048,1310061,266655,0.3237984037429638,0.2805051828876087,0.3143737992988606,MADHYA PRADESH,KHANDWA (EAST NIMAR),KHANDWA,99.9986111111111,37.72222222222222,41.582357469064874,38.28237223319503
Madhya Pradesh,Khargone (West Nimar),414,440,23,44.6564665597739,50.146125615708314,44.01487971350605,1873046,367988,0.3597543647668195,0.3073040692932178,0.3573745857697061,MADHYA PRADESH,KHARGONE (WEST NIMAR),KHARGONE,100.0,42.19444444444444,37.94251089971719,42.648557345106006
Madhya Pradesh,Mandla,415,454,23,48.51076122522577,62.46562486669416,42.69695748849024,1054905,250146,0.3299892560888336,0.2851708640723376,0.2394578366723471,MADHYA PRADESH,MANDLA,MANDLA,100.0,41.52777777777778,48.449476584197186,42.06237291787355
Madhya Pradesh,Mandsaur,416,433,23,50.443001399111864,21.04697738231035,31.718143182336384,1340411,286808,0.1997185448211718,0.1820869833013871,0.5122222041645665,MADHYA PRADESH,MANDSAUR,MANDSAUR,99.97611111111112,49.666666666666664,34.377087912125624,50.25373131832768
Madhya Pradesh,Morena,417,419,23,48.13453913027978,22.307003667400824,16.274065685164214,1965970,362646,0.1959768257762595,0.1789632788994598,0.6633571125241294,MADHYA PRADESH,MORENA,MORENA,99.995,52.52777777777778,33.85712770909459,52.939674915016525
Madhya Pradesh,Narmadapuram,409,449,23,57.61569289179498,32.40882909735369,28.91209131531213,1241350,257199,0.2513219821004953,0.2242005781448565,0.47787449834865,MADHYA PRADESH,NARMADAPURAM,NARMADAPURAM,99.99805555555557,36.166666666666664,32.93327404531341,36.68201194969946
Madhya Pradesh,Narsimhapur,418,452,23,58.3687032066136,30.226935103044912,46.18749703380485,1091854,250286,0.3335214992823027,0.2878231869563878,0.5546286367487914,MADHYA PRADESH,NARSIMHAPUR,NARSINGHPUR,100.0,40.166666666666664,32.03591563161015,40.70697057429757
Madhya Pradesh,Neemuch,419,432,23,49.811112157733746,22.105107697075415,26.875871687587168,826067,179746,0.1915304496209232,0.1752385729337887,0.4403085523932525,MADHYA PRADESH,NEEMUCH,NEEMUCH,99.86833333333334,42.72222222222222,30.71677655278857,43.17079054510439
Madhya Pradesh,Panna,420,426,23,45.63162471016893,37.27118010467084,36.1348790635969,1016520,228709,0.3141532197464309,0.2731925188554064,0.3355411415334152,MADHYA PRADESH,PANNA,PANNA,100.0,40.72222222222222,38.237359105273526,41.2258325314982
Madhya Pradesh,Raisen,421,446,23,54.04086249423752,32.35941504824658,33.99596479050132,1331597,278895,0.3084236799793129,0.2688231149433501,0.5723119706312222,MADHYA PRADESH,RAISEN,RAISEN,99.99583333333334,40.44444444444444,31.646507105931455,40.97264156078816
Madhya Pradesh,Rajgarh,422,442,23,41.74790431999915,22.607441775013033,29.579056029064827,1545814,345297,0.2988869151603408,0.2615076785951119,0.5536465939707012,MADHYA PRADESH,RAJGARH,RAJGARH,99.92944444444444,44.861111111111114,38.99134014550492,45.30831381107227
Madhya Pradesh,Ratlam,423,434,23,47.54139068228362,41.81774197649734,31.462901606532256,1455069,296683,0.2642874549434678,0.2345086867550205,0.6161196449350622,MADHYA PRADESH,RATLAM,RATLAM,99.99472222222222,42.27777777777778,37.397802214659315,42.77404031440423
Madhya Pradesh,Rewa,424,430,23,52.29665457901099,29.406419839110804,38.33853496464107,2365106,526065,0.2678468933819344,0.2373201021803676,0.7501331102309653,MADHYA PRADESH,REWA,REWA,100.0,37.361111111111114,34.968553523386724,37.81361375959317
Madhya Pradesh,Sagar,425,427,23,56.773430071796405,30.42164292999918,31.97102271487486,2378458,517850,0.3096215000415224,0.2697381641983666,0.572623852250894,MADHYA PRADESH,SAGAR,SAGAR,100.0,38.80555555555556,29.007256139232553,39.31544243578003
Madhya Pradesh,Satna,426,429,23,53.26756514597177,32.237099780837035,31.20030693376435,2228935,478741,0.2956445140600386,0.259008265597649,0.7235240330051836,MADHYA PRADESH,SATNA,SATNA,100.0,41.916666666666664,37.26603375055802,42.420203080936794
Madhya Pradesh,Sehore,427,445,23,49.57926286152243,31.783941824038457,27.819696358995028,1311332,257311,0.2730618963325982,0.2414249408069053,0.5195880855709172,MADHYA PRADESH,SEHORE,SEHORE,99.91416666666666,43.19444444444444,33.52214106079014,43.70464702912506
Madhya Pradesh,Seoni,428,456,23,55.4485021631843,47.17847688145651,41.451801546877945,1379131,314767,0.3040981169218085,0.2655117037120425,0.2949318530634958,MADHYA PRADESH,SEONI,SEONI,99.98833333333332,39.44444444444444,49.86215743250528,39.92344486006825
Madhya Pradesh,Shahdol,429,460,23,48.55752962691192,53.06825206390241,34.49136459713219,1066063,251452,0.3263523801401697,0.2824326031713114,0.3818213228147782,MADHYA PRADESH,SHAHDOL,SHAHDOL,99.84333333333332,33.97222222222222,46.99620252740513,34.41088909980036
Madhya Pradesh,Shajapur,430,436,23,47.95434337529587,25.89772728023953,32.75947118209707,1512681,300025,0.2551694098037874,0.2272705513651657,0.4823686636619539,MADHYA PRADESH,SHAJAPUR,SHAJAPUR,99.98972222222224,44.80555555555556,30.924251492329457,45.238993022729744
Madhya Pradesh,Sheopur,431,418,23,36.74714867960635,39.22871045167556,29.33293915561015,687861,146043,0.2904446893293541,0.2549868793815032,0.2803444532788208,MADHYA PRADESH,SHEOPUR,SHEOPUR,99.99666666666668,48.388888888888886,35.92797122663082,48.75434026626856
Madhya Pradesh,Shivpuri,432,423,23,40.63280227719518,31.82509197300194,22.791718522544542,1726050,359969,0.2070796696026215,0.1882039462358497,0.4452825546498536,MADHYA PRADESH,SHIVPURI,SHIVPURI,99.9786111111111,46.97222222222222,33.91504606423633,47.46777751964432
Madhya Pradesh,Sidhi,433,462,23,44.95473770732743,39.351642764675034,46.81902991847017,1127033,238448,0.346838919299322,0.2977603054958987,0.5129911246198701,MADHYA PRADESH,SIDHI,SIDHI,100.0,40.888888888888886,41.470239393758646,41.26693149851795
Madhya Pradesh,Singrauli,638,463,23,39.87188206207185,45.37641106942109,36.49154833765317,1178273,243925,0.3404441180018907,0.2930009903962789,0.7391482040943199,MADHYA PRADESH,SINGRAULI,SINGRAULI,100.0,37.47222222222222,39.16899403098763,37.92937781953737
Madhya Pradesh,Tikamgarh,434,424,23,42.14111630800323,29.717070564903963,26.828319502074688,1445166,296116,0.2894601247885089,0.2542236228588169,0.6680084843554374,MADHYA PRADESH,TIKAMGARH,TIKAMGARH,99.99833333333332,48.416666666666664,33.43274436951816,48.90866369058656
Madhya Pradesh,Ujjain,435,435,23,52.56399556963656,28.819234733731147,24.97599378403935,1986864,391438,0.1996583288486597,0.1820367902923726,0.7461608146488481,MADHYA PRADESH,UJJAIN,UJJAIN,99.99888888888889,47.111111111111114,32.713147131533695,47.544667277759864
Madhya Pradesh,Umaria,436,431,23,46.40955922619427,55.65405935250125,29.97474747474748,644758,145024,0.3609368216723881,0.3081733020719427,0.2775736025659313,MADHYA PRADESH,UMARIA,UMARIA,99.99888888888889,36.5,46.28531205773288,36.99576808004799
Madhya Pradesh,Vidisha,437,443,23,50.85890611875406,24.65920658041299,30.027713242197628,1458875,299676,0.2937443748581578,0.2575406300863664,0.6048130324149182,MADHYA PRADESH,VIDISHA,VIDISHA,100.0,42.77777777777778,27.52626197345886,43.35448706404001
Maharashtra,Ahilyanagar,466,522,27,62.6511702314285,20.952997682889812,24.608191894403163,4543159,930024,0.1629393158825166,0.1509506932263337,0.697275359631028,MAHARASHTRA,AHILYANAGAR,AHMEDNAGAR,99.99944444444444,25.27777777777778,48.05586442622302,25.810164186282833
Maharashtra,Akola,467,501,27,73.99327564850063,25.59884580568122,49.28663941246699,1813906,395690,0.2667394577943981,0.236446243092872,0.6097483430099775,MAHARASHTRA,AKOLA,AKOLA,99.995,21.36111111111111,36.10634028614676,21.87048339493432
Maharashtra,Amravati,468,503,27,74.21951200452945,31.52222043348584,52.07697467085679,2888445,647451,0.2813453125217375,0.2479105513986313,0.5044970418855039,MAHARASHTRA,AMRAVATI,AMRAVATI,100.0,52.833333333333336,36.470005605400935,53.356377165137765
Maharashtra,Beed,470,523,27,59.17117536973792,14.853722308551983,28.39072735271601,2585049,535835,0.2060014488224654,0.1873102996496,0.5302427414083025,MAHARASHTRA,BEED,BEED,99.98388888888888,42.80555555555556,42.53702396519563,43.34436237510654
Maharashtra,Bhandara,471,506,27,69.12261648179094,24.09812602159066,44.08319197367086,1200334,278076,0.2162253434246896,0.1957520816915696,0.4092623978258183,MAHARASHTRA,BHANDARA,BHANDARA,100.0,22.833333333333332,55.54596423652396,23.373797254639772
Maharashtra,Buldhana,472,500,27,66.54787626792067,23.034515504640297,48.573327241766,2586258,561504,0.2770175803318565,0.2445273438560751,0.4599715017288016,MAHARASHTRA,BULDHANA,BULDHANA,99.9225,24.416666666666668,32.92261451706161,24.9314121857747
Maharashtra,Chandrapur,473,509,27,65.34638070548732,33.47110906058004,37.673367452603266,2204307,536686,0.2219568030071944,0.2004535107033169,0.4428359457922256,MAHARASHTRA,CHANDRAPUR,CHANDRAPUR,100.0,26.13888888888889,47.466967395837415,26.548154843498953
Maharashtra,Chhatrapati Sambhajinagar,469,515,27,60.383450593844145,18.445879022457625,24.31012362474043,3701282,751915,0.1732772930121175,0.1598009381638728,0.646203471088614,MAHARASHTRA,CHHATRAPATI SAMBHAJINAGAR,CHATRAPATI SAMBHAJI NAGAR,99.98166666666668,31.305555555555557,41.25657428326524,31.791020883562737
Maharashtra,Dharashiv,488,525,27,61.99504799375911,18.172500084460683,37.77878141143819,1657576,351281,0.2378276106545676,0.2133579163068269,0.4415637004935309,MAHARASHTRA,DHARASHIV,DHARASHIV,99.86277777777778,35.97222222222222,41.562904963733686,36.46721155817998
Maharashtra,Dhule,474,498,27,57.23417510089474,37.78342960179671,44.29580747691842,2050862,408874,0.3075370139124561,0.2681452254759115,0.4203867843469723,MAHARASHTRA,DHULE,DHULE,99.98694444444445,25.27777777777778,38.73455698064735,25.83736988946621
Maharashtra,Gadchiroli,475,508,27,58.925272848344854,49.960855293203174,33.116985588694945,1072942,250435,0.2744944254657204,0.2425495709254643,0.1412716126768862,MAHARASHTRA,GADCHIROLI,GADCHIROLI,100.0,23.63888888888889,48.04626121649262,24.129811224889902
Maharashtra,Gondia,476,507,27,69.80919974642676,29.505628325596767,33.958272844166075,1322507,292369,0.2598146175911464,0.2309645812429533,0.3315098097332477,MAHARASHTRA,GONDIA,GONDIA,100.0,26.083333333333332,54.485304939103614,26.6749850305386
Maharashtra,Hingoli,477,512,27,59.57296283519335,25.015522213115105,38.5896561042516,1177345,228868,0.2988791142835082,0.2615016727602952,0.5207035303248024,MAHARASHTRA,HINGOLI,HINGOLI,99.94333333333331,33.861111111111114,40.67636753632218,34.409381885587386
Maharashtra,Jalgaon,478,499,27,62.121854693016466,23.490768258573393,49.202806646167325,4229917,903643,0.2686993186152376,0.2379922170910764,0.4827102168016797,MAHARASHTRA,JALGAON,JALGAON,99.99694444444444,25.27777777777778,36.01597027526513,25.78095838388872
Maharashtra,Jalna,479,514,27,52.354277717917256,16.055212588167915,30.990583688181772,1959046,391701,0.2104337035050524,0.1909787280358171,0.4849071259838722,MAHARASHTRA,JALNA,JALNA,99.44777777777776,28.055555555555557,44.92608666798213,28.546110235769472
Maharashtra,Kolhapur,480,530,27,66.79978241405381,13.794294686714478,13.77403529053808,3876001,840240,0.1282016970649682,0.1206249465461211,0.4666734562587936,MAHARASHTRA,KOLHAPUR,KOLHAPUR,99.99333333333334,18.194444444444443,42.95285590205393,18.77709955769798
Maharashtra,Latur,481,524,27,60.81337379429934,21.937978873732984,39.820385676074,2454196,481572,0.2222986044357937,0.2007331880478255,0.5286468268132413,MAHARASHTRA,LATUR,LATUR,99.9922222222222,36.111111111111114,43.436175874648775,36.545602743025334
Maharashtra,Mumbai,482,519,27,78.40802739571518,7.941470358406059,0.4205620614321602,3085411,674339,0.0637714266777038,0.0618205432903233,3.647099229793967,MAHARASHTRA,MUMBAI,MUMBAI,,,,
Maharashtra,Mumbai Suburban,483,518,27,77.50198294402284,7.351339035041501,0.5011772161043391,9356962,2105604,0.0637714266777038,0.0618205432903233,3.175026794128927,MAHARASHTRA,MUMBAI SUBURBAN,MUMBAI SUBURBAN,,,,
Maharashtra,Nagpur,484,505,27,75.57929026556084,28.049089193887703,20.446972343117928,4653570,1041544,0.1804468650502317,0.1658930659842432,0.8203014086275534,MAHARASHTRA,NAGPUR,NAGPUR,99.99888888888889,33.833333333333336,36.11117540537794,34.27833031143225
Maharashtra,Nanded,485,511,27,57.27030799703534,27.43522431255601,40.94640197117753,3361292,665434,0.2448986332549392,0.2190541075296204,0.568864159344929,MAHARASHTRA,NANDED,NANDED,99.9247222222222,33.27777777777778,45.71703924346629,33.72665199027414
Maharashtra,Nandurbar,486,497,27,48.386443796963654,72.19083962518845,52.790378700166976,1648295,323521,0.4362535204531339,0.3620380013201282,0.4204122255781456,MAHARASHTRA,NANDURBAR,NANDURBAR,99.99166666666666,21.583333333333332,40.93736064484714,22.089355596525213
Maharashtra,Nashik,487,516,27,66.02804541422189,34.6977421847407,25.526996781242183,6107187,1222887,0.2608859448777229,0.2318146047380356,0.7291438613853483,MAHARASHTRA,NASHIK,NASHIK,99.90833333333332,24.86111111111111,36.8561915190982,25.34068769271572
Maharashtra,Parbhani,489,513,27,55.028458961774085,15.675845249078746,38.13214139819703,1836086,361130,0.256613864401123,0.2284206941911014,0.5402109691964381,MAHARASHTRA,PARBHANI,PARBHANI,99.98194444444444,31.555555555555557,37.38000829892056,32.06999271320919
Maharashtra,Pune,490,521,27,71.72687386397763,16.22136829798859,9.757089758241383,9429408,2151503,0.0791216101275116,0.0761473862527456,1.1874275518042896,MAHARASHTRA,PUNE,PUNE,99.99555555555555,29.22222222222222,46.23515706217843,29.686185732433444
Maharashtra,Raigad,491,520,27,68.24813641843464,16.706286538607547,13.419497569353478,2634200,611790,0.1477186465946374,0.1377761864964732,0.9786686487112466,MAHARASHTRA,RAIGAD,RAIGAD,100.0,23.833333333333332,43.439182174795626,24.370721395609586
Maharashtra,Ratnagiri,492,528,27,67.96432569664663,5.40670398602165,17.504635360639167,1615069,397115,0.1896283876225213,0.1736409790452956,0.1612678308664799,MAHARASHTRA,RATNAGIRI,RATNAGIRI,100.0,21.444444444444443,45.37923940278202,21.89440883636714
Maharashtra,Sangli,493,531,27,66.92923835936571,13.16113322393656,22.86864108775494,2822143,598386,0.1342974139312513,0.1260134406994985,0.5195124892774252,MAHARASHTRA,SANGLI,SANGLI,99.98388888888888,28.52777777777778,40.33660172533641,29.121957551437134
Maharashtra,Satara,494,527,27,68.6355875380719,11.747717263239409,20.57459977862339,3003741,653735,0.1342198348947199,0.1259450444493913,0.4777651805958788,MAHARASHTRA,SATARA,SATARA,99.97444444444444,24.75,45.11648066016873,25.307764550160982
Maharashtra,Sindhudurg,495,529,27,73.50544389675217,7.3632585614564094,16.13106851830598,849651,209839,0.1427270581785935,0.1334175620523382,0.1273688920025918,MAHARASHTRA,SINDHUDURG,SINDHUDURG,99.9986111111111,19.72222222222222,40.3328065697192,20.256962549112956
Maharashtra,Solapur,496,526,27,60.26161967248257,16.845254803652637,28.81965771973854,4317756,873167,0.1910880847510533,0.1748672462874362,0.7199836423282828,MAHARASHTRA,SOLAPUR,SOLAPUR,99.98666666666666,24.5,38.07110353972613,24.97398859347318
Maharashtra,Thane,497,517,27,69.98490876927549,20.54710298632532,6.951208125355711,11060148,2529165,0.2331957196294726,0.2096089460778992,1.1532043926551905,MAHARASHTRA,THANE,THANE,100.0,26.61111111111111,42.13314090653284,27.165275684354228
Maharashtra,Wardha,498,504,27,73.82180904474936,26.01043686297543,44.1085451349356,1300774,309846,0.1696844987809277,0.1567340532834952,0.5293984091315134,MAHARASHTRA,WARDHA,WARDHA,100.0,39.666666666666664,30.582419436946907,40.21845104279013
Maharashtra,Washim,499,502,27,66.2579005578496,25.8890206822814,52.721504510149074,1197160,259464,0.2834121261286716,0.249522254730246,0.420193663886643,MAHARASHTRA,WASHIM,WASHIM,99.9011111111111,26.555555555555557,39.46360382340406,27.067351975333573
Maharashtra,Yavatmal,500,510,27,67.03677878234198,30.39210806146992,52.978411848380894,2772348,646886,0.256406457615525,0.2282556284459088,0.4626915691997503,MAHARASHTRA,YAVATMAL,YAVATMAL,99.91638888888887,31.72222222222222,41.44835380309009,32.281807749156165
Manipur,Bishnupur,252,275,14,58.1872750111704,10.69928685462028,6.208863823717991,237399,46580,0.2122240443979745,0.1924567256773618,0.5485162746188971,MANIPUR,BISHNUPUR,BISHNUPUR,63.888888888888886,26.27777777777778,42.65514456007621,26.645916521659817
Manipur,Chandel,253,280,14,56.38981078401793,89.34541066152502,5.17552508697189,144182,28801,0.2794576673752219,0.2464362907833281,0.0945618588582768,MANIPUR,CHANDEL,CHANDEL,86.11111111111111,29.194444444444443,39.281293488586414,29.621217504275744
Manipur,Churachandpur,254,274,14,67.92784670750723,93.10104580456183,4.327292573987235,274143,49089,0.4585069520996841,0.3774132769235925,0.0739645506261938,MANIPUR,CHURACHANDPUR,CHURACHANDPUR,91.66666666666669,27.805555555555557,37.40931017689343,28.158203354144145
Manipur,Imphal East,255,278,14,65.79891226376951,9.536233345684074,6.466083677920505,456113,92124,0.1741876573794063,0.1605765530779741,0.8064214605919295,MANIPUR,IMPHAL EAST,IMPHAL EAST,80.55555555555556,26.333333333333332,47.769552574555306,26.775528285717773
Manipur,Imphal West,256,277,14,70.9828933056462,7.855526726281487,3.038389484907445,517992,111156,0.1292860328088144,0.1215856036632234,1.0322267226187478,MANIPUR,IMPHAL WEST,IMPHAL WEST,66.66666666666667,26.88888888888889,61.299350451501155,27.345937871734304
Manipur,Senapati,257,272,14,50.23832632373557,87.699416464224,2.7131511643559025,479148,83411,0.4532487419978901,0.3738015619515304,0.2195115445987039,MANIPUR,SENAPATI,SENAPATI,77.77777777777777,26.75,38.356635357702146,27.046673124490848
Manipur,Tamenglong,258,273,14,55.0717633274751,95.73198910779162,1.8274710159166832,140651,25039,0.5755335184370319,0.4545939567823062,0.0593569346337539,MANIPUR,TAMENGLONG,TAMENGLONG,75.0,27.666666666666668,29.05540864351379,28.110179771087186
Manipur,Thoubal,259,276,14,55.217368672600706,10.043631919046446,9.106784183229909,422168,85965,0.2044570750307853,0.1860289052694722,0.6404091529025051,MANIPUR,THOUBAL,THOUBAL,97.22222222222224,32.52777777777778,63.050025789348624,33.00485910639435
Manipur,Ukhrul,260,279,14,66.8469982078853,94.48689659670214,2.276888547634517,183998,35694,0.4703773646387154,0.3855190784846888,0.0748723005004818,MANIPUR,UKHRUL,UKHRUL,83.33333333333333,24.13888888888889,37.05913013612489,24.56881079333479
Meghalaya,East Garo Hills,273,294,17,57.20321135461472,96.15371307605444,9.595406023637056,317917,58328,0.4341268277136441,0.3605561815815032,0.2881770708560154,MEGHALAYA,EAST GARO HILLS,EAST GARO HILLS,100.0,50.333333333333336,44.29791175116287,50.77147772604887
Meghalaya,East Khasi Hills,274,298,17,70.033455932828,80.73401604509868,10.520208857087605,825922,164046,0.347956188183809,0.2985895106146123,0.3540854368053751,MEGHALAYA,EAST KHASI HILLS,EAST KHASI HILLS,100.0,35.888888888888886,72.09405634669304,36.42426285852493
Meghalaya,Ri Bhoi,276,297,17,59.28476988971491,89.1172152681193,15.64346629986245,258840,46872,0.3965950013814218,0.3340371322893685,0.2336468342293644,MEGHALAYA,RI BHOI,RI BHOI,100.0,33.52777777777778,50.596638380226665,34.02248507528445
Meghalaya,South Garo Hills,277,295,17,53.58134289514776,94.53538859302768,7.242753340104696,142334,24527,0.4620826815317352,0.3798619134437628,0.0984096212811464,MEGHALAYA,SOUTH GARO HILLS,SOUTH GARO HILLS,94.44444444444444,51.833333333333336,25.498163778243672,52.30042936223202
Meghalaya,West Garo Hills,278,293,17,51.78546808217289,75.05452431325791,10.904013887487988,643291,123352,0.3601439495633323,0.3075905394139017,0.2071537844985299,MEGHALAYA,WEST GARO HILLS,WEST GARO HILLS,100.0,41.638888888888886,36.153087462504054,42.06892891882816
Meghalaya,West Jaintia Hills,275,299,17,50.37040017300429,95.51836891709944,16.814775305784828,395124,66028,0.2453276380528779,0.2193986583900187,0.2224176553022993,MEGHALAYA,WEST JAINTIA HILLS,WEST JAINTIA HILLS,100.0,33.55555555555556,72.92738480621655,34.14831636999245
Meghalaya,West Khasi Hills,279,296,17,59.74882210955699,97.8626248823218,16.68322162216305,383461,64906,0.4496047480682541,0.3712909317346118,0.090293360351412,MEGHALAYA,WEST KHASI HILLS,WEST KHASI HILLS,100.0,38.02777777777778,57.471900185445215,38.513645694255814
Mizoram,Aizawl,261,283,15,85.08199901511647,93.47004439070815,5.3999075358298665,400309,82524,0.2026529771395135,0.1845299308229561,0.1178409462214488,MIZORAM,AIZAWL,AIZAWL,100.0,57.77777777777778,57.711570897945585,58.34663038750494
Mizoram,Champhai,262,284,15,79.16031880943599,98.20112131695096,6.96277607275329,125745,25520,0.1938579460125698,0.1771900347037366,0.0381799210422552,MIZORAM,CHAMPHAI,CHAMPHAI,99.99972222222222,59.44444444444444,49.24400860592329,59.89598620601058
Mizoram,Kolasib,263,282,15,77.36432975120013,87.77678518253826,11.250294642556486,83955,17270,0.2490382397378694,0.2223738469580939,0.0753808467720913,MIZORAM,KOLASIB,KOLASIB,100.0,59.388888888888886,51.363796758897465,59.89746925237466
Mizoram,Lawngtlai,264,287,15,46.10699013875556,95.42470354725432,3.841709994222992,117894,22984,0.2314766139588027,0.2082139485149158,0.033203242710838,MIZORAM,LAWNGTLAI,LAWNGTLAI,100.0,57.22222222222222,42.72972273936793,57.6895416953645
Mizoram,Lunglei,265,286,15,72.07685549486229,95.21954060014372,10.683243835969876,161428,33058,0.211652372685992,0.1919850252898725,0.0318581213475145,MIZORAM,LUNGLEI,LUNGLEI,99.88888888888889,62.611111111111114,50.33312600563193,63.10157032238624
Mizoram,Mamit,266,281,15,65.51906779661016,95.0986522162012,5.424899820367555,86364,17731,0.2382601646968748,0.2137073013738777,0.0327261280977153,MIZORAM,MAMIT,MAMIT,100.0,60.22222222222222,60.258661797908466,60.79154947248545
Mizoram,Serchhip,268,285,15,83.76862182883501,96.89545251551505,3.371539647429452,64937,12622,0.1720071445048105,0.158717787130106,0.0450265312515711,MIZORAM,SERCHHIP,SERCHHIP,100.0,61.638888888888886,52.57377634189796,62.140286608325546
Mizoram,Siaha,267,288,15,72.80914939242315,96.73171421501044,1.3066557778685175,56574,11144,0.234324974646297,0.2105242414172912,0.0474852086136326,MIZORAM,SIAHA,SIAHA,100.0,58.05555555555556,43.98068672028399,58.55610111105778
Nagaland,Dimapur,244,265,13,70.49780340320918,59.12948673612962,3.682636198695631,378811,78605,0.1127121159040744,0.1068003828650006,0.6876652512727297,NAGALAND,DIMAPUR,DIMAPUR,27.77777777777778,22.63888888888889,31.38939497717062,23.04320585811329
Nagaland,Kiphire,614,269,13,51.2992757228949,96.5204583536025,1.7034456058846303,74004,14771,0.4728867985452698,0.3872242835736548,0.0907639680470072,NAGALAND,KIPHIRE,KIPHIRE,50.0,27.38888888888889,33.731142181164884,27.78576407301027
Nagaland,Kohima,245,270,13,70.10509835531926,83.86121766646268,0.91642523740544,267988,54391,0.1976472815010262,0.1803590335552362,0.2404882283768418,NAGALAND,KOHIMA,KOHIMA,52.77777777777778,20.694444444444443,35.95693668024194,21.093086395572485
Nagaland,Longleng,615,268,13,57.20957384705195,96.29783693843596,1.3273491214667683,50484,11985,0.2302086858610688,0.2071838182948179,0.104832674504823,NAGALAND,LONGLENG,LONGLENG,27.77777777777778,19.833333333333332,21.595699943341817,20.314526476131313
Nagaland,Mokokchung,246,262,13,81.27338821768416,91.68079662114252,6.000296128124768,194622,42690,0.1458389333012911,0.1361370615574006,0.1429654568145102,NAGALAND,MOKOKCHUNG,MOKOKCHUNG,44.44444444444444,29.63888888888889,41.73529076154717,30.026659004383095
Nagaland,Mon,247,261,13,44.042967925945305,95.21497642451853,3.759727950772045,250260,41978,0.5095850731583418,0.4118348270783927,0.0736011061909148,NAGALAND,MON,MON,25.0,23.944444444444443,38.311689907461165,24.4354792676868
Nagaland,Peren,613,271,13,60.69662674431381,88.47183860364002,3.37026398577486,95219,18475,0.3032171068075401,0.2648359049902153,0.0574312711917956,NAGALAND,PEREN,PEREN,13.88888888888889,20.916666666666668,23.617283268925817,21.34651080495644
Nagaland,Phek,248,266,13,60.20332601192344,96.16198949932075,2.05986330426585,163418,36639,0.2242921066755011,0.2023628048626236,0.0775289460202015,NAGALAND,PHEK,PHEK,52.77777777777778,24.75,34.704937660211606,25.197170167700065
Nagaland,Tuensang,249,267,13,56.89445717967949,97.1108262629962,1.285399494001469,196596,36742,0.415448719367954,0.3474465969855969,0.0858828002857119,NAGALAND,TUENSANG,TUENSANG,13.88888888888889,25.416666666666668,31.880336896006863,25.850744402577025
Nagaland,Wokha,250,264,13,74.32121997116255,94.1554498836741,3.739450812444893,166343,31891,0.3106710004318804,0.2705392201463493,0.1373415603463907,NAGALAND,WOKHA,WOKHA,55.55555555555556,16.36111111111111,33.44873967122832,16.83783106860121
Nagaland,Zunheboto,251,263,13,71.00517687661777,97.01897596567134,3.5701267668381194,140757,27835,0.2726200406386072,0.2410777994833871,0.1972349854520395,NAGALAND,ZUNHEBOTO,ZUNHEBOTO,30.555555555555557,19.86111111111111,20.691586579563072,20.27419860527812
Odisha,Angul,344,384,21,60.6745154124798,32.90532971273044,18.080473126812723,1273821,297050,0.3164493339337649,0.2749382137854365,0.6010764557909989,ODISHA,ANGUL,ANGUL,99.76444444444444,36.27777777777778,46.30840790229808,36.790549842126445
Odisha,Balangir,345,393,21,46.59763096837221,38.929179373886065,26.83062052025349,1648997,414749,0.3255763221549422,0.2818473249873925,0.477670415740449,ODISHA,BALANGIR,BOLANGIR,99.98916666666668,40.111111111111114,41.90051490606501,40.62918240613956
Odisha,Balasore,346,377,21,63.3512287374575,32.50396784526287,26.79916642936654,2320529,533001,0.2901805161831756,0.2547821436093058,0.6403671494636429,ODISHA,BALASORE,BALESHWAR,99.41388888888888,27.63888888888889,41.38336615232998,28.209822890162044
Odisha,Bargarh,347,370,21,58.26656139785328,39.150247594100954,32.133476675309346,1481255,370308,0.2992520852151498,0.2617887798427055,0.4521930402863746,ODISHA,BARGARH,BARGARH,99.98611111111111,33.30555555555556,36.68024999879218,33.766763518989755
Odisha,Bhadrak,348,378,21,66.73185207424972,24.252474711834072,22.956625632053935,1506337,306333,0.3667639550125859,0.3124458691030821,0.580981728206107,ODISHA,BHADRAK,BHADRAK,99.58527777777778,27.22222222222222,40.17972260184337,27.75130197106653
Odisha,Boudh,349,391,21,51.455563299124975,36.33540513462175,28.485984934208396,441162,106961,0.4793756555073239,0.391620144383486,0.1790029195098355,ODISHA,BOUDH,BOUDH,99.01694444444443,33.30555555555556,42.03673737792103,33.834177948977285
Odisha,Cuttack,350,381,21,71.42615212173772,22.573916561546405,19.061894480031416,2620015,578287,0.3657224794106734,0.3116835775584839,0.8559859401173161,ODISHA,CUTTACK,CUTTACK,99.84194444444444,28.944444444444443,35.64571786854378,29.374603414908545
Odisha,Deogarh,351,373,21,55.2012444098775,52.0005119672341,29.328122002685593,312520,75452,0.3791079585896,0.3214368833390194,0.1517404207312481,ODISHA,DEOGARH,DEOGARH,99.99833333333332,36.083333333333336,48.89866044500273,36.615298121990534
Odisha,Dhenkanal,352,383,21,63.048199125156415,33.21020681398814,24.106325133952073,1192811,279364,0.345991364282825,0.2971308153645288,0.5819018041176032,ODISHA,DHENKANAL,DHENKANAL,98.44277777777778,42.888888888888886,46.51466353560081,43.36220407543703
Odisha,Gajapati,353,389,21,36.91457439774866,61.072796404397934,40.39654636058954,577817,128523,0.3826277184019347,0.3239858323549272,0.1151914127518692,ODISHA,GAJAPATI,GAJAPATI,99.87333333333332,40.27777777777778,47.09381457442778,40.79883024429657
Odisha,Ganjam,354,388,21,54.14281411785144,22.87208585019514,20.540242288596986,3529031,758267,0.2301151418670733,0.2071077762771075,0.4516179822668256,ODISHA,GANJAM,GANJAM,99.72,48.52777777777778,53.89776146317477,49.0240101170479
Odisha,Jagatsinghapur,355,380,21,72.96970520795699,22.517197008542876,19.31660750594479,1136971,261307,0.2575310190969055,0.2291502899614061,1.2186182023490977,ODISHA,JAGATSINGHAPUR,JAGATSINGHAPUR,99.7525,23.77777777777778,38.21123068430171,24.27657125333471
Odisha,Jajpur,356,382,21,64.81205293633303,32.00643391608545,26.068789196298003,1827192,407851,0.4158713722868677,0.3477451523649755,1.149243980966565,ODISHA,JAJPUR,JAJPUR,99.78861111111112,28.27777777777778,35.603644679169314,28.74742273048532
Odisha,Jharsuguda,357,371,21,62.86335590403621,48.554887360764795,12.23230215785528,579505,136061,0.2818850417182126,0.2483316834311536,0.9493742885294876,ODISHA,JHARSUGUDA,JHARSUGUDA,99.94805555555556,38.05555555555556,43.68682392370451,38.55485232683441
Odisha,Kalahandi,358,395,21,40.247135867748504,46.677054339961025,38.187213508972626,1576869,401251,0.3594447025288042,0.3070763094038604,0.2769729808241757,ODISHA,KALAHANDI,KALAHANDI,99.90361111111112,34.02777777777778,42.45442788792081,34.51552910966837
Odisha,Kandhamal,359,390,21,44.453793898141576,69.3434818785721,25.60857389056441,733110,172022,0.4020783643330718,0.3379556817244376,0.0913639002603097,ODISHA,KANDHAMAL,KANDHAMAL,99.50194444444443,45.52777777777778,47.416687578848375,45.96299362463667
Odisha,Kendrapara,360,379,21,70.48607218630761,22.1655543297826,21.763455541247108,1440361,321934,0.339311008718466,0.2921553091326012,0.5240671400789207,ODISHA,KENDRAPARA,KENDRAPARA,99.735,25.333333333333332,36.07635719024508,25.799360500177254
Odisha,Keonjhar,361,375,21,49.97497894433485,57.069221688230165,19.12736131544395,1801733,405272,0.3748430895937198,0.3183396079476204,0.4855399609623972,ODISHA,KEONJHAR,KENDUJHAR,99.95638888888888,36.583333333333336,47.19993019810223,37.079164771680304
Odisha,Khordha,362,386,21,73.0654399669536,18.3207330726975,10.127958901402884,2251673,494212,0.2453650238590821,0.2194286787990227,1.1499837769860384,ODISHA,KHORDHA,KHORDHA,99.97722222222222,31.194444444444443,40.68829684321542,31.6517858960256
Odisha,Koraput,363,398,21,32.425039738142054,64.80809946312354,22.4900368259093,1379647,337677,0.3385317743560513,0.2915733224757786,0.2723721215246779,ODISHA,KORAPUT,KORAPUT,99.35833333333332,43.97222222222222,41.98521652183603,44.44335763674556
Odisha,Malkangiri,364,399,21,31.56172472606988,80.38412112356326,13.356979277216109,613192,137599,0.3805979864014217,0.3225167287908984,0.116436479700049,ODISHA,MALKANGIRI,MALKANGIRI,99.96777777777778,39.05555555555556,40.49626954937758,39.59924394970441
Odisha,Mayurbhanj,365,376,21,45.52549415326171,66.04885111071071,26.493006801728697,2519738,586253,0.3037505001197705,0.2652451109337461,0.2525631934544388,ODISHA,MAYURBHANJ,MAYURBHANJ,99.87666666666668,38.27777777777778,45.51682295700801,38.70530951516537
Odisha,Nabarangpur,366,397,21,29.765440634667133,70.31899854702829,25.90580943338767,1220946,273423,0.3819787529578125,0.3235163511012549,0.3126821626542522,ODISHA,NABARANGPUR,NABARANGAPUR,99.61666666666666,41.75,42.618721589604355,42.27177375390394
Odisha,Nayagarh,367,385,21,64.33273280843545,20.263006743949088,25.863468892419984,962789,228315,0.2628914559683201,0.2334038982407515,0.2190772970929807,ODISHA,NAYAGARH,NAYAGARH,99.86555555555556,34.888888888888886,41.896591262636235,35.48530627058635
Odisha,Nuapada,368,394,21,38.41514817456715,47.26318928146636,24.476907458436063,610382,152210,0.4749101242079049,0.3885970551949048,0.2805059468883487,ODISHA,NUAPADA,NUAPADA,99.94416666666666,36.94444444444444,44.04142924020786,37.4523758111223
Odisha,Puri,369,387,21,70.44843103137937,19.50056807144161,17.646758527620435,1698730,367269,0.2849094568956356,0.2506882543048341,0.6207608682665946,ODISHA,PURI,PURI,98.99555555555555,26.805555555555557,39.16200145830405,27.24732088510727
Odisha,Rayagada,370,396,21,33.42588279890554,70.40099761238379,29.435726356912404,967911,226144,0.3666245266199541,0.3123438503862479,0.1770642471057402,ODISHA,RAYAGADA,RAYAGADA,99.79861111111111,39.666666666666664,46.051336223084505,40.15801715461393
Odisha,Sambalpur,371,372,21,60.38228624990762,52.54908514944304,21.69426517126114,1041099,249597,0.2940520895687699,0.2577784499584409,0.456169575353474,ODISHA,SAMBALPUR,SAMBALPUR,99.9063888888889,38.388888888888886,42.31956518244184,38.85626226674432
Odisha,Sonepur,372,392,21,56.22091136309645,34.97491736085732,31.68818808821629,610183,151136,0.3151520865348106,0.2739523141017373,0.441481860451809,ODISHA,SONEPUR,SONEPUR,98.91805555555555,33.05555555555556,37.596994437039626,33.60390356398365
Odisha,Sundargarh,373,374,21,57.36517838979357,59.90192205449698,11.079362824978697,2093437,479109,0.502098581239245,0.4068631845032477,0.5315637990111398,ODISHA,SUNDARGARH,SUNDARGARH,99.97111111111111,42.27777777777778,46.01799994944701,42.73064420567851
Puducherry,Karaikal,598,637,34,73.24558405671155,17.65440361199069,14.980631449041857,200222,49705,0.0745061522539408,0.0718611627740697,1.3906439076711945,PUDUCHERRY,KARAIKAL,KARAIKAL,94.44361111111112,13.47222222222222,82.44595776789679,14.006504340087606
Puducherry,Puducherry,600,635,34,71.71800153932008,16.03785795689522,12.31232373166017,950289,231513,0.0838294163650454,0.0805005256573919,1.8151448445341147,PUDUCHERRY,PUDUCHERRY,PONDICHERRY,100.0,13.833333333333334,87.20178211314574,14.3225568245271
Punjab,Amritsar,27,49,3,64.13224846619487,30.950239615587215,11.590668323057107,2490656,488898,0.0809843929015073,0.077872100903918,1.3356983930435056,PUNJAB,AMRITSAR,AMRITSAR,99.9452777777778,25.833333333333332,43.245131018073515,26.327215561348208
Punjab,Barnala,605,54,3,56.77307962087013,32.24051974133834,17.008700129804648,595527,115798,0.0978467264850937,0.0933507399781541,0.847671598083196,PUNJAB,BARNALA,BARNALA,100.0,21.805555555555557,67.86627538045957,22.276274878753227
Punjab,Bathinda,28,46,3,55.25980586616418,32.44255594965881,20.182999836528392,1388525,273902,0.0926263387597024,0.0885842831869119,1.0433416924671035,PUNJAB,BATHINDA,BHATINDA,100.0,18.27777777777778,67.28617476811334,18.85438762996303
Punjab,Faridkot,29,45,3,56.9109157363059,38.91900995614632,21.566578263267075,617508,120893,0.0953562573399609,0.0910796595228142,0.8307329968168926,PUNJAB,FARIDKOT,FARIDKOT,100.0,21.27777777777778,58.82337584590127,21.779678451795608
Punjab,Fatehgarh Sahib,30,40,3,67.05742962687208,32.07345337849884,9.14361274598771,600163,118100,0.0825059544850541,0.079278681558413,1.026737390804246,PUNJAB,FATEHGARH SAHIB,FATEHGARH SAHIB,100.0,41.611111111111114,73.958375616211,42.0639429993196
Punjab,Ferozepur,31,43,3,54.35772797583549,42.17322778765091,24.844185121336693,2029074,385994,0.159650777527483,0.1481189059368459,0.8532917313909884,PUNJAB,FEROZEPUR,FEROZEPUR,100.0,24.416666666666668,42.97847035500797,24.84696330100943
Punjab,Gurdaspur,32,35,3,66.96647158623053,25.2608532395142,11.308643001192117,2298323,443666,0.0794530355981612,0.0764544643275393,0.8277350873596548,PUNJAB,GURDASPUR,GURDASPUR,100.0,26.666666666666668,30.813313639027488,27.122720543317115
Punjab,Hoshiarpur,33,38,3,72.24731470430882,35.13772945718112,12.04031035665712,1586625,336994,0.0563656008031024,0.0548343382479449,0.5779483273343397,PUNJAB,HOSHIARPUR,HOSHIARPUR,100.0,27.5,52.66195983132887,27.906791885955684
Punjab,Jalandhar,34,37,3,70.58096356374936,38.95185517804148,7.59449065534403,2193590,461635,0.0405325822991647,0.0397326804402431,1.2168950696917678,PUNJAB,JALANDHAR,JALANDHAR,100.0,24.27777777777778,65.33691665481611,24.805634112940822
Punjab,Kapurthala,35,36,3,66.94311790709695,33.94478193452147,13.250177270676208,815168,167989,0.0436854493452671,0.0427581503317849,0.9405717796556924,PUNJAB,KAPURTHALA,KAPURTHALA,100.0,27.63888888888889,67.12430041847247,28.22250862940501
Punjab,Ludhiana,36,41,3,69.4010078955291,26.39116550277114,6.987284987362272,3498739,716826,0.079792433350287,0.0767688313226788,1.3398001676737308,PUNJAB,LUDHIANA,LUDHIANA,99.99972222222222,25.36111111111111,74.09582118529293,25.84806584456936
Punjab,Mansa,37,47,3,49.72674568374518,33.63139508750233,23.99433599676343,769751,149630,0.1415042167719969,0.1323468810430862,0.6416271131277693,PUNJAB,MANSA,MANSA,100.0,21.166666666666668,62.69905372635763,21.612791942954164
Punjab,Moga,38,42,3,59.456053943374776,36.496958059585474,21.062385200734717,995746,193256,0.1037438019267497,0.0987078574518625,0.8689353526116893,PUNJAB,MOGA,MOGA,99.99972222222222,19.555555555555557,63.21133401463607,20.03738499836591
Punjab,Patiala,41,48,3,62.22138375483114,24.548316546094657,11.48422748605781,1895686,372293,0.0754899936296352,0.0727763657582703,1.0800300726627778,PUNJAB,PATIALA,PATIALA,100.0,19.055555555555557,64.6946955737264,19.54436088454073
Punjab,Rupnagar,42,51,3,68.5320136209964,26.423877527471163,7.7056161145981905,684627,135635,0.065064356579082,0.0630352260484003,0.9220139704024188,PUNJAB,RUPNAGAR,ROPAR,99.99944444444444,31.583333333333332,65.87562861667821,32.047240789489756
Punjab,Sangrur,43,53,3,55.54520421030959,27.888934604260957,14.433804462656466,1655169,318870,0.1086994195847829,0.1031876342863204,0.8682445785567559,PUNJAB,SANGRUR,SANGRUR,99.99972222222222,19.52777777777778,64.63009606244346,20.000608165077185
Punjab,S.A.S Nagar,608,52,3,70.18662369057212,21.739886671197674,5.4633248586498695,994628,205411,0.0532446083257703,0.0518755027808293,1.873802393799484,PUNJAB,S.A.S NAGAR,SAS NAGAR MOHALI,100.0,25.944444444444443,65.11604763626512,26.43809707769274
Punjab,Shahid Bhagat Singh Nagar,40,39,3,66.65262073647494,42.50853325929676,9.541978133447063,612310,129500,0.0526397764489188,0.0513010819837,0.8757409780509137,PUNJAB,SHAHID BHAGAT SINGH NAGAR,NAWANSHAHR,99.99638888888887,29.72222222222222,65.444018546704,30.267974546587443
Punjab,Sri Muktsar Sahib,39,44,3,52.65322304433299,42.30576474449382,29.63806340418865,901896,174360,0.152865951142012,0.1422509735931537,0.7177896705540264,PUNJAB,SRI MUKTSAR SAHIB,MUKATSAR,100.0,20.13888888888889,58.05699201166814,20.70514172571842
Punjab,Tarn Taran,609,50,3,54.64038260620302,33.713727875444235,19.351901615503778,1119627,203421,0.118333640361798,0.1118397562965987,1.054670773343526,PUNJAB,TARN TARAN,TARN TARAN,100.0,33.611111111111114,35.925362009545466,34.01025801515596
Rajasthan,Ajmer,86,119,8,47.690288943236794,20.963921748381377,9.404954901043425,2583052,494832,0.172652537021667,0.1592683084174738,0.6445247132809525,RAJASTHAN,AJMER,AJMER,99.99638888888887,41.5,76.73840027537227,42.0245176601528
Rajasthan,Alwar,87,104,8,47.41063180019284,25.646137545285622,8.10421031301586,3674179,639720,0.166005884080737,0.1535841342969887,0.8889479178099773,RAJASTHAN,ALWAR,ALWAR,99.99666666666668,32.52777777777778,71.40745550197724,33.02585907554734
Rajasthan,Banswara,88,125,8,35.45891960603823,80.84017390965711,10.43550166395633,1797485,367797,0.3148798319457816,0.2737452789033517,0.4178620607318529,RAJASTHAN,BANSWARA,BANSWARA,99.97944444444444,44.72222222222222,56.037350782506195,45.227854466566114
Rajasthan,Baran,89,128,8,44.2757425994803,40.731054054164574,21.05507455841683,1222755,241428,0.2551141320708228,0.2272265103378861,0.571586381970426,RAJASTHAN,BARAN,BARAN,99.97888888888887,38.25,59.503384716138775,38.76196661327865
Rajasthan,Barmer,90,115,8,32.78946230306407,23.530322215910815,6.7921825492637256,2603751,451629,0.278162400203551,0.2454234215938616,0.2090123310650993,RAJASTHAN,BARMER,BARMER,99.99944444444444,49.861111111111114,55.34915919835922,50.3586141718218
Rajasthan,Bharatpur,91,105,8,45.01909894561747,23.990744221416684,12.86160168880562,2548462,425414,0.2181707791527566,0.1973503722279078,0.7306036663184909,RAJASTHAN,BHARATPUR,BHARATPUR,99.97722222222222,29.333333333333332,61.06728490033831,29.8943082463811
Rajasthan,Bhilwara,92,122,8,40.28870496141143,26.4568783441138,8.773514737996829,2408523,498125,0.1903679064314251,0.1742624244101907,0.5029639579331915,RAJASTHAN,BHILWARA,BHILWARA,99.99416666666669,42.75,75.585865712748,43.24697363012646
Rajasthan,Bikaner,93,101,8,44.197853154025864,21.211436683803335,7.209392535283116,2363937,384944,0.2399664715808941,0.2150843402037178,0.2266963540553151,RAJASTHAN,BIKANER,BIKANER,99.78027777777778,41.97222222222222,51.20077390061334,42.4519138998155
Rajasthan,Bundi,94,121,8,39.970135607573646,39.54763049258893,12.71526296839948,1110906,220768,0.2577226174664785,0.2293026391059682,0.4530656507467197,RAJASTHAN,BUNDI,BUNDI,99.99944444444444,36.416666666666664,64.09459132333691,36.87726163063453
Rajasthan,Chittorgarh,95,126,8,40.32938895143904,29.25331112748634,11.143028509493016,1544338,329119,0.2957713755694971,0.2591061746288219,0.5869714246009026,RAJASTHAN,CHITTORGARH,CHITTORGARH,99.9975,40.0,68.11004269491195,40.468822008071
Rajasthan,Churu,96,102,8,45.79896184701766,22.69945237839579,6.599976765688333,2039547,348984,0.271909505764402,0.2405193191201485,0.2498417881025089,RAJASTHAN,CHURU,CHURU,99.99888888888889,39.416666666666664,59.146291978176386,39.89903937944256
Rajasthan,Dausa,97,109,8,43.92304106759788,48.19362840023519,6.449248736700289,1634409,292502,0.2047504664003436,0.1862724636727755,0.8870162250898886,RAJASTHAN,DAUSA,DAUSA,99.99361111111112,30.61111111111111,81.05975492014794,31.142267001988785
Rajasthan,Dholpur,98,106,8,44.74423416758762,25.22046951718833,9.483119606318304,1206516,203754,0.3480930874644361,0.2986910660883801,0.4574552826327964,RAJASTHAN,DHOLPUR,DHOLPUR,99.9986111111111,37.416666666666664,50.71374041222338,37.93089318058082
Rajasthan,Dungarpur,99,124,8,38.405103898731255,74.58878025453855,10.522108395599114,1388552,282029,0.3691276554315033,0.3141737891698011,0.3491218260633888,RAJASTHAN,DUNGARPUR,DUNGARPUR,100.0,49.55555555555556,66.98633612222613,50.09872384161626
Rajasthan,Ganganagar,100,99,8,52.108490994007525,37.268988730265775,21.7021789312672,1969168,387511,0.2049092115748082,0.1864042210127396,0.3637944041152315,RAJASTHAN,GANGANAGAR,SRI GANGANAGAR,100.0,34.30555555555556,63.784414083901424,34.79886375381465
Rajasthan,Hanumangarh,101,100,8,48.589343550979955,28.651619548631537,18.176820446372812,1774692,336192,0.2059730701515066,0.1872867681647216,0.2599419036157882,RAJASTHAN,HANUMANGARH,HANUMANGARH,99.99972222222222,39.72222222222222,64.94370695315206,40.26987832054588
Rajasthan,Jaipur,102,110,8,55.29936462665046,23.10937013765703,3.3198867966660357,6626178,1177096,0.1449133022469843,0.1353289155778222,1.1319845177735708,RAJASTHAN,JAIPUR,JAIPUR,99.99972222222222,32.25,83.22000337959122,32.82560669893947
Rajasthan,Jaisalmer,103,114,8,31.873619046692035,21.131360657034655,8.399331748231015,669919,117171,0.3032734732573003,0.2648791558273371,0.0874319276053494,RAJASTHAN,JAISALMER,JAISALMER,99.99472222222222,50.72222222222222,62.22826875429893,51.23912982884852
Rajasthan,Jalore,104,116,8,32.02110535189038,29.305310242627396,13.302780758537292,1828730,326134,0.28502991984469,0.2507820020019455,0.1883988387409691,RAJASTHAN,JALORE,JALORE,99.99916666666668,42.80555555555556,76.51812055500976,43.21961199337739
Rajasthan,Jhalawar,105,129,8,39.793377707416774,30.175200141163565,20.20969067786811,1411129,283295,0.265243472946769,0.235264572392377,0.5387659935413882,RAJASTHAN,JHALAWAR,JHALAWAR,100.0,43.97222222222222,53.00641922130223,44.442607267449866
Rajasthan,Jhunjhunu,106,103,8,53.26096456895218,18.8268379935846,5.8136376901316265,2137045,384197,0.1538733524062921,0.1431244154483092,0.5262185489430156,RAJASTHAN,JHUNJHUNU,JHUNJHUNU,100.0,41.22222222222222,62.573334138268336,41.76353369991946
Rajasthan,Jodhpur,107,113,8,43.430293261767986,19.7156351831285,9.749460235366724,3687165,649013,0.1801486931017145,0.1656404416419891,0.5013437967561788,RAJASTHAN,JODHPUR,JODHPUR,99.9986111111111,41.22222222222222,70.04958359058809,41.87337333844106
Rajasthan,Karauli,108,107,8,40.60796698532039,46.59186914708609,10.446984854119092,1458248,262503,0.2699458064315448,0.2389742274588741,0.5779418127358744,RAJASTHAN,KARAULI,KARAULI,99.9738888888889,33.861111111111114,57.24876304532458,34.29851908357409
Rajasthan,Kota,109,127,8,57.31540361756105,30.200910910941698,10.057692174503243,1951014,396501,0.2037751534931144,0.1854625798563167,0.8538277472343999,RAJASTHAN,KOTA,KOTA,99.99638888888887,38.19444444444444,66.39707332209268,38.72789628220499
Rajasthan,Nagaur,110,112,8,40.7016677237067,21.47473367791875,12.544032164653164,3307743,578809,0.224887725567048,0.2028491871980061,0.3620548555735549,RAJASTHAN,NAGAUR,NAGAUR,100.0,43.833333333333336,69.77749289501726,44.23920351345348
Rajasthan,Pali,111,118,8,41.32901118508997,26.633352522829856,19.1386579611689,2037573,418157,0.2076660364627147,0.1886896014086866,0.3655554996817778,RAJASTHAN,PALI,PALI,99.98833333333332,44.333333333333336,80.13970944747071,44.881882213629055
Rajasthan,Pratapgarh,629,131,8,35.199161133121294,70.38744111872126,12.197162882316114,867848,178726,0.3117717011393518,0.2713786671027673,0.284201930216925,RAJASTHAN,PRATAPGARH,PRATAPGARH,100.0,45.19444444444444,57.14081304240862,45.68113514420709
Rajasthan,Rajsamand,112,123,8,40.99117265644285,26.71431795171525,11.743209849303886,1156597,243078,0.1859612898397359,0.1705536607846287,0.6321605532976656,RAJASTHAN,RAJSAMAND,RAJSAMAND,99.9986111111111,49.22222222222222,81.72614894730154,49.79657341769027
Rajasthan,Sawai Madhopur,113,108,8,40.46807702052192,42.27745701961213,9.39135836389483,1335551,254716,0.2492748191176347,0.2225632382592632,0.490101166850153,RAJASTHAN,SAWAI MADHOPUR,SAWAI MADHOPUR,99.99361111111112,34.416666666666664,55.98702303502486,34.903183908097674
Rajasthan,Sikar,114,111,8,50.4354075692809,18.45698685968462,6.068174109181049,2677333,444816,0.1750287382939754,0.1612926054195595,0.5335227124632045,RAJASTHAN,SIKAR,SIKAR,100.0,40.25,74.32117744408714,40.72015220510103
Rajasthan,Sirohi,115,117,8,33.24059229459387,47.69960997581889,17.566359817678077,1036346,201785,0.2864138439642604,0.251858381172795,0.4231220833318859,RAJASTHAN,SIROHI,SIROHI,100.0,48.861111111111114,79.14117619564401,49.376774060207275
Rajasthan,Tonk,116,120,8,39.14222651798208,32.7940247346492,11.068037926812789,1421326,266870,0.2857693726937332,0.2513572727915261,0.3144769193045153,RAJASTHAN,TONK,TONK,100.0,35.27777777777778,65.85397527350146,35.75583157303349
Rajasthan,Udaipur,117,130,8,40.568546348974,55.85330561005338,10.37605413720352,3068420,623531,0.2725010136180456,0.2409842659986444,0.4630198846928567,RAJASTHAN,UDAIPUR,UDAIPUR,100.0,39.47222222222222,65.36562512517973,40.07789225289278
Sikkim,Gangtok,225,244,11,70.3619344537688,33.05593071516981,4.616506690197915,283583,61567,0.12024291502228,0.1135455502028617,0.3253921459263703,SIKKIM,GANGTOK,GANGTOK DISTRICT,100.0,32.666666666666664,56.86975820406071,33.124360185025914
Sikkim,Gyalshing,228,242,11,62.607066785503875,46.72701286326822,7.777452415812592,136435,28023,0.1733324421625748,0.1598479414210747,0.0623806856747354,SIKKIM,GYALSHING,GYALSHING DISTRICT,100.0,38.888888888888886,50.18134995558861,39.36871414972936
Sikkim,Mangan,226,241,11,62.54807945624111,67.9425289986044,5.89567843866171,43709,8873,0.1762936281481218,0.1623685021100463,0.0086337057513359,SIKKIM,MANGAN,MANGAN DISTRICT,100.0,33.611111111111114,39.41116972477999,34.14429832084699
Sikkim,Namchi,227,243,11,67.51781134226276,32.30847803881512,2.860623207198711,146850,30543,0.142911227263771,0.1335787153605839,0.2671990651895767,SIKKIM,NAMCHI,NAMCHI DISTRICT,100.0,30.833333333333332,51.8355114745761,31.39855999003094
Tamil Nadu,Ariyalur,610,616,33,55.504207095907056,24.765331291545568,39.02865475810036,754894,197090,0.1261347867681613,0.1187912266105213,0.7542448195257887,TAMIL NADU,ARIYALUR,ARIYALUR,99.92805555555556,16.22222222222222,77.97986480511732,16.675642515310873
Tamil Nadu,Chennai,568,603,33,78.24684709946999,16.995342102793963,0.6329520349429535,4646732,1154982,0.0106046153232455,0.0105487807792003,3.3867412884529147,TAMIL NADU,CHENNAI,CHENNAI,,,,
Tamil Nadu,Coimbatore,569,632,33,71.79282347687459,16.317109812046983,13.951201869112252,3458045,958035,0.0437716491104387,0.0428407386305186,1.0752411068853274,TAMIL NADU,COIMBATORE,COIMBATORE,99.93083333333334,32.27777777777778,89.0260495782236,32.762558085827465
Tamil Nadu,Cuddalore,570,617,33,62.96927022284516,29.91833191732344,38.8881258278383,2605914,635578,0.1071754310733324,0.1018121154917579,0.9151511049443012,TAMIL NADU,CUDDALORE,CUDDALORE,99.98444444444443,18.416666666666668,74.83667973493772,18.89155420757668
Tamil Nadu,Dharmapuri,571,630,33,53.25442979222977,20.469020329257926,33.240938688751534,1506843,375873,0.088906780054913,0.0851742388680002,0.4985413707527633,TAMIL NADU,DHARMAPURI,DHARMAPURI,99.99166666666666,16.61111111111111,93.7859642378932,17.175317794800154
Tamil Nadu,Dindigul,572,612,33,61.70107254385972,21.31888738410251,40.36533103776984,2159775,560773,0.0816024579163115,0.0784436987857774,0.5224866068695242,TAMIL NADU,DINDIGUL,DINDIGUL,99.99944444444444,36.861111111111114,85.8165881551511,37.42043547843622
Tamil Nadu,Erode,573,610,33,59.21884415033391,17.3804393394631,29.828873742069444,2251744,658071,0.0447306971607755,0.0437591461386164,0.598352702416166,TAMIL NADU,ERODE,ERODE,99.9922222222222,37.55555555555556,85.91483162064038,38.02191641652212
Tamil Nadu,Kancheepuram,574,604,33,70.61528418460942,24.74308772933772,11.883619598969709,3998252,1006245,0.0565824840338056,0.0550396279405988,1.418562725220886,TAMIL NADU,KANCHEEPURAM,KANCHIPURAM,99.99972222222222,45.25,87.64713935203923,45.768292536546696
Tamil Nadu,Kanniyakumari,575,629,33,81.37430100134637,4.359074709122346,9.291460541600772,1870374,483539,0.0439993778339234,0.0430588935157516,0.883133816875106,TAMIL NADU,KANNIYAKUMARI,KANNIYAKUMARI,100.0,41.166666666666664,87.27045271896218,41.55424195307605
Tamil Nadu,Karur,576,613,33,60.658687435787954,20.851240919386036,35.916713044264874,1064493,287095,0.0685196422218446,0.0662741785953203,0.6784113384468292,TAMIL NADU,KARUR,KARUR,100.0,41.05555555555556,87.6555915959111,41.541625809600625
Tamil Nadu,Krishnagiri,577,631,33,56.64517490106864,15.415076744499045,26.599559838868142,1879809,448053,0.0932592281459882,0.0891633522960664,0.7287200248329714,TAMIL NADU,KRISHNAGIRI,KRISHNAGIRI,99.99638888888887,28.166666666666668,92.07905706676466,28.742322775244947
Tamil Nadu,Madurai,578,623,33,69.42955210986806,13.82610790678324,24.510649100180423,3038252,794887,0.0604519477423695,0.0586951830505963,0.8342017616777513,TAMIL NADU,MADURAI,MADURAI,99.97833333333332,23.27777777777778,88.08132829484909,23.79547693488201
Tamil Nadu,Nagapattinam,579,618,33,69.9102921462552,31.768566921339975,44.487054004704646,1616450,413837,0.1086862750149667,0.1031757783698252,0.7962465452272548,TAMIL NADU,NAGAPATTINAM,NAGAPATTINAM,100.0,32.02777777777778,75.65490565937779,32.54336007406616
Tamil Nadu,Namakkal,580,609,33,60.98287572566168,23.30885942959607,27.243455297729135,1726601,475511,0.040195578165462,0.0394087514013106,0.7974721764865523,TAMIL NADU,NAMAKKAL,NAMAKKAL,100.0,32.27777777777778,89.2916985379148,32.711263557670605
Tamil Nadu,Perambalur,581,615,33,59.28370062105658,31.46952618700937,35.725625938368545,565223,149243,0.0598186504072367,0.0580978089658748,0.6353211008811323,TAMIL NADU,PERAMBALUR,PERAMBALUR,99.99694444444444,18.444444444444443,83.07024054862563,18.906646842508465
Tamil Nadu,Pudukkottai,582,621,33,61.55489065296624,17.677751035780382,36.60206669915408,1618345,387679,0.0986956654206294,0.0941237175277191,0.555360513807624,TAMIL NADU,PUDUKKOTTAI,PUDUKKOTTAI,99.99305555555556,29.75,88.36441822671438,30.267825577238884
Tamil Nadu,Ramanathapuram,583,626,33,65.96117694588595,18.47973135221601,21.308649593746782,1353445,323905,0.098799200406358,0.0942179475415546,0.4160145357345333,TAMIL NADU,RAMANATHAPURAM,RAMANATHAPURAM,100.0,37.77777777777778,87.13123230660956,38.2210167234685
Tamil Nadu,Salem,584,608,33,58.833509263533635,20.09964802404097,25.377987610744192,3482056,915967,0.0567968203692327,0.0552424654868125,0.9233460965234652,TAMIL NADU,SALEM,SALEM,100.0,26.77777777777778,88.60420465924491,27.265890908773248
Tamil Nadu,Sivaganga,585,622,33,64.65114128416283,17.06637512779096,26.494354828215883,1339101,338938,0.0954792249736979,0.0911919159061518,0.4450247797306287,TAMIL NADU,SIVAGANGA,SIVAGANGAI,99.99944444444444,39.52777777777778,89.87344424603958,40.0187482642976
Tamil Nadu,Thanjavur,586,620,33,69.20735544850156,19.06250909226939,39.26654076051788,2405890,605363,0.1033937534920722,0.0983906606946843,0.8395222463545412,TAMIL NADU,THANJAVUR,THANJAVUR,100.0,30.02777777777778,83.31456055624811,30.53440273328296
Tamil Nadu,Theni,588,624,33,62.99047428637765,20.871274477305143,51.939252644692424,1245899,338112,0.066536613980247,0.0644165893106697,0.4072876235778897,TAMIL NADU,THENI,THENI,99.99611111111112,18.63888888888889,84.2738634405676,19.09013504789847
Tamil Nadu,The Nilgiris,587,611,33,72.00513789436937,36.53701281217959,22.49376026890419,735394,197653,0.0691846608816955,0.0668963588288898,0.299651569962851,TAMIL NADU,THE NILGIRIS,THE NILGIRIS,100.0,33.361111111111114,82.49254030316938,33.9253523194927
Tamil Nadu,Thiruvallur,589,602,33,69.97735472521681,23.30645818893464,13.875110383855349,3728104,946949,0.0668243950952036,0.0646863806075743,1.6893746323942356,TAMIL NADU,THIRUVALLUR,TIRUVALLUR,100.0,33.888888888888886,90.82336064025992,34.38943838392439
Tamil Nadu,Thiruvarur,590,619,33,69.54158197194408,34.32483545931785,48.52421652421653,1264277,327219,0.1301755263527774,0.1223729537168745,0.70615400103373,TAMIL NADU,THIRUVARUR,TIRUVARUR,99.9986111111111,28.333333333333332,75.69537323344117,28.77451342724728
Tamil Nadu,Thoothukkudi,594,627,33,73.04833616711197,20.158315506554768,24.552245276045063,1750176,462010,0.0767357498407644,0.0739340104468284,0.6806351725112474,TAMIL NADU,THOOTHUKKUDI,THOOTHUKKUDI,99.9986111111111,35.888888888888886,88.17528296017007,36.32770539931269
Tamil Nadu,Tiruchirappalli,591,614,33,69.43152073786538,17.807030110678877,29.54000123807086,2722290,698404,0.0756190454773307,0.072896352096019,0.846798302380124,TAMIL NADU,TIRUCHIRAPPALLI,TIRUCHIRAPPALLI,100.0,34.361111111111114,86.93284353574393,34.91377925947273
Tamil Nadu,Tirunelveli,592,628,33,68.28584848498478,18.847581577345625,25.25414757036889,3077233,815528,0.0740350129564101,0.0714225960733603,0.647588553631838,TAMIL NADU,TIRUNELVELI,TIRUNELVELI,100.0,32.25,88.81468227169502,32.69961848029263
Tamil Nadu,Tiruppur,634,633,33,64.96451841319562,16.189010960641408,18.56458519454114,2479052,712210,0.0423874859044236,0.0415137416762599,0.8502231052133661,TAMIL NADU,TIRUPPUR,TIRUPPUR,99.99972222222222,41.611111111111114,86.11628936282492,42.06049653229827
Tamil Nadu,Tiruvannamalai,593,606,33,58.34159217436162,26.62540696789898,36.2148376615344,2464875,588836,0.1127128504101654,0.1068010429691175,0.5639370838405386,TAMIL NADU,TIRUVANNAMALAI,TIRUVANNAMALAI,99.99583333333334,29.0,83.20723598500997,29.446652206629576
Tamil Nadu,Vellore,595,605,33,64.2937989297306,23.70651756673918,18.74737627602128,3936331,929281,0.1021077428024702,0.0972244761897007,0.7881419297818503,TAMIL NADU,VELLORE,VELLORE,99.99305555555556,31.083333333333332,89.83367456721055,31.682864176639775
Tamil Nadu,Viluppuram,596,607,33,55.95266505010902,31.529778630207005,42.638019292482085,3458873,800368,0.107754755107257,0.1023352236698393,0.6435803255782808,TAMIL NADU,VILUPPURAM,VILLUPURAM,99.98944444444444,24.02777777777778,80.56382011453213,24.46819096721696
Tamil Nadu,Virudhunagar,597,625,33,65.50654179907427,20.70367525310356,19.69098406914688,1942288,537748,0.0763831354634771,0.0736064722111589,0.6239373437350277,TAMIL NADU,VIRUDHUNAGAR,VIRUDHUNAGAR,100.0,33.05555555555556,86.16508099689634,33.62633121566883
Telangana,Adilabad,501,532,28,45.71141741066547,35.9104040180371,31.180166157192957,2741239,649849,0.1027119657061106,0.0977725690033079,0.4222192290424104,TELANGANA,ADILABAD,ADILABAD,100.0,48.166666666666664,49.43466879516044,48.68651043373123
Telangana,Hyderabad,507,536,28,70.11136003258608,7.528269938830778,1.5282629659669311,3943323,849051,0.0122892478984359,0.0122143481085257,3.8118082350815072,TELANGANA,HYDERABAD,HYDERABAD,,,,
Telangana,Karimnagar,508,534,28,50.097944097212874,21.621923650036585,36.763662796547074,3776269,976022,0.0427108166859328,0.0418238764873612,0.7515535782824982,TELANGANA,KARIMNAGAR,KARIMNAGAR,100.0,31.833333333333332,71.7370131480479,32.34246376772909
Telangana,Khammam,509,541,28,51.80626600738633,43.91485573949817,54.88592128605748,2797370,754034,0.0551740992605151,0.0537057763089819,0.3814091528812525,TELANGANA,KHAMMAM,KHAMMAM,100.0,35.5,59.40874108556533,36.023814405644906
Telangana,Mahabubnagar,512,538,28,39.061399890744326,26.47953579397922,42.015583459964326,4053028,869451,0.0832521585949487,0.0799677743383645,0.6277102781822376,TELANGANA,MAHABUBNAGAR,MAHABUBNAGAR,100.0,42.333333333333336,63.56411615237726,42.74880107804736
Telangana,Medak,513,535,28,45.27246338042904,23.305798855894988,35.19206286271617,3033288,668626,0.0701316886334668,0.0677817143901155,0.9503488735252236,TELANGANA,MEDAK,MEDAK,100.0,44.083333333333336,55.69480654442122,44.623689216437846
Telangana,Nalgonda,514,539,28,48.59710925792797,29.570664372856186,46.420930763570034,3488809,875939,0.0545998737920209,0.053161428440435,0.683408161910713,TELANGANA,NALGONDA,NALGONDA,100.0,38.291666666666664,58.61483447054331,38.74488613811376
Telangana,Nizamabad,516,533,28,46.098159905404344,22.106661806466025,31.32613296842225,2551335,593234,0.0690789847834359,0.0667975159209444,0.6592648600602916,TELANGANA,NIZAMABAD,NIZAMABAD,100.0,39.375,63.96350696797507,39.90612450596602
Telangana,Ranga Reddy,518,537,28,61.22524928411358,16.440279031955686,14.10950758593551,5296741,1235341,0.051238550278746,0.0499690407153827,1.636112653573386,TELANGANA,RANGA REDDY,RANGAREDDY,100.0,45.666666666666664,59.615259822452465,46.13558576112664
Telangana,Warangal,522,540,28,50.4896780062682,32.6472082027549,39.984065977116856,3512576,886279,0.0627850675376777,0.0608928846897232,0.5585597628982707,TELANGANA,WARANGAL,WARANGAL,100.0,33.0,59.313081454990176,33.48880790711875
The Dadra And Nagar Haveli And Daman And Diu,Dadra And Nagar Haveli,465,496,26,53.82430026208911,53.75186567706984,4.746007260224561,343709,76458,0.033997256308794,0.033432122609597,1.4461054472462531,THE DADRA AND NAGAR HAVELI AND DAMAN AND DIU,DADRA AND NAGAR HAVELI,DADRA AND NAGAR HAVELI,0.0,0.0,0.0,0.0
The Dadra And Nagar Haveli And Daman And Diu,Daman,463,495,25,69.20648284571669,10.201231345430578,0.2969021894078669,191173,50376,0.0585268069119701,0.0568781366494934,2.2399064723698476,THE DADRA AND NAGAR HAVELI AND DAMAN AND DIU,DAMAN,DAMAN,,,,
The Dadra And Nagar Haveli And Daman And Diu,Diu,464,494,25,67.08156779661016,3.8118830894496294,1.2841418671015083,52074,10580,0.084925417998084,0.0815112454575049,1.5276895692039592,THE DADRA AND NAGAR HAVELI AND DAMAN AND DIU,DIU,DIU,,,,
Tripura,Dhalai,269,291,16,67.81899545964308,71.99217407397616,19.336960437469404,378230,84509,0.4701270043043458,0.3853487945445466,0.2471455310298765,TRIPURA,DHALAI,DHALAI,100.0,58.166666666666664,46.289220139134535,58.607027206020184
Tripura,North Tripura,270,292,16,71.75764541011532,42.42312453256517,14.212944305633917,693947,152355,0.4340864543915459,0.3605280293360948,0.407432628990607,TRIPURA,NORTH TRIPURA,NORTH TRIPURA,100.0,39.583333333333336,42.83679456578233,40.12791705950692
Tripura,South Tripura,271,290,16,69.0216287748829,55.36557606669399,25.71414200427925,876001,208127,0.3209494354697616,0.2783507473433645,0.4827220173795588,TRIPURA,SOUTH TRIPURA,SOUTH TRIPURA,97.22222222222224,35.02777777777778,47.29429624488047,35.500444222869454
Tripura,West Tripura,272,289,16,75.42806367871859,44.620768262176384,16.79098355964731,1725739,410565,0.363310177708501,0.3099156966764696,0.8589357501787469,TRIPURA,WEST TRIPURA,WEST TRIPURA,100.0,27.11111111111111,48.57884612882393,27.669878523188075
Uttarakhand,Almora,45,64,5,61.82182997661613,24.461772256010384,2.0017107789017197,622506,140577,0.0672732784250917,0.0651070580133723,0.1356239896270042,UTTARAKHAND,ALMORA,ALMORA,99.85972222222222,27.555555555555557,54.9344678986438,28.09782605506962
Uttarakhand,Bageshwar,46,63,5,60.43799604638126,28.489253476363803,3.5000320163923933,259898,58046,0.0892083885309462,0.0854511833402769,0.0748173287336244,UTTARAKHAND,BAGESHWAR,BAGESHWAR,100.0,31.444444444444443,52.69472212300138,31.973550798493193
Uttarakhand,Chamoli,47,57,5,63.33609966905179,23.385043602609773,0.9312426703731052,391605,88964,0.0728011557814699,0.0702731303351148,0.0868971281407346,UTTARAKHAND,CHAMOLI,CHAMOLI,99.98388888888888,26.38888888888889,62.48698771251382,26.792667408016243
Uttarakhand,Champawat,48,65,5,58.90852221003245,18.76463519842248,3.1579954703499316,259648,53953,0.1395342936232453,0.1306196645761045,0.1531326515684525,UTTARAKHAND,CHAMPAWAT,CHAMPAWAT,99.93166666666669,34.94444444444444,45.76942734820504,35.41898724687018
Uttarakhand,Dehradun,49,60,5,69.2720277938334,20.072211017425655,4.183865568941394,1696694,347001,0.1016067116401532,0.0967697610427905,1.0946803277955035,UTTARAKHAND,DEHRADUN,DEHRADUN,99.43194444444444,37.30555555555556,34.830570951590495,37.845642667221064
Uttarakhand,Haridwar,50,68,5,55.013913257645505,22.090147067691763,15.33933014508676,1890422,338104,0.1616809227298991,0.1498680275464642,1.2933478491524326,UTTARAKHAND,HARIDWAR,HARIDWAR,99.83055555555556,33.72222222222222,38.396301463261814,34.198121497595054
Uttarakhand,Nainital,51,66,5,67.41043825755686,20.81499677877237,6.618222546082639,954605,191383,0.1043575878625528,0.0992637974593729,0.4357123289949076,UTTARAKHAND,NAINITAL,NAINITAL,99.99777777777778,35.75,43.567050011543984,36.217155923770875
Uttarakhand,Pauri Garhwal,52,61,5,64.57099894019011,18.126183121359695,2.526164717615651,687271,161778,0.0612904653733707,0.059485587832508,0.182277338432888,UTTARAKHAND,PAURI GARHWAL,PAURI GARHWAL,99.99916666666668,25.583333333333332,66.97911817531067,26.14790974546305
Uttarakhand,Pithoragarh,53,62,5,63.86969397828233,28.94119009844055,1.5149744640193563,483439,114730,0.079967686149012,0.0769311204561129,0.0710097943108411,UTTARAKHAND,PITHORAGARH,PITHORAGARH,99.99972222222222,34.22222222222222,49.65249012369644,34.730792912382704
Uttarakhand,Rudraprayag,54,58,5,61.96748527753414,19.838207070185938,1.9240025332488917,242285,53542,0.0590812337715866,0.0574017716769708,0.2078788419842161,UTTARAKHAND,RUDRAPRAYAG,RUDRA PRAYAG,100.0,36.5,61.43741196782644,37.02623552371219
Uttarakhand,Tehri Garhwal,55,59,5,56.26758478867095,16.6424044037219,2.1589758426153622,618931,132714,0.090539685156866,0.0866726977047353,0.309699232230854,UTTARAKHAND,TEHRI GARHWAL,TEHRI GARHWAL,99.91583333333332,21.11111111111111,70.57864480943631,21.58965043455948
Uttarakhand,Udham Singh Nagar,56,67,5,55.60099174934409,21.91161148449089,23.871355615602024,1648902,308581,0.156498477732209,0.1453968864171624,1.242238701589144,UTTARAKHAND,UDHAM SINGH NAGAR,UDAM SINGH NAGAR,100.0,28.52777777777778,46.34669939363491,28.9783342638066
Uttarakhand,Uttarkashi,57,56,5,53.80490312033637,25.47184673085196,1.8610702127493828,330086,67602,0.1247072695293125,0.1175227969343911,0.0525724666159831,UTTARAKHAND,UTTARKASHI,UTTAR KASHI,99.98111111111112,34.583333333333336,52.927921798206626,35.012782436631426
Uttar Pradesh,Agra,118,146,9,51.89858626068972,22.598458358689022,12.98999963828884,4418797,710566,0.1231783749435612,0.116162501026753,1.2178381231778477,UTTAR PRADESH,AGRA,AGRA,97.215,29.194444444444443,30.171401682338058,29.700841111411687
Uttar Pradesh,Aligarh,119,143,9,46.99403505328147,20.574464824604117,17.211847091530483,3673889,611371,0.1493677678114617,0.1392120240773365,0.9718019799416938,UTTAR PRADESH,ALIGARH,ALIGARH,99.99027777777778,23.75,24.135119205680088,24.215481473912977
Uttar Pradesh,Ambedkar Nagar,121,178,9,54.008847064222195,24.683012717858382,24.889908797772325,2397888,368728,0.2852934700676809,0.2509870736477539,0.8050677255830033,UTTAR PRADESH,AMBEDKAR NAGAR,AMBEDKAR NAGAR,99.98416666666668,27.72222222222222,40.17254786832016,28.245007973959556
Uttar Pradesh,Amroha,154,137,9,43.63380673652899,17.289499467726973,18.079357625224056,1840221,314401,0.1146554622742345,0.1085453547163569,0.8607765716919907,UTTAR PRADESH,AMROHA,AMROHA,97.22222222222224,24.916666666666668,23.79364252028385,25.304198053109115
Uttar Pradesh,Auraiya,122,162,9,60.146206831846506,28.398638681594296,27.604299385056535,1379545,248197,0.184759635419602,0.169539914704067,0.9744796874391104,UTTAR PRADESH,AURAIYA,AURAIYA,100.0,25.944444444444443,26.448697775692978,26.373057035389984
Uttar Pradesh,Ayodhya,140,177,9,50.56778782335343,22.50015783109321,21.30134379424019,2470996,423375,0.2855366016073235,0.2511762199807195,0.8594936624781567,UTTAR PRADESH,AYODHYA,AYODHYA,100.0,30.22222222222222,40.37095903187087,30.74386373239149
Uttar Pradesh,Azamgarh,123,191,9,52.06313342427721,25.59010107039296,19.593329865148824,4613913,665232,0.2110147714309559,0.1914586622099873,0.9292492701462772,UTTAR PRADESH,AZAMGARH,AZAMGARH,100.0,28.055555555555557,41.491314527152305,28.559935011651874
Uttar Pradesh,Baghpat,124,139,9,51.098381698834785,11.440407414001632,14.780027442387428,1303048,209916,0.2017437079324069,0.1837735920240403,1.0065296365190504,UTTAR PRADESH,BAGHPAT,BAGHPAT,97.22222222222224,23.25,27.042930455831613,23.76651357652377
Uttar Pradesh,Bahraich,125,180,9,31.638163405718416,14.922767839606896,30.034353260197022,3487731,603754,0.3130497705844872,0.2723525006071854,0.5422164698201127,UTTAR PRADESH,BAHRAICH,BAHRAICH,99.99583333333334,35.77777777777778,36.48921270031665,36.28793592296318
Uttar Pradesh,Ballia,126,193,9,51.22498838450109,18.668339211315356,28.303033069837515,3239774,480268,0.3068178389394114,0.2675950515082109,0.9881429952774576,UTTAR PRADESH,BALLIA,BALLIA,100.0,28.833333333333332,41.073696440441466,29.344303703361373
Uttar Pradesh,Balrampur,127,182,9,31.27964377180969,14.059846462803648,31.19284454588459,2148665,323881,0.3632089788884932,0.3098414636971712,0.4462697290212157,UTTAR PRADESH,BALRAMPUR,BALRAMPUR,100.0,34.083333333333336,32.889396118134115,34.5354349680058
Uttar Pradesh,Banda,128,170,9,44.66656429131865,21.563623632190552,32.13673763326932,1799410,319963,0.292422344255026,0.2565182437811694,0.4528867705152212,UTTAR PRADESH,BANDA,BANDA,100.0,34.138888888888886,45.16481172065112,34.61854774000355
Uttar Pradesh,Bara Banki,129,176,9,43.893446685367,26.533237198527065,27.10914857352444,3260699,579058,0.2728167411342667,0.2412323509516927,0.6863284084599572,UTTAR PRADESH,BARA BANKI,BARABANKI,99.96555555555555,34.611111111111114,30.21595966615168,35.073628339353625
Uttar Pradesh,Bareilly,130,150,9,40.61149072987247,12.597387036432986,20.20716305588977,4448359,756784,0.240167777181411,0.215246674642718,1.0032784999655728,UTTAR PRADESH,BAREILLY,BAREILLY,100.0,23.055555555555557,19.94633862421319,23.528886739558956
Uttar Pradesh,Basti,131,185,9,47.47500810458554,21.001686370748367,21.292965897720205,2464464,382212,0.2923070069737904,0.2564289986296356,0.6870971007987462,UTTAR PRADESH,BASTI,BASTI,97.21777777777778,32.638888888888886,43.36259403185807,33.08490498866815
Uttar Pradesh,Bhadohi,179,198,9,47.12195602725407,22.492274490198724,12.584936824425569,1578213,222403,0.3185959272455735,0.2765674789963825,1.2659041278204264,UTTAR PRADESH,BHADOHI,SANT RAVIDAS NAGAR,99.99805555555557,28.36111111111111,44.69930639697603,28.844704993869584
Uttar Pradesh,Bijnor,132,134,9,50.74782940429112,21.46520785084257,25.157363017368876,3682713,633197,0.2657845448524907,0.2356921234982193,0.6425252815437741,UTTAR PRADESH,BIJNOR,BIJNOR,97.22222222222224,17.916666666666668,27.023226791442877,18.443979723104857
Uttar Pradesh,Budaun,133,149,9,32.72643901858486,16.909331496598494,18.00567048390946,3681896,615776,0.3226322282622513,0.2796238633154331,0.6395707662716202,UTTAR PRADESH,BUDAUN,BUDAUN,100.0,28.22222222222222,19.638744070696717,28.678314892262343
Uttar Pradesh,Bulandshahr,134,142,9,47.06069431789256,20.7419986048124,15.451595994649894,3499171,587529,0.1729235855076344,0.1594994230545733,1.0249283130613946,UTTAR PRADESH,BULANDSHAHR,BULANDSHAHR,97.16944444444444,16.47222222222222,23.936784635236915,16.912514577369237
Uttar Pradesh,Chandauli,135,196,9,50.82649534524754,25.016489515331152,23.943414822462103,1952756,296804,0.2374748405105006,0.2130728843534272,0.903607563494974,UTTAR PRADESH,CHANDAULI,CHANDAULI,100.0,32.47222222222222,34.085866742980976,32.99010983082431
Uttar Pradesh,Chitrakoot,136,171,9,43.26058330765136,26.924767829953716,31.67217476841204,991730,168232,0.3208585013948447,0.2782819050375452,0.3961951703379552,UTTAR PRADESH,CHITRAKOOT,CHITRAKOOT,100.0,35.666666666666664,42.858859651931816,36.122291664070104
Uttar Pradesh,Deoria,137,190,9,50.9079570965328,18.6574355051652,18.830564229591857,3100946,468346,0.2610158135157784,0.2319175973607562,0.9501235430865652,UTTAR PRADESH,DEORIA,DEORIA,99.985,31.61111111111111,35.45886478488381,32.119164276406536
Uttar Pradesh,Etah,138,201,9,49.3458793603509,15.84413461971958,19.28438706447545,1774480,290683,0.2529450613653983,0.2254968292746274,0.7833619681381366,UTTAR PRADESH,ETAH,ETAH,99.99333333333334,33.583333333333336,29.31998421170077,34.04554233046317
Uttar Pradesh,Etawah,139,161,9,59.5716580112344,24.557437366055343,23.306912840027877,1581810,277527,0.18798060641798,0.1722548962432162,0.9780734091363116,UTTAR PRADESH,ETAWAH,ETAWAH,99.99444444444444,29.88888888888889,22.612351178039457,30.403721445161953
Uttar Pradesh,Farrukhabad,141,159,9,49.81432686662935,16.59990112475891,20.392006505353013,1885204,314144,0.2753994983920111,0.2432594616043129,0.6592381106993637,UTTAR PRADESH,FARRUKHABAD,FARRUKHABAD,100.0,29.86111111111111,22.24834056293365,30.32462357987294
Uttar Pradesh,Fatehpur,142,172,9,48.16968760692013,24.75830249402427,30.580342487420843,2632733,472238,0.2492078431471615,0.2225096249430688,0.6737245160044599,UTTAR PRADESH,FATEHPUR,FATEHPUR,99.9872222222222,35.0,40.44803352587493,35.443998989659605
Uttar Pradesh,Firozabad,143,147,9,52.26711030691787,19.07226770465896,15.417964643885025,2498156,414266,0.170863902456291,0.1577418545103897,1.05618642852902,UTTAR PRADESH,FIROZABAD,FIROZABAD,99.79444444444444,31.444444444444443,33.23015163245735,31.964420828881252
Uttar Pradesh,Gautam Buddha Nagar,144,141,9,60.282543498425255,13.246648443828253,6.023660172914686,1648115,327090,0.1395574782075259,0.1306400100352633,2.4694893986641864,UTTAR PRADESH,GAUTAM BUDDHA NAGAR,GAUTAM BUDDHA NAGAR,94.25694444444444,18.25,17.541802116758674,18.818949363509084
Uttar Pradesh,Ghaziabad,145,140,9,59.82581262133399,16.605936588528177,6.642690502358109,4681645,850676,0.1201689513611165,0.1134795233599404,1.948496955065428,UTTAR PRADESH,GHAZIABAD,GHAZIABAD,88.88888888888889,9.583333333333334,43.278365251463974,9.988296681509048
Uttar Pradesh,Ghazipur,146,195,9,51.21230369710281,20.86456030327037,28.67837382853402,3620268,546664,0.2800604138063409,0.2469072751039255,0.923316468105032,UTTAR PRADESH,GHAZIPUR,GHAZIPUR,100.0,28.77777777777778,38.75536635311364,29.26760801263908
Uttar Pradesh,Gonda,147,183,9,39.21688052937472,15.517052091211236,27.103559323637928,3433919,541247,0.2757101375485071,0.2435029941861,0.6928465678783894,UTTAR PRADESH,GONDA,GONDA,99.99333333333334,33.97222222222222,38.15999028635056,34.465696731357724
Uttar Pradesh,Gorakhpur,148,188,9,51.15014529951672,21.48740287712274,21.91159742812317,4440895,692960,0.2456378381588832,0.2196477185320167,1.1926596589382823,UTTAR PRADESH,GORAKHPUR,GORAKHPUR,99.82583333333334,28.083333333333332,40.69405157091401,28.56587235546136
Uttar Pradesh,Hamirpur,149,168,9,48.00292903741179,21.88493006787197,30.853207059836414,1104285,204863,0.2309125349144392,0.2077557926182423,0.4618386175298433,UTTAR PRADESH,HAMIRPUR,HAMIRPUR,99.99777777777778,37.416666666666664,40.46071466207994,37.91692545982791
Uttar Pradesh,Hardoi,150,155,9,44.54678992302,31.14835768273658,23.60499489107314,4092845,730442,0.3089734431553684,0.2692431988345418,0.5330240301762862,UTTAR PRADESH,HARDOI,HARDOI,99.99916666666668,33.916666666666664,21.559785069422347,34.433792987164786
Uttar Pradesh,Hathras,163,144,9,49.87983491197273,24.785582996955345,22.970693310010525,1564708,260860,0.120748829815781,0.1139970599447079,0.9181574224759091,UTTAR PRADESH,HATHRAS,HATHRAS,99.99361111111112,23.27777777777778,15.187015928294269,23.836308472256363
Uttar Pradesh,Jalaun,151,165,9,53.80478184216501,27.75249796742435,29.80636073344025,1689974,288338,0.2162877848613607,0.1958034207252288,0.5780522665236181,UTTAR PRADESH,JALAUN,JALAUN,99.97805555555556,37.166666666666664,36.03317331100211,37.56865951398646
Uttar Pradesh,Jaunpur,152,194,9,51.293618132951934,22.141429272013465,22.675331020013452,4494204,663513,0.2487183903752655,0.2221177376474461,0.9715338112366582,UTTAR PRADESH,JAUNPUR,JAUNPUR,99.98111111111112,34.861111111111114,45.83717061252298,35.3600497193489
Uttar Pradesh,Jhansi,153,166,9,55.33640682259365,28.338694578162848,22.639235341698196,1998603,367779,0.1375689020638421,0.1288934432514217,0.797325213226469,UTTAR PRADESH,JHANSI,JHANSI,99.96583333333334,42.97222222222222,38.358743935145746,43.55279799962361
Uttar Pradesh,Kannauj,155,160,9,53.36469464663672,18.71254412609802,19.69729874208583,1656616,280928,0.2654744513905293,0.2354471122496882,0.7722489537553534,UTTAR PRADESH,KANNAUJ,KANNAUJ,100.0,27.083333333333332,22.51017345803331,27.54460693262989
Uttar Pradesh,Kanpur Dehat,156,163,9,57.30128258230893,25.6847294041145,29.76634399566701,1796184,329817,0.2117714362694804,0.192083285926864,0.7092994883884408,UTTAR PRADESH,KANPUR DEHAT,KANPUR DEHAT,100.0,29.02777777777778,26.29147435943854,29.456062399599645
Uttar Pradesh,Kanpur Nagar,157,164,9,66.64474782013536,17.91004149942767,13.033552831757468,4581268,863338,0.189018054254137,0.1731278019954966,1.4607820953658783,UTTAR PRADESH,KANPUR NAGAR,KANPUR NAGAR,100.0,27.194444444444443,23.346220929966066,27.692449403743176
Uttar Pradesh,Kasganj,633,202,9,40.44983748516848,17.71042214935558,17.971698512661714,1436719,237903,0.2914557138231943,0.2557700424688797,0.6166831120189705,UTTAR PRADESH,KASGANJ,KASHGANJ,100.0,29.583333333333332,26.33232009402223,30.220881802095143
Uttar Pradesh,Kaushambi,158,174,9,40.22343652896884,34.733145119142584,45.00568247486227,1599596,277851,0.2696262617988321,0.2387225751128772,0.7605139842348801,UTTAR PRADESH,KAUSHAMBI,KAUSHAMBI,99.66694444444444,31.0,42.765238172740204,31.467007414786956
Uttar Pradesh,Kheri,159,153,9,41.98437770013109,27.731649144306875,26.911585610838102,4021243,745077,0.3299306104774263,0.2851267682992626,0.52201397026628,UTTAR PRADESH,KHERI,KHERI,99.99833333333332,30.194444444444443,26.876791858758377,30.64858866461444
Uttar Pradesh,Kushinagar,160,189,9,44.15132302579632,17.519772515081872,33.854618562926895,3564544,561062,0.2763861258254347,0.2440327455927675,0.7330743618332589,UTTAR PRADESH,KUSHINAGAR,KUSHI NAGAR,99.99805555555557,29.166666666666668,34.133990561811714,29.70221546844746
Uttar Pradesh,Lalitpur,161,167,9,41.95883089525837,25.55100229863981,16.602106808054156,1221592,222094,0.1799085535561043,0.1654369384881745,0.4122768520880117,UTTAR PRADESH,LALITPUR,LALITPUR,99.99833333333332,36.80555555555556,39.15449481456447,37.2878351650898
Uttar Pradesh,Lucknow,162,157,9,63.07934636747835,20.824264385801857,8.896063039959733,4589838,860703,0.1894507472956547,0.1734916436788595,2.0636809223445622,UTTAR PRADESH,LUCKNOW,LUCKNOW,100.0,29.833333333333332,28.77216502192098,30.324646190765105
Uttar Pradesh,Mahoba,165,169,9,45.366943359375,25.291737731717728,27.93407956030698,875958,158435,0.2543464668801961,0.2266146934279943,0.5325753259915392,UTTAR PRADESH,MAHOBA,MAHOBA,100.0,34.333333333333336,39.09254202167752,34.81179383630869
Uttar Pradesh,Mahrajganj,164,187,9,41.250271499498446,18.974575586200785,35.11369404930195,2684703,426565,0.2912124796929307,0.2555816836765319,0.5766361184628972,UTTAR PRADESH,MAHRAJGANJ,MAHARAJGANJ,99.9925,29.52777777777778,40.26173829976406,30.024250372083355
Uttar Pradesh,Mainpuri,166,148,9,56.19309559939302,19.73124313296716,18.744202908786153,1868529,313690,0.2330731748841279,0.2095095694481098,0.8172113203489986,UTTAR PRADESH,MAINPURI,MAINPURI,100.0,32.166666666666664,26.111944612313415,32.64120848559282
Uttar Pradesh,Mathura,167,145,9,47.82811706872284,19.947518514563537,15.108465212618045,2547184,423125,0.1026893109747972,0.097752024233017,1.1200824274969698,UTTAR PRADESH,MATHURA,MATHURA,99.98194444444444,30.38888888888889,33.82734174957972,30.8717769081444
Uttar Pradesh,Mau,168,192,9,54.06250945009389,22.550281781059383,16.987019407826697,2205968,324424,0.3158144193755315,0.2744558042474498,1.0726838937095955,UTTAR PRADESH,MAU,MAU,100.0,30.52777777777778,46.12558706496061,31.01287607610885
Uttar Pradesh,Meerut,169,138,9,54.82061824065821,18.22287088061669,12.600554551475623,3443689,579110,0.1914365005179717,0.1751597224042043,1.310186564952142,UTTAR PRADESH,MEERUT,MEERUT,100.0,36.666666666666664,36.044194563543634,37.21934270700928
Uttar Pradesh,Mirzapur,170,199,9,47.51086380319211,27.28350761122481,28.15351588464525,2496970,394925,0.2944255910891166,0.2580670377455637,0.787525511894068,UTTAR PRADESH,MIRZAPUR,MIRZAPUR,100.0,32.44444444444444,43.79395994597143,33.00764906415612
Uttar Pradesh,Moradabad,171,135,9,39.95085551079416,15.341367969780425,20.208006023703852,4772006,796170,0.2606564606781714,0.2316325858279594,0.9783590725742964,UTTAR PRADESH,MORADABAD,MORADABAD,99.98138888888889,28.166666666666668,28.61480158011357,28.6289965619919
Uttar Pradesh,Muzaffarnagar,172,133,9,49.68062815948901,13.55292322068815,23.084852845394387,4143512,676642,0.101769519719475,0.09691754159638,0.9037417264641454,UTTAR PRADESH,MUZAFFARNAGAR,MUZAFFARNAGAR,99.99916666666668,30.583333333333332,29.955958029804883,31.145587413122403
Uttar Pradesh,Pilibhit,173,151,9,42.419486863989235,16.507673287192016,29.87408694151031,2031007,362573,0.3137830090793219,0.27291076873872,0.373316803955013,UTTAR PRADESH,PILIBHIT,PILIBHIT,99.9986111111111,23.47222222222222,21.63575104370268,23.932038154934443
Uttar Pradesh,Pratapgarh,174,173,9,50.53959437474423,22.123521528035074,23.195476417371744,3209141,533546,0.2684974533362187,0.2378330924369097,0.7887798844590651,UTTAR PRADESH,PRATAPGARH,PRATAPGARH,100.0,33.888888888888886,44.775975599075,34.39448210225666
Uttar Pradesh,Prayagraj,120,175,9,51.951934822843185,22.13166720156604,18.24824438966311,5954391,976733,0.223886196479283,0.2020312030349181,1.2215105321514064,UTTAR PRADESH,PRAYAGRAJ,PRAYAGRAJ,100.0,31.27777777777778,40.85522158319353,31.767923564195357
Uttar Pradesh,Rae Bareli,175,158,9,48.38897603593914,30.30700686730137,26.934307588052768,3405559,619707,0.2498335194943585,0.2230103580398661,0.7470230437079269,UTTAR PRADESH,RAE BARELI,RAE BARELI,99.99833333333332,29.083333333333332,37.600242016850714,29.63264163118457
Uttar Pradesh,Rampur,176,136,9,37.165828784186054,13.198539784118546,26.726756529721797,2335819,393736,0.2255654639469461,0.2034023407126942,0.8690652032549984,UTTAR PRADESH,RAMPUR,RAMPUR,99.9975,26.27777777777778,19.10040653288594,26.81300286721678
Uttar Pradesh,Saharanpur,177,132,9,52.503008069713694,22.081524771361032,23.909115317644368,3466382,597656,0.1126850535186832,0.1067760614667672,0.961079301668029,UTTAR PRADESH,SAHARANPUR,SAHARANPUR,97.22138888888888,19.27777777777778,34.3070610931978,19.883631332759567
Uttar Pradesh,Sant Kabir Nagar,178,186,9,45.87091837398451,21.60888954706291,27.42293362666837,1715183,256645,0.3579919970359624,0.30600713592029,0.6328559052081917,UTTAR PRADESH,SANT KABIR NAGAR,SANT KABEER NAGAR,99.99638888888887,33.138888888888886,47.316104338313046,33.65525117122276
Uttar Pradesh,Shahjahanpur,180,152,9,41.12374878136751,17.734051590234348,25.020621784324018,3006538,527501,0.3143037291104705,0.2733070418376219,0.686833793656733,UTTAR PRADESH,SHAHJAHANPUR,SHAHJAHANPUR,100.0,25.52777777777778,20.05004412294933,26.082445947106883
Uttar Pradesh,Shrawasti,181,181,9,28.008229792306633,17.440021622376296,29.113858791383475,1117361,188289,0.3359517884973362,0.2896439880092326,0.4473223727974255,UTTAR PRADESH,SHRAWASTI,SHRAVASTI,100.0,32.75,33.28703584021586,33.22342036382306
Uttar Pradesh,Siddharthnagar,182,184,9,38.61787910476332,16.441389959821,29.79955038922363,2559297,379351,0.3746101401145363,0.318170156452884,0.5639011372149769,UTTAR PRADESH,SIDDHARTHNAGAR,SIDDHARTH NAGAR,99.92833333333334,31.38888888888889,49.14319704033446,31.884859543441475
Uttar Pradesh,Sitapur,183,154,9,42.0173203940954,32.293300255665045,25.63913946477382,4483992,801764,0.313187255534806,0.2724572017054313,0.6075219913094956,UTTAR PRADESH,SITAPUR,SITAPUR,99.9986111111111,32.833333333333336,29.88637994456377,33.426048346910044
Uttar Pradesh,Sonbhadra,184,200,9,43.055828279371426,43.3102521852999,37.08874208199479,1862559,333174,0.2892761029610236,0.2540809003687713,0.5377282835855025,UTTAR PRADESH,SONBHADRA,SONBHADRA,100.0,30.333333333333332,48.03979725159737,30.774387357434858
Uttar Pradesh,Sultanpur,185,179,9,49.91439715999365,22.44552906850118,27.458185412617393,3797117,623523,0.2183741336678011,0.1975172926195219,0.8514202956200638,UTTAR PRADESH,SULTANPUR,SULTANPUR,99.99277777777776,36.5,42.15760834451024,37.02008792512942
Uttar Pradesh,Unnao,186,156,9,48.74049571123197,30.61137890088268,20.602338313878015,3108367,588533,0.2393069446335604,0.2145523077472913,0.6337568851746831,UTTAR PRADESH,UNNAO,UNNAO,99.9986111111111,33.083333333333336,29.64329739368861,33.55801617638769
Uttar Pradesh,Varanasi,187,197,9,57.82314824522616,14.022227232561866,10.67964433767286,3676841,560162,0.2224885342900779,0.2008885634190861,1.6683011450202665,UTTAR PRADESH,VARANASI,VARANASI,100.0,24.444444444444443,47.06635868277964,24.97282317785992
West Bengal,Bankura,305,339,19,53.09144485405546,42.9045557089689,33.09388002745547,3596674,766902,0.3275948961087656,0.2833689564067336,0.5013086393696391,WEST BENGAL,BANKURA,BANKURA,99.99416666666669,36.22222222222222,49.04675044922912,36.72080894416377
West Bengal,Birbhum,307,334,19,55.91113528561987,36.390691426652474,38.407028017541535,3498925,817015,0.334636771374911,0.2886591734642545,0.7724070336208878,WEST BENGAL,BIRBHUM,BIRBHUM,100.0,29.944444444444443,43.86078671986165,30.500924990646404
West Bengal,Cooch Behar,308,329,19,60.09100986878667,50.81295852627412,30.73648653984794,2819086,665720,0.2620483051869572,0.2327360400797974,0.4419392794138293,WEST BENGAL,COOCH BEHAR,COOCHBEHAR,99.97583333333334,29.86111111111111,60.71003659923362,30.402945285808933
West Bengal,Dakshin Dinajpur,310,331,19,59.48293017628379,45.22644242356271,33.18137785628811,1676276,396406,0.2470736457080807,0.2207997232604262,0.5130251802440895,WEST BENGAL,DAKSHIN DINAJPUR,DINAJPUR DAKSHIN,99.88833333333334,31.61111111111111,48.394181783775,32.14621820026608
West Bengal,Darjeeling,309,327,19,65.73611092787314,38.696940638057896,6.021713224047818,1846823,391234,0.2398145367823733,0.2149618013196804,0.5105441011085684,WEST BENGAL,DARJEELING,DARJEELING GORKHA HILL COUNCIL (DGHC),94.44444444444444,41.083333333333336,49.35943053990318,41.63826348376769
West Bengal,Hooghly,312,338,19,69.0189137183619,28.505574685934143,21.57962726978471,5519145,1287423,0.1848946999244342,0.1696539098154754,1.0709941015899491,WEST BENGAL,HOOGHLY,HOOGHLY,100.0,32.72222222222222,41.09794449028767,33.168734477579754
West Bengal,Howrah,313,341,19,70.76344813788465,15.134857956519436,7.801816119716601,4850029,1061336,0.3307430468575346,0.2857374680768311,1.5608307247241415,WEST BENGAL,HOWRAH,HOWRAH,100.0,30.22222222222222,45.893014799431526,30.769127131569252
West Bengal,Jalpaiguri,314,328,19,58.321965179052405,56.54709740588704,18.43156968706799,3872846,868326,0.2889367956912012,0.2538176891561063,0.507026182329078,WEST BENGAL,JALPAIGURI,JALPAIGURI,99.91722222222222,32.166666666666664,49.78290247385145,32.67993167039995
West Bengal,Kolkata,315,342,19,77.62980810569327,5.617816111125196,0.5647610184855676,4496694,1024928,,,3.7807339594774327,WEST BENGAL,KOLKATA,KOLKATA,,,,
West Bengal,Malda,316,332,19,48.34173523602184,28.83665361504128,30.85486015560443,3938973,836616,0.4935115785731758,0.4011301112875485,0.6382233073927265,WEST BENGAL,MALDA,MALDAH,100.0,35.138888888888886,55.31248044903329,35.71326299651662
West Bengal,Murshidabad,319,333,19,54.042453303753504,13.91604529796488,31.01386045973385,7103807,1570759,0.3351914651184778,0.2890747011330132,0.7489469858373643,WEST BENGAL,MURSHIDABAD,MURSHIDABAD,99.89166666666668,37.69444444444444,32.81122407508799,38.20361373527378
West Bengal,Nadia,320,336,19,63.71503744084728,32.65765539128416,28.923227310324084,5167600,1232282,0.2527604686920233,0.2253494913919475,0.8501173161592823,WEST BENGAL,NADIA,NADIA,100.0,27.833333333333332,43.41923405474539,28.241237523227827
West Bengal,North 24 Parganas,303,337,19,72.64633140635559,24.31129000345749,14.208016969486676,10007260,2348135,0.2366445832773212,0.2124017306036426,1.430770177518182,WEST BENGAL,NORTH 24 PARGANAS,24 PARGANAS (NORTH),100.0,36.916666666666664,56.356460067091824,37.40615586112111
West Bengal,Paschim Medinipur,318,344,19,62.342970932303885,33.96645992420477,32.39243751787852,5912509,1301415,0.2650496777294766,0.2351113923407932,0.5765132916377683,WEST BENGAL,PASCHIM MEDINIPUR,PASCHIM MEDINIPUR,100.0,36.97222222222222,43.245237466279995,37.46494420186352
West Bengal,Purba Bardhaman,306,335,19,62.099985229321454,33.75632955636384,27.889153392512817,7717563,1730927,0.3651652611489552,0.3112754917472839,1.1571341003248723,WEST BENGAL,PURBA BARDHAMAN,PURBA BARDHAMAN,100.0,25.88888888888889,41.01709700482402,26.424683462778617
West Bengal,Purba Medinipur,317,345,19,71.97055776799779,15.169181227029114,24.617002209980257,5064835,1107469,0.2734442719604633,0.2417252547315287,1.0112126397028849,WEST BENGAL,PURBA MEDINIPUR,PURBA MEDINIPUR,100.0,36.333333333333336,48.072131821250515,36.85893571525179
West Bengal,Purulia,321,340,19,43.46094078719213,37.828515263052815,20.944802558860644,2930115,567824,0.4212568942678134,0.3515416169189091,0.3701083975624286,WEST BENGAL,PURULIA,PURULIA,100.0,37.05555555555556,46.33105248260864,37.60590806138506
West Bengal,South 24 Parganas,304,343,19,62.41118919933967,31.37818258869484,19.422964500624857,8140975,1776835,0.4362278344091143,0.3620201171002868,0.8092492104111769,WEST BENGAL,SOUTH 24 PARGANAS,24 PARGANAS SOUTH,99.98388888888888,43.72222222222222,41.81984607435418,44.25980468220417
West Bengal,Uttar Dinajpur,311,330,19,43.691091350129255,32.28209983326317,35.688464253914034,3007134,605674,0.390705893377944,0.3298114551995999,0.6917189322942986,WEST BENGAL,UTTAR DINAJPUR,DINAJPUR UTTAR,99.9986111111111,40.583333333333336,52.11857167953475,41.13399412103561
