State,District,tier,positive_1,positive_2,positive_3,negative_1,negative_2,negative_3
Andaman And Nicobar Islands,Nicobars,Tier V - Special Challenge Districts,wage_timeliness_pct (3.90),agri_worker_pct (0.63),avg_days_per_hh (0.37),poverty_log (-0.10),night_lights_log (-0.06),female_literacy_pct (0.03)
Andaman And Nicobar Islands,North And Middle Andaman,Tier II - Strong Performing Districts,avg_days_per_hh (0.98),persondays_per_hh (0.62),night_lights_log (0.23),women_pct (-0.15),agri_worker_pct (-0.01),female_literacy_pct (0.03)
Andaman And Nicobar Islands,South Andamans,Tier II - Strong Performing Districts,avg_days_per_hh (1.00),persondays_per_hh (0.60),women_pct (0.31),poverty_log (-0.20),agri_worker_pct (-0.12),female_literacy_pct (-0.03)
Andhra Pradesh,Ananthapuramu,Tier I - High Impact Districts,avg_days_per_hh (1.91),persondays_per_hh (1.18),poverty_log (0.13),female_literacy_pct (-0.22),wage_timeliness_pct (-0.14),scst_pct (-0.06)
Andhra Pradesh,Chittoor,Tier I - High Impact Districts,avg_days_per_hh (1.21),persondays_per_hh (1.06),female_literacy_pct (0.47),women_pct (-0.29),agri_worker_pct (-0.09),poverty_log (0.00)
Andhra Pradesh,East Godavari,Tier IV - Improvement Potential Districts,female_literacy_pct (0.69),poverty_log (0.59),persondays_per_hh (0.57),women_pct (-0.13),wage_timeliness_pct (-0.12),agri_worker_pct (-0.11)
Andhra Pradesh,Guntur,Tier IV - Improvement Potential Districts,avg_days_per_hh (0.69),persondays_per_hh (0.29),scst_pct (0.18),poverty_log (-0.39),agri_worker_pct (-0.35),night_lights_log (-0.09)
Andhra Pradesh,Krishna,Tier IV - Improvement Potential Districts,women_pct (0.55),agri_worker_pct (0.37),avg_days_per_hh (0.34),scst_pct (-0.26),female_literacy_pct (-0.24),poverty_log (-0.00)
Andhra Pradesh,Kurnool,Tier IV - Improvement Potential Districts,women_pct (0.50),avg_days_per_hh (0.40),agri_worker_pct (0.30),poverty_log (-0.20),scst_pct (-0.18),night_lights_log (-0.16)
Andhra Pradesh,Prakasam,Tier I - High Impact Districts,avg_days_per_hh (0.75),persondays_per_hh (0.74),wage_timeliness_pct (0.45),women_pct (-0.22),female_literacy_pct (-0.15),night_lights_log (0.08)
Andhra Pradesh,Srikakulam,Tier I - High Impact Districts,avg_days_per_hh (1.58),persondays_per_hh (1.13),poverty_log (0.35),women_pct (-0.32),scst_pct (-0.06),female_literacy_pct (0.03)
Andhra Pradesh,Sri Potti Sriramulu Nellore,Tier IV - Improvement Potential Districts,women_pct (0.51),scst_pct (0.35),avg_days_per_hh (0.34),female_literacy_pct (-0.17),night_lights_log (-0.08),poverty_log (-0.06)
Andhra Pradesh,Visakhapatnam,Tier I - High Impact Districts,avg_days_per_hh (1.82),persondays_per_hh (1.20),poverty_log (0.36),women_pct (-0.24),wage_timeliness_pct (-0.11),agri_worker_pct (-0.03)
Andhra Pradesh,Vizianagaram,Tier I - High Impact Districts,avg_days_per_hh (2.03),persondays_per_hh (1.21),poverty_log (0.34),women_pct (-0.28),wage_timeliness_pct (-0.14),female_literacy_pct (-0.08)
Andhra Pradesh,West Godavari,Tier IV - Improvement Potential Districts,agri_worker_pct (0.78),women_pct (0.53),avg_days_per_hh (0.36),scst_pct (-0.26),female_literacy_pct (-0.26),poverty_log (-0.09)
Andhra Pradesh,Y.S.R. Kadapa,Tier I - High Impact Districts,avg_days_per_hh (1.89),persondays_per_hh (1.17),night_lights_log (0.12),women_pct (-0.24),wage_timeliness_pct (-0.14),female_literacy_pct (-0.14)
Arunachal Pradesh,Anjaw,Tier V - Special Challenge Districts,wage_timeliness_pct (3.87),agri_worker_pct (0.55),persondays_per_hh (0.19),avg_days_per_hh (-0.14),women_pct (-0.14),female_literacy_pct (-0.08)
Arunachal Pradesh,Changlang,Tier IV - Improvement Potential Districts,avg_days_per_hh (0.28),agri_worker_pct (0.28),persondays_per_hh (0.25),wage_timeliness_pct (-0.04),poverty_log (0.01),night_lights_log (0.02)
Arunachal Pradesh,Dibang Valley,Tier II - Strong Performing Districts,avg_days_per_hh (0.78),persondays_per_hh (0.44),women_pct (0.33),agri_worker_pct (-0.23),scst_pct (-0.13),female_literacy_pct (-0.11)
Arunachal Pradesh,East Kameng,Tier II - Strong Performing Districts,female_literacy_pct (0.59),avg_days_per_hh (0.50),women_pct (0.32),agri_worker_pct (-0.33),persondays_per_hh (0.06),scst_pct (0.09)
Arunachal Pradesh,East Siang,Tier II - Strong Performing Districts,avg_days_per_hh (0.89),persondays_per_hh (0.47),women_pct (0.40),scst_pct (-0.18),female_literacy_pct (-0.14),agri_worker_pct (-0.08)
Arunachal Pradesh,Kurung Kumey,Tier II - Strong Performing Districts,avg_days_per_hh (0.76),women_pct (0.41),persondays_per_hh (0.37),agri_worker_pct (-0.19),scst_pct (-0.01),female_literacy_pct (0.02)
Arunachal Pradesh,Lohit,Tier I - High Impact Districts,avg_days_per_hh (1.73),persondays_per_hh (1.20),women_pct (0.27),wage_timeliness_pct (-0.99),female_literacy_pct (-0.15),poverty_log (-0.06)
Arunachal Pradesh,Lower Dibang Valley,Tier V - Special Challenge Districts,wage_timeliness_pct (3.75),persondays_per_hh (0.38),avg_days_per_hh (0.34),agri_worker_pct (-0.16),night_lights_log (-0.03),female_literacy_pct (0.03)
Arunachal Pradesh,Lower Subansiri,Tier II - Strong Performing Districts,avg_days_per_hh (0.83),persondays_per_hh (0.42),women_pct (0.33),female_literacy_pct (-0.17),agri_worker_pct (-0.11),scst_pct (-0.08)
Arunachal Pradesh,Papum Pare,Tier IV - Improvement Potential Districts,avg_days_per_hh (0.31),women_pct (0.30),persondays_per_hh (0.25),poverty_log (-0.09),night_lights_log (-0.03),wage_timeliness_pct (-0.00)
Arunachal Pradesh,Tawang,Tier II - Strong Performing Districts,female_literacy_pct (0.64),avg_days_per_hh (0.47),women_pct (0.35),wage_timeliness_pct (-0.34),agri_worker_pct (-0.09),poverty_log (0.12)
Arunachal Pradesh,Tirap,Tier II - Strong Performing Districts,night_lights_log (0.49),wage_timeliness_pct (0.33),female_literacy_pct (0.30),avg_days_per_hh (-0.27),persondays_per_hh (-0.22),poverty_log (-0.06)
Arunachal Pradesh,Upper Siang,Tier II - Strong Performing Districts,avg_days_per_hh (0.90),persondays_per_hh (0.51),women_pct (0.30),agri_worker_pct (-0.13),poverty_log (-0.05),scst_pct (-0.01)
Arunachal Pradesh,Upper Subansiri,Tier IV - Improvement Potential Districts,poverty_log (0.66),avg_days_per_hh (0.45),persondays_per_hh (0.29),agri_worker_pct (-0.21),wage_timeliness_pct (-0.06),scst_pct (-0.05)
Arunachal Pradesh,West Kameng,Tier II - Strong Performing Districts,avg_days_per_hh (0.83),night_lights_log (0.34),wage_timeliness_pct (0.31),agri_worker_pct (-0.10),female_literacy_pct (-0.02),scst_pct (-0.01)
Arunachal Pradesh,West Siang,Tier II - Strong Performing Districts,avg_days_per_hh (0.81),persondays_per_hh (0.44),women_pct (0.20),agri_worker_pct (-0.31),scst_pct (-0.14),female_literacy_pct (-0.11)
Assam,Baksa,Tier IV - Improvement Potential Districts,avg_days_per_hh (0.93),persondays_per_hh (0.47),women_pct (0.40),scst_pct (-0.35),female_literacy_pct (-0.12),agri_worker_pct (-0.09)
Assam,Barpeta,Tier II - Strong Performing Districts,avg_days_per_hh (0.92),women_pct (0.50),persondays_per_hh (0.45),female_literacy_pct (-0.02),agri_worker_pct (-0.01),night_lights_log (0.03)
Assam,Bongaigaon,Tier II - Strong Performing Districts,avg_days_per_hh (1.03),persondays_per_hh (0.57),women_pct (0.52),female_literacy_pct (-0.07),night_lights_log (0.00),agri_worker_pct (0.01)
Assam,Cachar,Tier II - Strong Performing Districts,avg_days_per_hh (1.10),persondays_per_hh (0.64),women_pct (0.35),agri_worker_pct (-0.15),female_literacy_pct (0.01),poverty_log (0.02)
Assam,Chirang,Tier II - Strong Performing Districts,avg_days_per_hh (0.98),persondays_per_hh (0.48),women_pct (0.42),scst_pct (-0.25),agri_worker_pct (-0.13),night_lights_log (-0.02)
Assam,Darrang,Tier II - Strong Performing Districts,avg_days_per_hh (0.95),persondays_per_hh (0.57),women_pct (0.41),female_literacy_pct (-0.01),night_lights_log (0.02),wage_timeliness_pct (0.04)
Assam,Dhemaji,Tier IV - Improvement Potential Districts,scst_pct (0.38),women_pct (0.33),poverty_log (0.33),persondays_per_hh (-0.26),agri_worker_pct (-0.12),avg_days_per_hh (-0.09)
Assam,Dhubri,Tier II - Strong Performing Districts,avg_days_per_hh (0.99),persondays_per_hh (0.52),women_pct (0.43),night_lights_log (0.04),poverty_log (0.04),scst_pct (0.05)
Assam,Dibrugarh,Tier II - Strong Performing Districts,avg_days_per_hh (1.12),persondays_per_hh (0.61),women_pct (0.38),agri_worker_pct (-0.10),poverty_log (-0.04),female_literacy_pct (-0.02)
Assam,Dima Hasao,Tier II - Strong Performing Districts,avg_days_per_hh (0.95),persondays_per_hh (0.48),women_pct (0.26),female_literacy_pct (-0.14),scst_pct (-0.14),agri_worker_pct (-0.05)
Assam,Goalpara,Tier II - Strong Performing Districts,avg_days_per_hh (1.02),persondays_per_hh (0.49),women_pct (0.36),female_literacy_pct (-0.04),night_lights_log (-0.01),poverty_log (-0.00)
Assam,Golaghat,Tier II - Strong Performing Districts,avg_days_per_hh (1.08),persondays_per_hh (0.62),women_pct (0.38),agri_worker_pct (-0.10),night_lights_log (-0.05),female_literacy_pct (-0.01)
Assam,Hailakandi,Tier II - Strong Performing Districts,avg_days_per_hh (1.17),persondays_per_hh (0.59),women_pct (0.28),female_literacy_pct (-0.04),agri_worker_pct (-0.02),poverty_log (0.03)
Assam,Jorhat,Tier II - Strong Performing Districts,avg_days_per_hh (1.06),persondays_per_hh (0.58),women_pct (0.48),agri_worker_pct (-0.08),night_lights_log (0.03),female_literacy_pct (0.04)
Assam,Kamrup,Tier II - Strong Performing Districts,avg_days_per_hh (1.06),persondays_per_hh (0.59),women_pct (0.54),agri_worker_pct (-0.06),female_literacy_pct (-0.04),night_lights_log (-0.04)
Assam,Kamrup Metro,Tier IV - Improvement Potential Districts,avg_days_per_hh (1.08),persondays_per_hh (0.63),women_pct (0.43),agri_worker_pct (-0.25),night_lights_log (-0.17),female_literacy_pct (-0.10)
Assam,Karbi Anglong,Tier II - Strong Performing Districts,avg_days_per_hh (0.95),persondays_per_hh (0.48),women_pct (0.33),scst_pct (-0.20),agri_worker_pct (-0.12),female_literacy_pct (-0.08)
Assam,Kokrajhar,Tier IV - Improvement Potential Districts,scst_pct (0.61),female_literacy_pct (0.39),poverty_log (0.33),persondays_per_hh (-0.31),avg_days_per_hh (-0.14),agri_worker_pct (0.07)
Assam,Lakhimpur,Tier IV - Improvement Potential Districts,scst_pct (0.53),agri_worker_pct (0.34),women_pct (0.28),persondays_per_hh (-0.05),avg_days_per_hh (-0.05),female_literacy_pct (0.00)
Assam,Marigaon,Tier II - Strong Performing Districts,avg_days_per_hh (0.94),persondays_per_hh (0.46),women_pct (0.39),female_literacy_pct (-0.05),agri_worker_pct (-0.01),night_lights_log (0.00)
Assam,Nagaon,Tier II - Strong Performing Districts,avg_days_per_hh (1.00),persondays_per_hh (0.57),women_pct (0.57),female_literacy_pct (-0.07),agri_worker_pct (-0.02),night_lights_log (0.01)
Assam,Nalbari,Tier II - Strong Performing Districts,avg_days_per_hh (0.83),women_pct (0.52),persondays_per_hh (0.29),agri_worker_pct (-0.15),female_literacy_pct (0.00),night_lights_log (0.03)
Assam,Sivasagar,Tier II - Strong Performing Districts,avg_days_per_hh (1.11),persondays_per_hh (0.62),women_pct (0.36),agri_worker_pct (-0.14),night_lights_log (-0.06),female_literacy_pct (0.05)
Assam,Sonitpur,Tier II - Strong Performing Districts,avg_days_per_hh (1.01),persondays_per_hh (0.56),women_pct (0.39),poverty_log (-0.10),agri_worker_pct (-0.10),female_literacy_pct (-0.04)
Assam,Sribhumi,Tier II - Strong Performing Districts,avg_days_per_hh (1.17),persondays_per_hh (0.63),women_pct (0.28),poverty_log (-0.26),female_literacy_pct (-0.08),agri_worker_pct (0.02)
Assam,Tinsukia,Tier II - Strong Performing Districts,avg_days_per_hh (1.07),persondays_per_hh (0.59),women_pct (0.41),agri_worker_pct (-0.13),female_literacy_pct (-0.03),night_lights_log (0.03)
Assam,Udalguri,Tier IV - Improvement Potential Districts,scst_pct (0.61),poverty_log (0.42),women_pct (0.27),persondays_per_hh (-0.48),avg_days_per_hh (-0.21),agri_worker_pct (0.02)
Bihar,Araria,Tier IV - Improvement Potential Districts,agri_worker_pct (0.62),poverty_log (0.55),women_pct (0.18),avg_days_per_hh (-0.36),scst_pct (-0.13),persondays_per_hh (-0.11)
Bihar,Arwal,Tier IV - Improvement Potential Districts,agri_worker_pct (0.64),poverty_log (0.55),female_literacy_pct (0.44),scst_pct (-0.10),wage_timeliness_pct (0.04),night_lights_log (0.18)
Bihar,Aurangabad,Tier IV - Improvement Potential Districts,poverty_log (0.54),female_literacy_pct (0.53),avg_days_per_hh (0.39),scst_pct (-0.07),women_pct (-0.03),wage_timeliness_pct (0.04)
Bihar,Banka,Tier IV - Improvement Potential Districts,women_pct (0.57),avg_days_per_hh (0.45),poverty_log (0.31),night_lights_log (-0.01),scst_pct (0.06),wage_timeliness_pct (0.06)
Bihar,Begusarai,Tier III - Inclusive Development Districts,women_pct (3.19),avg_days_per_hh (0.63),night_lights_log (0.34),female_literacy_pct (-0.26),poverty_log (-0.16),wage_timeliness_pct (0.05)
Bihar,Bhagalpur,Tier IV - Improvement Potential Districts,female_literacy_pct (0.43),avg_days_per_hh (0.39),women_pct (0.33),scst_pct (-0.08),wage_timeliness_pct (-0.07),poverty_log (-0.06)
Bihar,Bhojpur,Tier IV - Improvement Potential Districts,female_literacy_pct (0.39),avg_days_per_hh (0.36),poverty_log (0.35),women_pct (0.01),persondays_per_hh (0.06),wage_timeliness_pct (0.10)
Bihar,Buxar,Tier IV - Improvement Potential Districts,female_literacy_pct (0.41),agri_worker_pct (0.33),scst_pct (0.28),persondays_per_hh (-0.07),poverty_log (0.03),wage_timeliness_pct (0.11)
Bihar,Darbhanga,Tier IV - Improvement Potential Districts,women_pct (0.49),avg_days_per_hh (0.36),agri_worker_pct (0.30),poverty_log (-0.18),wage_timeliness_pct (0.06),night_lights_log (0.08)
Bihar,Gaya,Tier IV - Improvement Potential Districts,women_pct (0.50),avg_days_per_hh (0.31),agri_worker_pct (0.25),poverty_log (-0.04),female_literacy_pct (0.02),night_lights_log (0.06)
Bihar,Gopalganj,Tier II - Strong Performing Districts,avg_days_per_hh (0.87),agri_worker_pct (0.48),women_pct (0.48),night_lights_log (-0.04),scst_pct (0.03),female_literacy_pct (0.04)
Bihar,Jamui,Tier IV - Improvement Potential Districts,women_pct (0.62),avg_days_per_hh (0.44),persondays_per_hh (0.31),scst_pct (-0.08),wage_timeliness_pct (-0.07),night_lights_log (-0.01)
Bihar,Jehanabad,Tier IV - Improvement Potential Districts,poverty_log (0.53),avg_days_per_hh (0.45),female_literacy_pct (0.43),scst_pct (-0.07),wage_timeliness_pct (0.03),night_lights_log (0.14)
Bihar,Kaimur (Bhabua),Tier IV - Improvement Potential Districts,female_literacy_pct (0.49),avg_days_per_hh (0.35),agri_worker_pct (0.30),scst_pct (-0.23),women_pct (-0.08),night_lights_log (-0.01)
Bihar,Katihar,Tier IV - Improvement Potential Districts,agri_worker_pct (0.61),women_pct (0.51),avg_days_per_hh (0.36),poverty_log (-0.27),scst_pct (-0.07),night_lights_log (-0.01)
Bihar,Khagaria,Tier III - Inclusive Development Districts,women_pct (3.02),avg_days_per_hh (0.62),night_lights_log (0.29),female_literacy_pct (-0.47),poverty_log (-0.18),wage_timeliness_pct (0.05)
Bihar,Kishanganj,Tier IV - Improvement Potential Districts,women_pct (0.64),agri_worker_pct (0.55),avg_days_per_hh (0.51),night_lights_log (-0.08),scst_pct (-0.03),wage_timeliness_pct (-0.02)
Bihar,Lakhisarai,Tier IV - Improvement Potential Districts,poverty_log (0.69),avg_days_per_hh (0.44),persondays_per_hh (0.34),female_literacy_pct (-0.07),night_lights_log (0.13),scst_pct (0.19)
Bihar,Madhepura,Tier IV - Improvement Potential Districts,agri_worker_pct (0.63),women_pct (0.57),avg_days_per_hh (0.44),scst_pct (-0.09),wage_timeliness_pct (0.06),night_lights_log (0.10)
Bihar,Madhubani,Tier III - Inclusive Development Districts,women_pct (3.12),avg_days_per_hh (0.63),night_lights_log (0.30),female_literacy_pct (-0.54),poverty_log (-0.17),wage_timeliness_pct (0.05)
Bihar,Munger,Tier II - Strong Performing Districts,avg_days_per_hh (0.57),women_pct (0.50),agri_worker_pct (0.47),female_literacy_pct (-0.02),persondays_per_hh (0.00),night_lights_log (0.03)
Bihar,Muzaffarpur,Tier IV - Improvement Potential Districts,agri_worker_pct (0.35),female_literacy_pct (0.35),women_pct (0.34),poverty_log (-0.08),wage_timeliness_pct (0.08),night_lights_log (0.10)
Bihar,Nalanda,Tier IV - Improvement Potential Districts,women_pct (0.63),poverty_log (0.52),avg_days_per_hh (0.49),scst_pct (-0.08),wage_timeliness_pct (0.03),night_lights_log (0.11)
Bihar,Nawada,Tier IV - Improvement Potential Districts,women_pct (0.54),poverty_log (0.53),avg_days_per_hh (0.39),scst_pct (-0.21),female_literacy_pct (-0.04),wage_timeliness_pct (0.00)
Bihar,Pashchim Champaran,Tier IV - Improvement Potential Districts,agri_worker_pct (0.71),women_pct (0.46),female_literacy_pct (0.35),scst_pct (-0.13),poverty_log (-0.08),night_lights_log (-0.06)
Bihar,Patna,Tier IV - Improvement Potential Districts,avg_days_per_hh (0.47),persondays_per_hh (0.31),women_pct (0.20),agri_worker_pct (-0.11),female_literacy_pct (-0.07),poverty_log (0.02)
Bihar,Purbi Champaran,Tier IV - Improvement Potential Districts,agri_worker_pct (0.66),women_pct (0.51),avg_days_per_hh (0.41),scst_pct (-0.15),poverty_log (-0.02),night_lights_log (0.05)
Bihar,Purnia,Tier IV - Improvement Potential Districts,agri_worker_pct (0.64),women_pct (0.37),poverty_log (0.35),female_literacy_pct (0.03),wage_timeliness_pct (0.05),persondays_per_hh (0.06)
Bihar,Rohtas,Tier II - Strong Performing Districts,avg_days_per_hh (0.97),women_pct (0.63),persondays_per_hh (0.46),female_literacy_pct (-0.04),night_lights_log (0.01),wage_timeliness_pct (0.12)
Bihar,Saharsa,Tier IV - Improvement Potential Districts,women_pct (0.59),avg_days_per_hh (0.46),agri_worker_pct (0.27),scst_pct (-0.09),wage_timeliness_pct (0.05),poverty_log (0.05)
Bihar,Samastipur,Tier IV - Improvement Potential Districts,women_pct (0.53),avg_days_per_hh (0.46),agri_worker_pct (0.29),poverty_log (0.01),female_literacy_pct (0.02),wage_timeliness_pct (0.07)
Bihar,Saran,Tier IV - Improvement Potential Districts,avg_days_per_hh (0.49),female_literacy_pct (0.39),persondays_per_hh (0.33),scst_pct (-0.12),agri_worker_pct (-0.11),poverty_log (-0.10)
Bihar,Sheikhpura,Tier IV - Improvement Potential Districts,poverty_log (0.49),avg_days_per_hh (0.44),women_pct (0.37),scst_pct (-0.10),wage_timeliness_pct (0.00),female_literacy_pct (0.08)
Bihar,Sheohar,Tier IV - Improvement Potential Districts,agri_worker_pct (0.67),avg_days_per_hh (0.41),female_literacy_pct (0.26),poverty_log (-0.11),scst_pct (-0.04),wage_timeliness_pct (0.04)
Bihar,Sitamarhi,Tier II - Strong Performing Districts,avg_days_per_hh (0.60),poverty_log (0.40),persondays_per_hh (0.31),women_pct (-0.71),agri_worker_pct (-0.45),wage_timeliness_pct (0.02)
Bihar,Siwan,Tier II - Strong Performing Districts,avg_days_per_hh (0.74),women_pct (0.45),agri_worker_pct (0.35),female_literacy_pct (-0.03),night_lights_log (-0.00),scst_pct (0.04)
Bihar,Supaul,Tier IV - Improvement Potential Districts,agri_worker_pct (0.61),avg_days_per_hh (0.46),women_pct (0.44),wage_timeliness_pct (0.05),night_lights_log (0.11),scst_pct (0.14)
Bihar,Vaishali,Tier III - Inclusive Development Districts,women_pct (3.23),avg_days_per_hh (0.64),night_lights_log (0.35),female_literacy_pct (-0.22),poverty_log (-0.17),scst_pct (0.00)
Chhattisgarh,Bastar,Tier IV - Improvement Potential Districts,avg_days_per_hh (0.35),women_pct (0.33),persondays_per_hh (0.23),poverty_log (-0.23),night_lights_log (-0.02),wage_timeliness_pct (-0.02)
Chhattisgarh,Bijapur,Tier IV - Improvement Potential Districts,poverty_log (0.97),women_pct (0.36),night_lights_log (0.30),avg_days_per_hh (-0.46),persondays_per_hh (-0.15),female_literacy_pct (0.02)
Chhattisgarh,Bilaspur,Tier IV - Improvement Potential Districts,poverty_log (0.63),women_pct (0.36),night_lights_log (0.15),wage_timeliness_pct (-0.06),female_literacy_pct (-0.05),persondays_per_hh (0.06)
Chhattisgarh,Dakshin Bastar Dantewada,Tier I - High Impact Districts,avg_days_per_hh (1.52),persondays_per_hh (1.15),agri_worker_pct (0.20),female_literacy_pct (-0.30),women_pct (-0.20),poverty_log (-0.11)
Chhattisgarh,Dhamtari,Tier II - Strong Performing Districts,avg_days_per_hh (0.43),persondays_per_hh (0.33),scst_pct (0.30),female_literacy_pct (-0.13),night_lights_log (-0.10),wage_timeliness_pct (0.04)
Chhattisgarh,Durg,Tier III - Inclusive Development Districts,women_pct (3.22),avg_days_per_hh (0.62),night_lights_log (0.27),poverty_log (-0.11),scst_pct (0.03),female_literacy_pct (0.03)
Chhattisgarh,Janjgir-Champa,Tier II - Strong Performing Districts,avg_days_per_hh (0.76),women_pct (0.43),agri_worker_pct (0.41),scst_pct (-0.25),poverty_log (-0.13),female_literacy_pct (-0.09)
Chhattisgarh,Jashpur,Tier I - High Impact Districts,persondays_per_hh (0.92),avg_days_per_hh (0.87),women_pct (0.49),poverty_log (-0.25),female_literacy_pct (-0.14),agri_worker_pct (-0.06)
Chhattisgarh,Kabeerdham,Tier I - High Impact Districts,avg_days_per_hh (1.67),persondays_per_hh (1.13),night_lights_log (0.15),poverty_log (-0.41),women_pct (-0.20),wage_timeliness_pct (-0.11)
Chhattisgarh,Korba,Tier IV - Improvement Potential Districts,poverty_log (0.68),women_pct (0.47),avg_days_per_hh (0.33),female_literacy_pct (-0.10),agri_worker_pct (-0.08),wage_timeliness_pct (-0.07)
Chhattisgarh,Korea,Tier I - High Impact Districts,avg_days_per_hh (0.96),persondays_per_hh (0.88),women_pct (0.38),poverty_log (-0.10),agri_worker_pct (0.02),night_lights_log (0.05)
Chhattisgarh,Mahasamund,Tier I - High Impact Districts,avg_days_per_hh (0.95),persondays_per_hh (0.90),wage_timeliness_pct (0.38),women_pct (-0.20),poverty_log (-0.14),agri_worker_pct (0.05)
Chhattisgarh,Narayanpur,Tier IV - Improvement Potential Districts,poverty_log (0.79),avg_days_per_hh (0.35),women_pct (0.33),wage_timeliness_pct (-0.11),agri_worker_pct (0.04),scst_pct (0.09)
Chhattisgarh,Raigarh,Tier II - Strong Performing Districts,women_pct (0.52),avg_days_per_hh (0.51),poverty_log (0.37),female_literacy_pct (-0.09),scst_pct (-0.03),night_lights_log (0.00)
Chhattisgarh,Raipur,Tier I - High Impact Districts,female_literacy_pct (0.76),persondays_per_hh (0.62),wage_timeliness_pct (0.30),women_pct (-0.30),poverty_log (-0.14),agri_worker_pct (-0.08)
Chhattisgarh,Rajnandgaon,Tier I - High Impact Districts,avg_days_per_hh (0.78),persondays_per_hh (0.76),female_literacy_pct (0.54),women_pct (-0.41),wage_timeliness_pct (-0.16),poverty_log (-0.14)
Chhattisgarh,Surguja,Tier II - Strong Performing Districts,women_pct (0.45),agri_worker_pct (0.42),wage_timeliness_pct (0.30),poverty_log (-0.03),persondays_per_hh (0.02),scst_pct (0.04)
Chhattisgarh,Uttar Bastar Kanker,Tier I - High Impact Districts,avg_days_per_hh (0.88),persondays_per_hh (0.87),wage_timeliness_pct (0.41),women_pct (-0.19),poverty_log (-0.15),agri_worker_pct (-0.07)
Goa,North Goa,Tier III - Inclusive Development Districts,women_pct (3.27),female_literacy_pct (0.39),avg_days_per_hh (0.35),agri_worker_pct (-0.69),scst_pct (0.05),wage_timeliness_pct (0.05)
Goa,South Goa,Tier III - Inclusive Development Districts,women_pct (2.69),avg_days_per_hh (0.46),female_literacy_pct (0.38),wage_timeliness_pct (-0.63),agri_worker_pct (-0.22),scst_pct (0.01)
Gujarat,Ahmedabad,Tier I - High Impact Districts,avg_days_per_hh (1.22),persondays_per_hh (1.00),women_pct (0.46),night_lights_log (-0.29),female_literacy_pct (-0.13),scst_pct (-0.07)
Gujarat,Amreli,Tier IV - Improvement Potential Districts,scst_pct (0.44),avg_days_per_hh (0.29),women_pct (0.29),female_literacy_pct (-0.17),agri_worker_pct (-0.10),poverty_log (-0.07)
Gujarat,Anand,Tier II - Strong Performing Districts,avg_days_per_hh (0.93),persondays_per_hh (0.47),women_pct (0.47),agri_worker_pct (-0.17),poverty_log (-0.04),scst_pct (-0.02)
Gujarat,Banas Kantha,Tier IV - Improvement Potential Districts,avg_days_per_hh (0.47),persondays_per_hh (0.29),women_pct (0.23),scst_pct (-0.15),agri_worker_pct (-0.12),night_lights_log (-0.05)
Gujarat,Bharuch,Tier IV - Improvement Potential Districts,women_pct (0.35),avg_days_per_hh (0.29),scst_pct (0.29),female_literacy_pct (-0.11),poverty_log (-0.10),wage_timeliness_pct (0.05)
Gujarat,Bhavnagar,Tier I - High Impact Districts,avg_days_per_hh (1.37),persondays_per_hh (1.05),female_literacy_pct (0.47),scst_pct (-0.80),wage_timeliness_pct (-0.12),agri_worker_pct (-0.04)
Gujarat,Dahod,Tier IV - Improvement Potential Districts,poverty_log (0.95),avg_days_per_hh (0.26),wage_timeliness_pct (0.22),night_lights_log (-0.06),scst_pct (-0.06),agri_worker_pct (0.04)
Gujarat,Dangs,Tier I - High Impact Districts,avg_days_per_hh (1.66),persondays_per_hh (1.28),female_literacy_pct (0.45),poverty_log (-0.35),agri_worker_pct (-0.08),night_lights_log (0.03)
Gujarat,Gandhinagar,Tier II - Strong Performing Districts,women_pct (0.50),avg_days_per_hh (0.34),agri_worker_pct (0.23),night_lights_log (-0.19),female_literacy_pct (-0.05),scst_pct (-0.01)
Gujarat,Jamnagar,Tier I - High Impact Districts,avg_days_per_hh (1.58),persondays_per_hh (1.10),women_pct (0.45),scst_pct (-0.80),wage_timeliness_pct (-0.09),night_lights_log (0.07)
Gujarat,Junagadh,Tier I - High Impact Districts,persondays_per_hh (0.89),avg_days_per_hh (0.80),female_literacy_pct (0.57),scst_pct (-0.19),women_pct (-0.08),agri_worker_pct (-0.05)
Gujarat,Kachchh,Tier I - High Impact Districts,avg_days_per_hh (1.86),persondays_per_hh (1.24),poverty_log (0.39),scst_pct (-0.12),agri_worker_pct (-0.06),women_pct (-0.01)
Gujarat,Kheda,Tier II - Strong Performing Districts,avg_days_per_hh (1.04),persondays_per_hh (0.56),agri_worker_pct (0.45),night_lights_log (-0.03),female_literacy_pct (-0.01),scst_pct (0.05)
Gujarat,Mahesana,Tier IV - Improvement Potential Districts,scst_pct (0.56),avg_days_per_hh (0.40),persondays_per_hh (0.21),female_literacy_pct (-0.17),agri_worker_pct (-0.14),poverty_log (-0.06)
Gujarat,Narmada,Tier IV - Improvement Potential Districts,poverty_log (0.61),agri_worker_pct (0.58),women_pct (0.31),persondays_per_hh (-0.10),avg_days_per_hh (-0.05),night_lights_log (-0.01)
Gujarat,Navsari,Tier III - Inclusive Development Districts,women_pct (3.50),avg_days_per_hh (0.44),female_literacy_pct (0.25),poverty_log (-0.15),scst_pct (-0.07),agri_worker_pct (0.05)
Gujarat,Panch Mahals,Tier IV - Improvement Potential Districts,poverty_log (0.40),scst_pct (0.28),avg_days_per_hh (0.24),women_pct (-0.31),night_lights_log (-0.03),agri_worker_pct (0.02)
Gujarat,Patan,Tier IV - Improvement Potential Districts,avg_days_per_hh (0.37),scst_pct (0.31),persondays_per_hh (0.30),women_pct (-0.25),female_literacy_pct (-0.12),night_lights_log (-0.08)
Gujarat,Porbandar,Tier I - High Impact Districts,persondays_per_hh (0.75),avg_days_per_hh (0.68),female_literacy_pct (0.56),women_pct (-0.25),scst_pct (-0.18),wage_timeliness_pct (-0.11)
Gujarat,Rajkot,Tier IV - Improvement Potential Districts,scst_pct (0.49),avg_days_per_hh (0.43),persondays_per_hh (0.32),poverty_log (-0.14),female_literacy_pct (-0.12),agri_worker_pct (-0.10)
Gujarat,Sabar Kantha,Tier II - Strong Performing Districts,avg_days_per_hh (0.55),women_pct (0.55),poverty_log (0.40),female_literacy_pct (-0.02),wage_timeliness_pct (0.02),persondays_per_hh (0.03)
Gujarat,Surat,Tier II - Strong Performing Districts,avg_days_per_hh (1.03),persondays_per_hh (0.57),women_pct (0.35),night_lights_log (-0.14),female_literacy_pct (-0.06),agri_worker_pct (0.01)
Gujarat,Surendranagar,Tier I - High Impact Districts,persondays_per_hh (0.85),avg_days_per_hh (0.78),women_pct (0.46),scst_pct (-0.15),agri_worker_pct (-0.11),night_lights_log (-0.03)
Gujarat,Tapi,Tier IV - Improvement Potential Districts,women_pct (0.56),scst_pct (0.50),agri_worker_pct (0.42),persondays_per_hh (-0.39),avg_days_per_hh (-0.31),night_lights_log (0.03)
Gujarat,Vadodara,Tier IV - Improvement Potential Districts,avg_days_per_hh (0.36),scst_pct (0.32),persondays_per_hh (0.28),female_literacy_pct (-0.11),agri_worker_pct (-0.10),poverty_log (-0.08)
Gujarat,Valsad,Tier II - Strong Performing Districts,avg_days_per_hh (0.89),persondays_per_hh (0.48),poverty_log (0.20),women_pct (-1.15),scst_pct (-0.05),night_lights_log (-0.01)
Haryana,Ambala,Tier II - Strong Performing Districts,avg_days_per_hh (0.79),women_pct (0.47),persondays_per_hh (0.31),night_lights_log (-0.16),poverty_log (-0.09),female_literacy_pct (-0.02)
Haryana,Bhiwani,Tier II - Strong Performing Districts,avg_days_per_hh (1.01),persondays_per_hh (0.58),scst_pct (0.36),women_pct (-0.40),night_lights_log (-0.06),female_literacy_pct (-0.02)
Haryana,Faridabad,Tier II - Strong Performing Districts,avg_days_per_hh (0.61),women_pct (0.37),persondays_per_hh (0.25),agri_worker_pct (-0.26),night_lights_log (-0.22),poverty_log (-0.19)
Haryana,Fatehabad,Tier III - Inclusive Development Districts,avg_days_per_hh (1.15),persondays_per_hh (0.29),wage_timeliness_pct (0.19),female_literacy_pct (0.01),scst_pct (0.03),women_pct (0.09)
Haryana,Gurugram,Tier I - High Impact Districts,poverty_log (0.62),agri_worker_pct (0.49),night_lights_log (0.24),avg_days_per_hh (-0.26),wage_timeliness_pct (-0.07),persondays_per_hh (-0.04)
Haryana,Hisar,Tier III - Inclusive Development Districts,avg_days_per_hh (1.20),poverty_log (0.56),persondays_per_hh (0.34),women_pct (-0.53),scst_pct (0.04),female_literacy_pct (0.04)
Haryana,Jhajjar,Tier II - Strong Performing Districts,avg_days_per_hh (0.72),women_pct (0.33),persondays_per_hh (0.23),poverty_log (-0.61),agri_worker_pct (-0.22),night_lights_log (-0.11)
Haryana,Jind,Tier II - Strong Performing Districts,avg_days_per_hh (0.98),persondays_per_hh (0.57),women_pct (0.46),female_literacy_pct (-0.07),night_lights_log (-0.04),agri_worker_pct (0.03)
Haryana,Kaithal,Tier III - Inclusive Development Districts,women_pct (2.92),avg_days_per_hh (0.82),night_lights_log (0.28),wage_timeliness_pct (-0.01),scst_pct (0.05),female_literacy_pct (0.06)
Haryana,Karnal,Tier II - Strong Performing Districts,avg_days_per_hh (0.95),persondays_per_hh (0.49),scst_pct (0.29),women_pct (-1.15),female_literacy_pct (-0.03),wage_timeliness_pct (0.07)
Haryana,Kurukshetra,Tier II - Strong Performing Districts,avg_days_per_hh (0.97),persondays_per_hh (0.57),scst_pct (0.35),women_pct (-0.37),female_literacy_pct (-0.02),night_lights_log (-0.01)
Haryana,Mahendragarh,Tier IV - Improvement Potential Districts,agri_worker_pct (0.33),night_lights_log (0.12),wage_timeliness_pct (0.08),female_literacy_pct (-0.11),poverty_log (-0.04),persondays_per_hh (0.01)
Haryana,Nuh,Tier I - High Impact Districts,persondays_per_hh (0.84),avg_days_per_hh (0.75),women_pct (0.51),scst_pct (-0.64),female_literacy_pct (-0.05),poverty_log (0.00)
Haryana,Palwal,Tier I - High Impact Districts,persondays_per_hh (0.92),avg_days_per_hh (0.81),women_pct (0.43),female_literacy_pct (-0.22),night_lights_log (0.04),scst_pct (0.06)
Haryana,Panchkula,Tier II - Strong Performing Districts,avg_days_per_hh (1.00),persondays_per_hh (0.60),women_pct (0.27),agri_worker_pct (-0.16),night_lights_log (-0.15),poverty_log (-0.14)
Haryana,Panipat,Tier II - Strong Performing Districts,women_pct (0.50),avg_days_per_hh (0.39),scst_pct (0.14),night_lights_log (-0.10),agri_worker_pct (-0.06),female_literacy_pct (-0.04)
Haryana,Rewari,Tier II - Strong Performing Districts,avg_days_per_hh (0.98),persondays_per_hh (0.52),women_pct (0.25),poverty_log (-0.53),night_lights_log (-0.16),agri_worker_pct (-0.03)
Haryana,Rohtak,Tier II - Strong Performing Districts,avg_days_per_hh (0.62),women_pct (0.47),persondays_per_hh (0.28),poverty_log (-0.19),night_lights_log (-0.16),agri_worker_pct (-0.15)
Haryana,Sirsa,Tier II - Strong Performing Districts,avg_days_per_hh (0.96),persondays_per_hh (0.52),agri_worker_pct (0.26),female_literacy_pct (-0.10),night_lights_log (-0.03),wage_timeliness_pct (0.09)
Haryana,Sonipat,Tier II - Strong Performing Districts,avg_days_per_hh (0.96),persondays_per_hh (0.48),women_pct (0.36),night_lights_log (-0.06),female_literacy_pct (-0.04),agri_worker_pct (0.04)
Haryana,Yamunanagar,Tier II - Strong Performing Districts,avg_days_per_hh (0.36),scst_pct (0.30),women_pct (0.24),female_literacy_pct (-0.06),night_lights_log (-0.05),wage_timeliness_pct (-0.05)
Himachal Pradesh,Bilaspur,Tier IV - Improvement Potential Districts,women_pct (0.49),avg_days_per_hh (0.30),persondays_per_hh (0.24),scst_pct (-0.27),poverty_log (-0.18),female_literacy_pct (-0.14)
Himachal Pradesh,Chamba,Tier I - High Impact Districts,avg_days_per_hh (1.56),persondays_per_hh (1.16),female_literacy_pct (0.42),wage_timeliness_pct (-0.04),women_pct (0.03),night_lights_log (0.05)
Himachal Pradesh,Hamirpur,Tier III - Inclusive Development Districts,women_pct (3.50),female_literacy_pct (0.53),avg_days_per_hh (0.39),night_lights_log (-0.54),agri_worker_pct (-0.22),scst_pct (0.03)
Himachal Pradesh,Kangra,Tier III - Inclusive Development Districts,women_pct (2.87),avg_days_per_hh (0.46),female_literacy_pct (0.39),night_lights_log (-0.56),agri_worker_pct (-0.27),scst_pct (-0.02)
Himachal Pradesh,Kinnaur,Tier IV - Improvement Potential Districts,agri_worker_pct (0.26),night_lights_log (0.23),avg_days_per_hh (0.21),women_pct (-0.28),poverty_log (-0.11),female_literacy_pct (-0.05)
Himachal Pradesh,Kullu,Tier IV - Improvement Potential Districts,women_pct (0.49),scst_pct (0.44),avg_days_per_hh (0.30),poverty_log (-0.22),night_lights_log (-0.10),female_literacy_pct (-0.08)
Himachal Pradesh,Lahaul And Spiti,Tier III - Inclusive Development Districts,women_pct (2.62),avg_days_per_hh (0.49),persondays_per_hh (0.19),night_lights_log (-0.70),agri_worker_pct (-0.67),wage_timeliness_pct (-0.53)
Himachal Pradesh,Mandi,Tier III - Inclusive Development Districts,women_pct (2.52),female_literacy_pct (0.26),poverty_log (0.25),agri_worker_pct (-0.78),night_lights_log (-0.57),scst_pct (-0.06)
Himachal Pradesh,Shimla,Tier II - Strong Performing Districts,avg_days_per_hh (0.83),women_pct (0.54),night_lights_log (0.32),poverty_log (-0.17),agri_worker_pct (-0.15),female_literacy_pct (-0.03)
Himachal Pradesh,Sirmaur,Tier I - High Impact Districts,persondays_per_hh (0.77),female_literacy_pct (0.63),women_pct (0.58),wage_timeliness_pct (-0.09),night_lights_log (0.02),scst_pct (0.10)
Himachal Pradesh,Solan,Tier I - High Impact Districts,poverty_log (0.63),persondays_per_hh (0.62),agri_worker_pct (0.41),wage_timeliness_pct (-0.10),night_lights_log (0.03),women_pct (0.04)
Himachal Pradesh,Una,Tier III - Inclusive Development Districts,women_pct (2.76),female_literacy_pct (0.36),poverty_log (0.29),agri_worker_pct (-0.29),avg_days_per_hh (-0.19),persondays_per_hh (0.01)
Jammu And Kashmir,Anantnag,Tier IV - Improvement Potential Districts,avg_days_per_hh (0.40),persondays_per_hh (0.27),women_pct (0.19),poverty_log (-0.11),agri_worker_pct (-0.06),scst_pct (-0.05)
Jammu And Kashmir,Bandipora,Tier IV - Improvement Potential Districts,poverty_log (0.62),avg_days_per_hh (0.44),female_literacy_pct (0.34),agri_worker_pct (-0.06),wage_timeliness_pct (-0.01),night_lights_log (0.02)
Jammu And Kashmir,Baramulla,Tier IV - Improvement Potential Districts,avg_days_per_hh (0.89),persondays_per_hh (0.46),poverty_log (0.10),agri_worker_pct (-0.16),scst_pct (-0.09),night_lights_log (-0.03)
Jammu And Kashmir,Budgam,Tier IV - Improvement Potential Districts,women_pct (0.54),scst_pct (0.50),female_literacy_pct (0.44),avg_days_per_hh (-0.45),persondays_per_hh (-0.43),night_lights_log (0.02)
Jammu And Kashmir,Doda,Tier I - High Impact Districts,avg_days_per_hh (1.34),persondays_per_hh (1.01),women_pct (0.37),wage_timeliness_pct (-0.84),female_literacy_pct (-0.01),agri_worker_pct (-0.01)
Jammu And Kashmir,Ganderbal,Tier IV - Improvement Potential Districts,avg_days_per_hh (0.71),women_pct (0.24),persondays_per_hh (0.23),female_literacy_pct (-0.22),agri_worker_pct (-0.17),night_lights_log (-0.00)
Jammu And Kashmir,Jammu,Tier IV - Improvement Potential Districts,women_pct (0.41),night_lights_log (0.22),agri_worker_pct (0.19),female_literacy_pct (-0.14),scst_pct (-0.01),avg_days_per_hh (0.02)
Jammu And Kashmir,Kathua,Tier II - Strong Performing Districts,avg_days_per_hh (0.97),persondays_per_hh (0.58),women_pct (0.31),scst_pct (-0.36),agri_worker_pct (-0.19),female_literacy_pct (-0.08)
Jammu And Kashmir,Kishtwar,Tier IV - Improvement Potential Districts,female_literacy_pct (0.42),avg_days_per_hh (0.27),persondays_per_hh (0.22),scst_pct (-0.14),poverty_log (-0.01),night_lights_log (0.04)
Jammu And Kashmir,Kulgam,Tier IV - Improvement Potential Districts,scst_pct (0.62),avg_days_per_hh (0.32),persondays_per_hh (0.28),night_lights_log (-0.04),agri_worker_pct (-0.03),poverty_log (-0.01)
Jammu And Kashmir,Kupwara,Tier IV - Improvement Potential Districts,scst_pct (0.57),avg_days_per_hh (0.43),persondays_per_hh (0.31),poverty_log (-0.07),night_lights_log (-0.03),wage_timeliness_pct (0.00)
Jammu And Kashmir,Poonch,Tier IV - Improvement Potential Districts,avg_days_per_hh (0.38),persondays_per_hh (0.28),female_literacy_pct (0.14),night_lights_log (-0.01),women_pct (0.00),agri_worker_pct (0.01)
Jammu And Kashmir,Pulwama,Tier IV - Improvement Potential Districts,scst_pct (0.56),women_pct (0.54),avg_days_per_hh (0.37),poverty_log (-0.06),night_lights_log (-0.02),wage_timeliness_pct (0.00)
Jammu And Kashmir,Rajouri,Tier IV - Improvement Potential Districts,avg_days_per_hh (0.38),female_literacy_pct (0.36),agri_worker_pct (0.29),poverty_log (-0.13),night_lights_log (-0.01),wage_timeliness_pct (0.09)
Jammu And Kashmir,Ramban,Tier IV - Improvement Potential Districts,women_pct (0.36),avg_days_per_hh (0.29),female_literacy_pct (0.23),night_lights_log (-0.02),wage_timeliness_pct (0.05),scst_pct (0.09)
Jammu And Kashmir,Reasi,Tier IV - Improvement Potential Districts,avg_days_per_hh (0.42),persondays_per_hh (0.29),women_pct (0.21),poverty_log (0.02),night_lights_log (0.04),agri_worker_pct (0.05)
Jammu And Kashmir,Samba,Tier II - Strong Performing Districts,avg_days_per_hh (0.68),women_pct (0.34),persondays_per_hh (0.23),poverty_log (-0.40),agri_worker_pct (-0.15),scst_pct (-0.12)
Jammu And Kashmir,Shopian,Tier IV - Improvement Potential Districts,scst_pct (0.62),women_pct (0.51),avg_days_per_hh (0.40),poverty_log (-0.04),night_lights_log (0.03),wage_timeliness_pct (0.05)
Jammu And Kashmir,Srinagar,Tier IV - Improvement Potential Districts,scst_pct (0.56),avg_days_per_hh (0.28),persondays_per_hh (0.22),poverty_log (-0.29),female_literacy_pct (-0.22),night_lights_log (-0.03)
Jammu And Kashmir,Udhampur,Tier II - Strong Performing Districts,avg_days_per_hh (0.98),persondays_per_hh (0.54),wage_timeliness_pct (0.21),scst_pct (-0.18),agri_worker_pct (-0.15),night_lights_log (-0.03)
Jharkhand,Bokaro,Tier II - Strong Performing Districts,avg_days_per_hh (0.55),women_pct (0.49),scst_pct (0.33),agri_worker_pct (-0.15),night_lights_log (-0.06),persondays_per_hh (0.01)
Jharkhand,Chatra,Tier II - Strong Performing Districts,avg_days_per_hh (0.64),female_literacy_pct (0.61),women_pct (0.47),scst_pct (-0.09),persondays_per_hh (-0.02),poverty_log (0.02)
Jharkhand,Deoghar,Tier IV - Improvement Potential Districts,poverty_log (0.43),avg_days_per_hh (0.37),persondays_per_hh (0.30),scst_pct (-0.17),agri_worker_pct (-0.06),female_literacy_pct (0.07)
Jharkhand,Dhanbad,Tier II - Strong Performing Districts,avg_days_per_hh (0.56),women_pct (0.50),scst_pct (0.35),agri_worker_pct (-0.13),night_lights_log (-0.05),female_literacy_pct (0.02)
Jharkhand,Dumka,Tier IV - Improvement Potential Districts,avg_days_per_hh (0.39),poverty_log (0.36),persondays_per_hh (0.27),women_pct (-0.32),female_literacy_pct (-0.09),night_lights_log (-0.07)
Jharkhand,East Singhbum,Tier II - Strong Performing Districts,avg_days_per_hh (0.69),women_pct (0.42),persondays_per_hh (0.29),scst_pct (-0.22),agri_worker_pct (-0.18),female_literacy_pct (-0.15)
Jharkhand,Garhwa,Tier I - High Impact Districts,women_pct (0.58),persondays_per_hh (0.55),wage_timeliness_pct (0.21),female_literacy_pct (-0.10),avg_days_per_hh (-0.10),poverty_log (-0.10)
Jharkhand,Giridih,Tier II - Strong Performing Districts,avg_days_per_hh (0.89),women_pct (0.55),female_literacy_pct (0.27),night_lights_log (0.03),agri_worker_pct (0.04),persondays_per_hh (0.07)
Jharkhand,Godda,Tier IV - Improvement Potential Districts,avg_days_per_hh (0.41),female_literacy_pct (0.40),persondays_per_hh (0.27),wage_timeliness_pct (-0.07),poverty_log (-0.07),scst_pct (-0.01)
Jharkhand,Gumla,Tier I - High Impact Districts,women_pct (0.62),persondays_per_hh (0.58),wage_timeliness_pct (0.27),female_literacy_pct (-0.22),poverty_log (-0.11),avg_days_per_hh (0.08)
Jharkhand,Hazaribagh,Tier II - Strong Performing Districts,avg_days_per_hh (0.55),women_pct (0.45),scst_pct (0.31),female_literacy_pct (-0.01),night_lights_log (-0.01),agri_worker_pct (-0.00)
Jharkhand,Jamtara,Tier I - High Impact Districts,persondays_per_hh (0.89),avg_days_per_hh (0.82),women_pct (0.41),female_literacy_pct (-0.13),poverty_log (-0.10),agri_worker_pct (-0.05)
Jharkhand,Khunti,Tier IV - Improvement Potential Districts,avg_days_per_hh (0.50),women_pct (0.37),wage_timeliness_pct (0.12),agri_worker_pct (-0.14),poverty_log (-0.11),persondays_per_hh (-0.01)
Jharkhand,Koderma,Tier IV - Improvement Potential Districts,avg_days_per_hh (0.56),women_pct (0.34),poverty_log (0.21),scst_pct (-0.13),night_lights_log (-0.04),persondays_per_hh (-0.03)
Jharkhand,Latehar,Tier IV - Improvement Potential Districts,poverty_log (0.84),avg_days_per_hh (0.36),persondays_per_hh (0.25),women_pct (-0.19),night_lights_log (-0.05),female_literacy_pct (-0.04)
Jharkhand,Lohardaga,Tier II - Strong Performing Districts,avg_days_per_hh (0.61),women_pct (0.45),persondays_per_hh (0.28),scst_pct (-0.04),night_lights_log (0.03),female_literacy_pct (0.12)
Jharkhand,Pakur,Tier IV - Improvement Potential Districts,poverty_log (0.79),avg_days_per_hh (0.36),wage_timeliness_pct (0.24),night_lights_log (-0.07),women_pct (-0.03),agri_worker_pct (0.04)
Jharkhand,Palamu,Tier II - Strong Performing Districts,avg_days_per_hh (0.76),women_pct (0.48),agri_worker_pct (0.37),scst_pct (-0.12),poverty_log (-0.06),wage_timeliness_pct (-0.06)
Jharkhand,Ramgarh,Tier I - High Impact Districts,persondays_per_hh (0.82),female_literacy_pct (0.67),women_pct (0.66),poverty_log (0.01),night_lights_log (0.01),scst_pct (0.12)
Jharkhand,Ranchi,Tier II - Strong Performing Districts,avg_days_per_hh (0.51),persondays_per_hh (0.32),scst_pct (0.22),poverty_log (-0.16),female_literacy_pct (-0.13),agri_worker_pct (-0.07)
Jharkhand,Sahebganj,Tier IV - Improvement Potential Districts,poverty_log (0.63),scst_pct (0.26),avg_days_per_hh (0.25),women_pct (-0.23),night_lights_log (-0.05),agri_worker_pct (0.05)
Jharkhand,Saraikela Kharsawan,Tier IV - Improvement Potential Districts,avg_days_per_hh (0.40),female_literacy_pct (0.29),persondays_per_hh (0.27),wage_timeliness_pct (-0.12),agri_worker_pct (-0.06),poverty_log (-0.04)
Jharkhand,Simdega,Tier I - High Impact Districts,women_pct (0.60),persondays_per_hh (0.45),wage_timeliness_pct (0.33),poverty_log (-0.13),agri_worker_pct (-0.01),female_literacy_pct (-0.01)
Jharkhand,West Singhbhum,Tier II - Strong Performing Districts,avg_days_per_hh (0.63),women_pct (0.44),female_literacy_pct (0.39),scst_pct (-0.00),night_lights_log (0.02),wage_timeliness_pct (0.06)
Karnataka,Bagalkote,Tier IV - Improvement Potential Districts,avg_days_per_hh (0.41),persondays_per_hh (0.31),women_pct (0.28),scst_pct (-0.28),poverty_log (-0.04),night_lights_log (-0.03)
Karnataka,Ballari,Tier I - High Impact Districts,avg_days_per_hh (1.48),persondays_per_hh (1.12),poverty_log (0.29),female_literacy_pct (-0.26),agri_worker_pct (-0.08),women_pct (-0.06)
Karnataka,Belagavi,Tier II - Strong Performing Districts,avg_days_per_hh (0.51),women_pct (0.45),agri_worker_pct (0.43),female_literacy_pct (-0.03),persondays_per_hh (-0.01),night_lights_log (0.01)
Karnataka,Bengaluru Rural,Tier I - High Impact Districts,persondays_per_hh (0.64),poverty_log (0.61),wage_timeliness_pct (0.29),night_lights_log (-0.21),women_pct (-0.09),agri_worker_pct (0.03)
Karnataka,Bengaluru Urban,Tier IV - Improvement Potential Districts,night_lights_log (0.36),avg_days_per_hh (0.27),women_pct (0.26),poverty_log (-0.11),agri_worker_pct (-0.07),scst_pct (-0.06)
Karnataka,Bidar,Tier II - Strong Performing Districts,avg_days_per_hh (0.51),poverty_log (0.41),women_pct (0.24),scst_pct (-0.07),female_literacy_pct (-0.07),persondays_per_hh (-0.02)
Karnataka,Chamarajanagar,Tier II - Strong Performing Districts,women_pct (0.53),avg_days_per_hh (0.51),persondays_per_hh (0.30),agri_worker_pct (-0.14),scst_pct (-0.03),female_literacy_pct (0.00)
Karnataka,Chikkaballapura,Tier I - High Impact Districts,avg_days_per_hh (1.29),persondays_per_hh (1.09),female_literacy_pct (0.56),wage_timeliness_pct (-0.09),agri_worker_pct (-0.08),women_pct (0.02)
Karnataka,Chikkamagaluru,Tier I - High Impact Districts,poverty_log (0.67),persondays_per_hh (0.65),avg_days_per_hh (0.20),agri_worker_pct (-0.06),women_pct (-0.01),wage_timeliness_pct (0.04)
Karnataka,Chitradurga,Tier I - High Impact Districts,female_literacy_pct (0.76),persondays_per_hh (0.59),poverty_log (0.53),agri_worker_pct (-0.11),wage_timeliness_pct (-0.09),women_pct (-0.03)
Karnataka,Dakshina Kannada,Tier I - High Impact Districts,persondays_per_hh (0.77),avg_days_per_hh (0.69),poverty_log (0.46),scst_pct (-0.16),wage_timeliness_pct (-0.08),female_literacy_pct (0.10)
Karnataka,Davanagere,Tier I - High Impact Districts,female_literacy_pct (0.72),poverty_log (0.58),persondays_per_hh (0.55),agri_worker_pct (-0.12),women_pct (-0.04),wage_timeliness_pct (-0.02)
Karnataka,Dharwad,Tier II - Strong Performing Districts,agri_worker_pct (0.47),women_pct (0.43),avg_days_per_hh (0.43),persondays_per_hh (-0.04),night_lights_log (-0.01),female_literacy_pct (-0.00)
Karnataka,Gadag,Tier II - Strong Performing Districts,women_pct (0.44),avg_days_per_hh (0.39),scst_pct (0.25),female_literacy_pct (-0.09),agri_worker_pct (-0.01),persondays_per_hh (0.00)
Karnataka,Hassan,Tier I - High Impact Districts,persondays_per_hh (0.77),avg_days_per_hh (0.73),female_literacy_pct (0.55),wage_timeliness_pct (-0.11),women_pct (0.02),agri_worker_pct (0.06)
Karnataka,Haveri,Tier I - High Impact Districts,persondays_per_hh (0.74),female_literacy_pct (0.71),women_pct (0.40),agri_worker_pct (-0.15),wage_timeliness_pct (-0.13),poverty_log (0.05)
Karnataka,Kalaburagi,Tier II - Strong Performing Districts,avg_days_per_hh (0.80),women_pct (0.43),agri_worker_pct (0.38),night_lights_log (0.03),female_literacy_pct (0.04),wage_timeliness_pct (0.08)
Karnataka,Kodagu,Tier I - High Impact Districts,poverty_log (0.73),persondays_per_hh (0.58),female_literacy_pct (0.25),wage_timeliness_pct (-0.11),women_pct (0.03),scst_pct (0.15)
Karnataka,Kolar,Tier I - High Impact Districts,persondays_per_hh (0.89),avg_days_per_hh (0.85),female_literacy_pct (0.65),night_lights_log (-0.21),wage_timeliness_pct (-0.12),agri_worker_pct (-0.03)
Karnataka,Koppal,Tier IV - Improvement Potential Districts,female_literacy_pct (0.44),avg_days_per_hh (0.36),persondays_per_hh (0.29),wage_timeliness_pct (-0.09),night_lights_log (-0.05),poverty_log (-0.00)
Karnataka,Mandya,Tier II - Strong Performing Districts,avg_days_per_hh (0.62),women_pct (0.53),persondays_per_hh (0.30),female_literacy_pct (-0.04),scst_pct (-0.04),night_lights_log (-0.01)
Karnataka,Mysuru,Tier II - Strong Performing Districts,women_pct (0.51),avg_days_per_hh (0.45),scst_pct (0.22),female_literacy_pct (-0.08),night_lights_log (-0.06),persondays_per_hh (-0.04)
Karnataka,Raichur,Tier I - High Impact Districts,avg_days_per_hh (1.29),persondays_per_hh (1.05),wage_timeliness_pct (0.34),women_pct (-0.13),female_literacy_pct (-0.02),agri_worker_pct (0.00)
Karnataka,Shivamogga,Tier II - Strong Performing Districts,avg_days_per_hh (0.93),women_pct (0.50),persondays_per_hh (0.47),female_literacy_pct (0.03),night_lights_log (0.07),wage_timeliness_pct (0.11)
Karnataka,Tumakuru,Tier I - High Impact Districts,female_literacy_pct (0.70),poverty_log (0.69),persondays_per_hh (0.59),women_pct (-0.05),agri_worker_pct (-0.05),night_lights_log (0.13)
Karnataka,Udupi,Tier III - Inclusive Development Districts,women_pct (2.95),female_literacy_pct (0.70),avg_days_per_hh (0.41),night_lights_log (-0.57),poverty_log (0.03),scst_pct (0.06)
Karnataka,Uttara Kannada,Tier II - Strong Performing Districts,avg_days_per_hh (0.94),persondays_per_hh (0.48),women_pct (0.46),female_literacy_pct (-0.07),agri_worker_pct (0.00),wage_timeliness_pct (0.06)
Karnataka,Vijayapura,Tier IV - Improvement Potential Districts,female_literacy_pct (0.60),avg_days_per_hh (0.42),persondays_per_hh (0.29),scst_pct (-0.13),night_lights_log (-0.08),women_pct (-0.06)
Karnataka,Yadgir,Tier IV - Improvement Potential Districts,avg_days_per_hh (0.33),persondays_per_hh (0.23),scst_pct (0.22),night_lights_log (-0.05),wage_timeliness_pct (-0.05),female_literacy_pct (-0.03)
Kerala,Alappuzha,Tier III - Inclusive Development Districts,women_pct (3.86),female_literacy_pct (0.59),avg_days_per_hh (0.37),poverty_log (-0.05),agri_worker_pct (0.04),wage_timeliness_pct (0.05)
Kerala,Ernakulam,Tier III - Inclusive Development Districts,women_pct (3.91),female_literacy_pct (0.63),avg_days_per_hh (0.19),agri_worker_pct (-0.20),poverty_log (-0.03),wage_timeliness_pct (0.04)
Kerala,Idukki,Tier III - Inclusive Development Districts,women_pct (3.42),female_literacy_pct (0.83),avg_days_per_hh (0.32),night_lights_log (-0.51),poverty_log (-0.04),scst_pct (0.03)
Kerala,Kannur,Tier III - Inclusive Development Districts,women_pct (3.91),female_literacy_pct (0.77),avg_days_per_hh (0.22),night_lights_log (-0.03),poverty_log (-0.01),wage_timeliness_pct (0.04)
Kerala,Kasaragod,Tier III - Inclusive Development Districts,women_pct (3.70),female_literacy_pct (0.74),avg_days_per_hh (0.25),wage_timeliness_pct (-0.49),night_lights_log (-0.04),poverty_log (-0.00)
Kerala,Kollam,Tier III - Inclusive Development Districts,women_pct (3.87),female_literacy_pct (0.60),avg_days_per_hh (0.37),poverty_log (-0.05),wage_timeliness_pct (0.06),agri_worker_pct (0.06)
Kerala,Kottayam,Tier III - Inclusive Development Districts,women_pct (3.97),female_literacy_pct (0.76),night_lights_log (0.17),avg_days_per_hh (-0.08),poverty_log (-0.05),agri_worker_pct (0.04)
Kerala,Kozhikode,Tier III - Inclusive Development Districts,women_pct (3.89),female_literacy_pct (0.70),avg_days_per_hh (0.12),agri_worker_pct (-0.20),poverty_log (-0.03),night_lights_log (0.07)
Kerala,Malappuram,Tier III - Inclusive Development Districts,women_pct (3.95),female_literacy_pct (0.76),avg_days_per_hh (0.22),poverty_log (-0.04),wage_timeliness_pct (0.04),agri_worker_pct (0.07)
Kerala,Palakkad,Tier III - Inclusive Development Districts,women_pct (3.85),female_literacy_pct (0.64),avg_days_per_hh (0.34),poverty_log (-0.08),scst_pct (0.03),wage_timeliness_pct (0.06)
Kerala,Pathanamthitta,Tier III - Inclusive Development Districts,women_pct (3.81),female_literacy_pct (0.80),agri_worker_pct (0.15),night_lights_log (-0.41),poverty_log (-0.05),persondays_per_hh (0.05)
Kerala,Thiruvananthapuram,Tier III - Inclusive Development Districts,women_pct (3.86),female_literacy_pct (0.59),avg_days_per_hh (0.37),poverty_log (-0.05),agri_worker_pct (0.03),wage_timeliness_pct (0.06)
Kerala,Thrissur,Tier III - Inclusive Development Districts,women_pct (3.93),female_literacy_pct (0.68),night_lights_log (0.20),poverty_log (-0.04),agri_worker_pct (0.01),scst_pct (0.07)
Kerala,Wayanad,Tier III - Inclusive Development Districts,women_pct (3.75),female_literacy_pct (0.87),agri_worker_pct (0.13),night_lights_log (-0.57),avg_days_per_hh (-0.12),poverty_log (-0.07)
Ladakh,Kargil,Tier IV - Improvement Potential Districts,avg_days_per_hh (0.40),women_pct (0.34),persondays_per_hh (0.24),wage_timeliness_pct (-0.08),agri_worker_pct (-0.06),poverty_log (-0.00)
Ladakh,Leh Ladakh,Tier IV - Improvement Potential Districts,female_literacy_pct (0.57),persondays_per_hh (0.54),poverty_log (0.53),wage_timeliness_pct (-0.93),night_lights_log (-0.39),women_pct (-0.06)
Madhya Pradesh,Alirajpur,Tier I - High Impact Districts,avg_days_per_hh (1.41),persondays_per_hh (1.15),women_pct (0.48),poverty_log (-0.23),female_literacy_pct (-0.23),scst_pct (0.09)
Madhya Pradesh,Anuppur,Tier I - High Impact Districts,female_literacy_pct (0.32),women_pct (0.28),avg_days_per_hh (0.27),poverty_log (-0.17),agri_worker_pct (-0.13),scst_pct (-0.05)
Madhya Pradesh,Ashoknagar,Tier I - High Impact Districts,avg_days_per_hh (2.00),persondays_per_hh (1.32),wage_timeliness_pct (0.37),female_literacy_pct (-0.15),agri_worker_pct (-0.10),poverty_log (-0.05)
Madhya Pradesh,Balaghat,Tier I - High Impact Districts,poverty_log (0.40),avg_days_per_hh (0.38),persondays_per_hh (0.22),female_literacy_pct (-0.23),night_lights_log (-0.21),scst_pct (-0.10)
Madhya Pradesh,Barwani,Tier I - High Impact Districts,persondays_per_hh (0.87),avg_days_per_hh (0.75),women_pct (0.57),female_literacy_pct (-0.29),poverty_log (-0.24),agri_worker_pct (-0.05)
Madhya Pradesh,Betul,Tier II - Strong Performing Districts,women_pct (0.51),agri_worker_pct (0.44),poverty_log (0.34),persondays_per_hh (-0.23),scst_pct (-0.04),female_literacy_pct (-0.03)
Madhya Pradesh,Bhind,Tier I - High Impact Districts,avg_days_per_hh (1.76),persondays_per_hh (1.20),female_literacy_pct (0.54),wage_timeliness_pct (-0.11),agri_worker_pct (-0.05),scst_pct (0.05)
Madhya Pradesh,Bhopal,Tier I - High Impact Districts,avg_days_per_hh (1.64),persondays_per_hh (1.10),women_pct (0.36),night_lights_log (-0.32),female_literacy_pct (-0.27),wage_timeliness_pct (-0.14)
Madhya Pradesh,Burhanpur,Tier I - High Impact Districts,persondays_per_hh (0.94),avg_days_per_hh (0.86),women_pct (0.53),poverty_log (-0.26),female_literacy_pct (-0.15),night_lights_log (0.09)
Madhya Pradesh,Chhatarpur,Tier I - High Impact Districts,avg_days_per_hh (1.84),persondays_per_hh (1.31),wage_timeliness_pct (0.37),female_literacy_pct (-0.15),agri_worker_pct (-0.08),poverty_log (-0.05)
Madhya Pradesh,Chhindwara,Tier I - High Impact Districts,avg_days_per_hh (1.50),persondays_per_hh (1.17),female_literacy_pct (0.44),women_pct (-0.17),poverty_log (-0.09),agri_worker_pct (-0.09)
Madhya Pradesh,Damoh,Tier I - High Impact Districts,avg_days_per_hh (1.92),persondays_per_hh (1.32),women_pct (0.25),female_literacy_pct (-0.15),poverty_log (-0.08),agri_worker_pct (-0.01)
Madhya Pradesh,Datia,Tier I - High Impact Districts,avg_days_per_hh (1.87),persondays_per_hh (1.24),women_pct (0.25),wage_timeliness_pct (-0.16),agri_worker_pct (-0.05),poverty_log (0.04)
Madhya Pradesh,Dewas,Tier I - High Impact Districts,avg_days_per_hh (1.98),persondays_per_hh (1.33),wage_timeliness_pct (0.24),female_literacy_pct (-0.22),agri_worker_pct (-0.05),poverty_log (-0.05)
Madhya Pradesh,Dhar,Tier I - High Impact Districts,avg_days_per_hh (1.89),persondays_per_hh (1.32),women_pct (0.28),agri_worker_pct (-0.08),female_literacy_pct (-0.03),poverty_log (-0.02)
Madhya Pradesh,Dindori,Tier I - High Impact Districts,avg_days_per_hh (1.97),persondays_per_hh (1.31),wage_timeliness_pct (0.23),poverty_log (-0.33),female_literacy_pct (-0.07),women_pct (-0.03)
Madhya Pradesh,Guna,Tier I - High Impact Districts,avg_days_per_hh (1.92),persondays_per_hh (1.28),women_pct (0.24),wage_timeliness_pct (-0.12),poverty_log (-0.07),agri_worker_pct (-0.04)
Madhya Pradesh,Gwalior,Tier I - High Impact Districts,avg_days_per_hh (1.55),persondays_per_hh (1.10),female_literacy_pct (0.46),night_lights_log (-0.29),scst_pct (0.11),agri_worker_pct (0.22)
Madhya Pradesh,Harda,Tier I - High Impact Districts,persondays_per_hh (0.90),female_literacy_pct (0.62),women_pct (0.60),agri_worker_pct (-0.10),poverty_log (-0.10),night_lights_log (0.06)
Madhya Pradesh,Indore,Tier I - High Impact Districts,avg_days_per_hh (1.55),persondays_per_hh (1.10),women_pct (0.39),night_lights_log (-0.30),female_literacy_pct (-0.27),scst_pct (0.09)
Madhya Pradesh,Jabalpur,Tier II - Strong Performing Districts,women_pct (0.61),poverty_log (0.26),agri_worker_pct (0.19),night_lights_log (-0.17),persondays_per_hh (-0.16),wage_timeliness_pct (0.01)
Madhya Pradesh,Jhabua,Tier I - High Impact Districts,avg_days_per_hh (1.50),persondays_per_hh (1.17),wage_timeliness_pct (0.28),poverty_log (-0.32),female_literacy_pct (-0.22),women_pct (0.01)
Madhya Pradesh,Katni,Tier I - High Impact Districts,persondays_per_hh (0.88),avg_days_per_hh (0.82),female_literacy_pct (0.33),poverty_log (-0.18),wage_timeliness_pct (-0.16),women_pct (-0.13)
Madhya Pradesh,Khandwa (East Nimar),Tier I - High Impact Districts,persondays_per_hh (0.73),women_pct (0.64),scst_pct (0.21),female_literacy_pct (-0.31),poverty_log (-0.13),wage_timeliness_pct (0.04)
Madhya Pradesh,Khargone (West Nimar),Tier I - High Impact Districts,avg_days_per_hh (1.52),persondays_per_hh (1.14),women_pct (0.31),poverty_log (-0.25),female_literacy_pct (-0.19),wage_timeliness_pct (-0.16)
Madhya Pradesh,Mandla,Tier I - High Impact Districts,avg_days_per_hh (1.27),persondays_per_hh (1.02),night_lights_log (0.21),female_literacy_pct (-0.22),wage_timeliness_pct (-0.16),women_pct (-0.14)
Madhya Pradesh,Mandsaur,Tier I - High Impact Districts,avg_days_per_hh (1.97),persondays_per_hh (1.30),wage_timeliness_pct (0.38),female_literacy_pct (-0.09),agri_worker_pct (-0.05),poverty_log (0.05)
Madhya Pradesh,Morena,Tier I - High Impact Districts,avg_days_per_hh (1.91),persondays_per_hh (1.26),wage_timeliness_pct (0.25),female_literacy_pct (-0.25),agri_worker_pct (-0.01),poverty_log (0.06)
Madhya Pradesh,Narmadapuram,Tier I - High Impact Districts,female_literacy_pct (0.73),persondays_per_hh (0.70),women_pct (0.39),poverty_log (-0.10),agri_worker_pct (-0.10),night_lights_log (-0.01)
Madhya Pradesh,Narsimhapur,Tier I - High Impact Districts,persondays_per_hh (0.83),avg_days_per_hh (0.77),female_literacy_pct (0.62),poverty_log (-0.18),wage_timeliness_pct (-0.14),agri_worker_pct (0.05)
Madhya Pradesh,Neemuch,Tier I - High Impact Districts,avg_days_per_hh (1.60),persondays_per_hh (1.15),wage_timeliness_pct (0.31),female_literacy_pct (-0.26),agri_worker_pct (-0.10),night_lights_log (0.04)
Madhya Pradesh,Panna,Tier IV - Improvement Potential Districts,female_literacy_pct (0.44),avg_days_per_hh (0.26),wage_timeliness_pct (0.11),poverty_log (-0.20),night_lights_log (-0.08),women_pct (0.00)
Madhya Pradesh,Raisen,Tier I - High Impact Districts,persondays_per_hh (0.90),avg_days_per_hh (0.80),female_literacy_pct (0.60),poverty_log (-0.13),agri_worker_pct (-0.07),scst_pct (0.08)
Madhya Pradesh,Rajgarh,Tier I - High Impact Districts,avg_days_per_hh (1.78),persondays_per_hh (1.30),women_pct (0.35),agri_worker_pct (-0.09),poverty_log (-0.05),female_literacy_pct (0.01)
Madhya Pradesh,Ratlam,Tier I - High Impact Districts,avg_days_per_hh (1.55),persondays_per_hh (1.20),women_pct (0.28),female_literacy_pct (-0.17),agri_worker_pct (-0.07),poverty_log (-0.03)
Madhya Pradesh,Rewa,Tier IV - Improvement Potential Districts,avg_days_per_hh (0.37),agri_worker_pct (0.36),persondays_per_hh (0.29),female_literacy_pct (-0.15),poverty_log (-0.01),scst_pct (-0.01)
Madhya Pradesh,Sagar,Tier I - High Impact Districts,persondays_per_hh (0.94),avg_days_per_hh (0.84),female_literacy_pct (0.66),poverty_log (-0.15),wage_timeliness_pct (-0.13),agri_worker_pct (-0.06)
Madhya Pradesh,Satna,Tier I - High Impact Districts,avg_days_per_hh (1.37),persondays_per_hh (1.09),female_literacy_pct (0.54),wage_timeliness_pct (-0.15),poverty_log (-0.08),agri_worker_pct (-0.07)
Madhya Pradesh,Sehore,Tier I - High Impact Districts,avg_days_per_hh (1.59),persondays_per_hh (1.19),wage_timeliness_pct (0.42),female_literacy_pct (-0.25),agri_worker_pct (-0.09),poverty_log (-0.05)
Madhya Pradesh,Seoni,Tier I - High Impact Districts,persondays_per_hh (0.95),avg_days_per_hh (0.88),female_literacy_pct (0.54),women_pct (-0.17),poverty_log (-0.12),night_lights_log (0.08)
Madhya Pradesh,Shahdol,Tier II - Strong Performing Districts,avg_days_per_hh (0.93),women_pct (0.51),poverty_log (0.26),female_literacy_pct (0.04),scst_pct (0.09),night_lights_log (0.10)
Madhya Pradesh,Shajapur,Tier I - High Impact Districts,avg_days_per_hh (1.92),persondays_per_hh (1.30),wage_timeliness_pct (0.39),female_literacy_pct (-0.19),agri_worker_pct (-0.06),poverty_log (-0.05)
Madhya Pradesh,Sheopur,Tier I - High Impact Districts,avg_days_per_hh (1.96),persondays_per_hh (1.30),wage_timeliness_pct (0.24),female_literacy_pct (-0.16),agri_worker_pct (-0.11),poverty_log (-0.03)
Madhya Pradesh,Shivpuri,Tier I - High Impact Districts,avg_days_per_hh (1.94),persondays_per_hh (1.27),wage_timeliness_pct (0.32),female_literacy_pct (-0.06),agri_worker_pct (-0.05),poverty_log (0.03)
Madhya Pradesh,Sidhi,Tier I - High Impact Districts,persondays_per_hh (0.85),avg_days_per_hh (0.72),women_pct (0.57),female_literacy_pct (-0.30),poverty_log (-0.23),wage_timeliness_pct (-0.20)
Madhya Pradesh,Singrauli,Tier I - High Impact Districts,persondays_per_hh (0.73),women_pct (0.60),scst_pct (0.20),wage_timeliness_pct (-0.13),poverty_log (-0.11),agri_worker_pct (-0.07)
Madhya Pradesh,Tikamgarh,Tier I - High Impact Districts,avg_days_per_hh (1.88),persondays_per_hh (1.29),women_pct (0.22),agri_worker_pct (-0.07),poverty_log (-0.05),female_literacy_pct (0.03)
Madhya Pradesh,Ujjain,Tier I - High Impact Districts,avg_days_per_hh (1.80),persondays_per_hh (1.24),women_pct (0.31),agri_worker_pct (-0.04),wage_timeliness_pct (-0.01),poverty_log (0.04)
Madhya Pradesh,Umaria,Tier I - High Impact Districts,poverty_log (0.48),avg_days_per_hh (0.38),women_pct (0.33),agri_worker_pct (-0.09),wage_timeliness_pct (-0.06),night_lights_log (-0.06)
Maharashtra,Ahilyanagar,Tier II - Strong Performing Districts,avg_days_per_hh (1.00),persondays_per_hh (0.53),women_pct (0.47),night_lights_log (-0.03),female_literacy_pct (-0.02),poverty_log (0.09)
Maharashtra,Akola,Tier II - Strong Performing Districts,avg_days_per_hh (1.00),persondays_per_hh (0.51),women_pct (0.35),agri_worker_pct (-0.35),female_literacy_pct (-0.07),night_lights_log (-0.03)
Maharashtra,Amravati,Tier I - High Impact Districts,avg_days_per_hh (1.84),persondays_per_hh (1.25),women_pct (0.29),wage_timeliness_pct (-0.12),poverty_log (-0.08),female_literacy_pct (-0.06)
Maharashtra,Beed,Tier I - High Impact Districts,avg_days_per_hh (1.42),persondays_per_hh (1.17),female_literacy_pct (0.41),scst_pct (-0.11),agri_worker_pct (-0.10),poverty_log (0.05)
Maharashtra,Bhandara,Tier II - Strong Performing Districts,avg_days_per_hh (0.87),persondays_per_hh (0.49),poverty_log (0.24),women_pct (-0.54),agri_worker_pct (-0.44),night_lights_log (0.01)
Maharashtra,Buldhana,Tier II - Strong Performing Districts,avg_days_per_hh (0.98),persondays_per_hh (0.51),women_pct (0.43),agri_worker_pct (-0.29),night_lights_log (0.06),female_literacy_pct (0.06)
Maharashtra,Chandrapur,Tier II - Strong Performing Districts,avg_days_per_hh (0.93),persondays_per_hh (0.48),women_pct (0.44),scst_pct (-0.13),female_literacy_pct (0.03),night_lights_log (0.06)
Maharashtra,Chhatrapati Sambhajinagar,Tier IV - Improvement Potential Districts,women_pct (0.43),avg_days_per_hh (0.35),agri_worker_pct (0.27),female_literacy_pct (-0.13),night_lights_log (-0.10),wage_timeliness_pct (-0.06)
Maharashtra,Dharashiv,Tier I - High Impact Districts,persondays_per_hh (0.76),women_pct (0.59),female_literacy_pct (0.54),poverty_log (-0.06),agri_worker_pct (-0.06),night_lights_log (-0.01)
Maharashtra,Dhule,Tier II - Strong Performing Districts,avg_days_per_hh (0.93),women_pct (0.62),persondays_per_hh (0.48),agri_worker_pct (-0.16),scst_pct (-0.15),female_literacy_pct (-0.11)
Maharashtra,Gadchiroli,Tier II - Strong Performing Districts,avg_days_per_hh (0.85),women_pct (0.48),persondays_per_hh (0.41),scst_pct (-0.26),female_literacy_pct (-0.19),night_lights_log (0.02)
Maharashtra,Gondia,Tier II - Strong Performing Districts,avg_days_per_hh (0.98),persondays_per_hh (0.53),poverty_log (0.36),women_pct (-0.20),female_literacy_pct (-0.01),night_lights_log (0.02)
Maharashtra,Hingoli,Tier IV - Improvement Potential Districts,women_pct (0.59),avg_days_per_hh (0.53),scst_pct (0.25),agri_worker_pct (-0.30),female_literacy_pct (-0.08),night_lights_log (0.02)
Maharashtra,Jalgaon,Tier II - Strong Performing Districts,avg_days_per_hh (1.03),persondays_per_hh (0.54),women_pct (0.37),agri_worker_pct (-0.31),female_literacy_pct (-0.01),night_lights_log (0.01)
Maharashtra,Jalna,Tier II - Strong Performing Districts,avg_days_per_hh (0.89),persondays_per_hh (0.45),women_pct (0.39),female_literacy_pct (-0.07),scst_pct (-0.02),wage_timeliness_pct (0.00)
Maharashtra,Kolhapur,Tier II - Strong Performing Districts,avg_days_per_hh (1.05),persondays_per_hh (0.59),women_pct (0.28),agri_worker_pct (-0.01),female_literacy_pct (0.02),night_lights_log (0.03)
Maharashtra,Latur,Tier I - High Impact Districts,persondays_per_hh (0.74),female_literacy_pct (0.66),women_pct (0.54),agri_worker_pct (-0.09),poverty_log (0.01),night_lights_log (0.05)
Maharashtra,Mumbai,Tier II - Strong Performing Districts,avg_days_per_hh (0.77),persondays_per_hh (0.44),women_pct (0.34),poverty_log (-0.60),agri_worker_pct (-0.37),night_lights_log (-0.28)
Maharashtra,Nagpur,Tier IV - Improvement Potential Districts,avg_days_per_hh (0.40),scst_pct (0.28),agri_worker_pct (0.19),female_literacy_pct (-0.14),persondays_per_hh (-0.11),night_lights_log (-0.06)
Maharashtra,Nanded,Tier II - Strong Performing Districts,avg_days_per_hh (0.51),women_pct (0.48),scst_pct (0.27),agri_worker_pct (-0.27),night_lights_log (0.00),female_literacy_pct (0.01)
Maharashtra,Nandurbar,Tier II - Strong Performing Districts,avg_days_per_hh (0.95),women_pct (0.57),persondays_per_hh (0.49),agri_worker_pct (-0.37),poverty_log (-0.35),scst_pct (0.01)
Maharashtra,Nashik,Tier II - Strong Performing Districts,avg_days_per_hh (1.00),persondays_per_hh (0.54),agri_worker_pct (0.35),scst_pct (-0.19),night_lights_log (0.02),female_literacy_pct (0.02)
Maharashtra,Parbhani,Tier IV - Improvement Potential Districts,avg_days_per_hh (0.55),persondays_per_hh (0.34),women_pct (0.25),female_literacy_pct (-0.11),wage_timeliness_pct (-0.07),night_lights_log (-0.06)
Maharashtra,Pune,Tier IV - Improvement Potential Districts,night_lights_log (0.27),women_pct (0.20),poverty_log (0.11),avg_days_per_hh (-0.08),wage_timeliness_pct (-0.02),persondays_per_hh (0.02)
Maharashtra,Raigad,Tier II - Strong Performing Districts,avg_days_per_hh (1.01),persondays_per_hh (0.58),women_pct (0.27),night_lights_log (-0.05),female_literacy_pct (-0.04),agri_worker_pct (0.02)
Maharashtra,Ratnagiri,Tier II - Strong Performing Districts,avg_days_per_hh (0.99),persondays_per_hh (0.56),women_pct (0.37),agri_worker_pct (-0.01),female_literacy_pct (-0.00),night_lights_log (0.07)
Maharashtra,Sangli,Tier II - Strong Performing Districts,avg_days_per_hh (0.85),women_pct (0.55),persondays_per_hh (0.31),female_literacy_pct (0.01),night_lights_log (0.03),wage_timeliness_pct (0.06)
Maharashtra,Satara,Tier II - Strong Performing Districts,avg_days_per_hh (1.02),persondays_per_hh (0.56),women_pct (0.39),female_literacy_pct (-0.05),wage_timeliness_pct (0.00),night_lights_log (0.04)
Maharashtra,Sindhudurg,Tier II - Strong Performing Districts,avg_days_per_hh (1.00),persondays_per_hh (0.59),women_pct (0.52),female_literacy_pct (-0.06),agri_worker_pct (-0.02),poverty_log (0.09)
Maharashtra,Solapur,Tier II - Strong Performing Districts,avg_days_per_hh (1.05),women_pct (0.55),persondays_per_hh (0.55),female_literacy_pct (-0.08),night_lights_log (-0.01),wage_timeliness_pct (0.10)
Maharashtra,Thane,Tier II - Strong Performing Districts,avg_days_per_hh (0.95),persondays_per_hh (0.47),women_pct (0.34),agri_worker_pct (-0.15),night_lights_log (-0.08),female_literacy_pct (-0.04)
Maharashtra,Wardha,Tier I - High Impact Districts,persondays_per_hh (0.94),avg_days_per_hh (0.75),women_pct (0.40),wage_timeliness_pct (-0.13),female_literacy_pct (0.08),scst_pct (0.09)
Maharashtra,Washim,Tier II - Strong Performing Districts,avg_days_per_hh (0.92),women_pct (0.54),persondays_per_hh (0.46),agri_worker_pct (-0.35),night_lights_log (0.04),female_literacy_pct (0.06)
Maharashtra,Yavatmal,Tier II - Strong Performing Districts,agri_worker_pct (0.54),avg_days_per_hh (0.48),persondays_per_hh (0.28),women_pct (-0.25),female_literacy_pct (-0.20),wage_timeliness_pct (-0.12)
Manipur,Bishnupur,Tier V - Special Challenge Districts,wage_timeliness_pct (2.90),persondays_per_hh (0.38),avg_days_per_hh (0.27),scst_pct (-0.09),agri_worker_pct (-0.05),female_literacy_pct (0.04)
Manipur,Chandel,Tier II - Strong Performing Districts,avg_days_per_hh (0.67),women_pct (0.45),persondays_per_hh (0.25),agri_worker_pct (-0.18),female_literacy_pct (-0.11),scst_pct (-0.07)
Manipur,Churachandpur,Tier II - Strong Performing Districts,avg_days_per_hh (0.88),persondays_per_hh (0.42),night_lights_log (0.26),poverty_log (-0.30),scst_pct (-0.09),agri_worker_pct (-0.07)
Manipur,Imphal East,Tier II - Strong Performing Districts,avg_days_per_hh (0.91),persondays_per_hh (0.44),women_pct (0.38),agri_worker_pct (-0.24),night_lights_log (-0.06),scst_pct (-0.05)
Manipur,Imphal West,Tier III - Inclusive Development Districts,women_pct (2.46),avg_days_per_hh (0.50),persondays_per_hh (0.19),wage_timeliness_pct (-0.48),agri_worker_pct (-0.20),poverty_log (0.00)
Manipur,Senapati,Tier II - Strong Performing Districts,avg_days_per_hh (0.87),persondays_per_hh (0.43),women_pct (0.40),poverty_log (-0.29),female_literacy_pct (-0.08),agri_worker_pct (-0.07)
Manipur,Tamenglong,Tier II - Strong Performing Districts,avg_days_per_hh (0.79),persondays_per_hh (0.40),women_pct (0.25),poverty_log (-0.27),agri_worker_pct (-0.26),female_literacy_pct (-0.15)
Manipur,Thoubal,Tier III - Inclusive Development Districts,women_pct (3.15),avg_days_per_hh (0.55),night_lights_log (0.24),wage_timeliness_pct (-0.47),poverty_log (-0.05),agri_worker_pct (0.02)
Manipur,Ukhrul,Tier II - Strong Performing Districts,avg_days_per_hh (0.97),persondays_per_hh (0.56),women_pct (0.20),poverty_log (-0.29),scst_pct (-0.18),female_literacy_pct (-0.02)
Meghalaya,East Garo Hills,Tier I - High Impact Districts,avg_days_per_hh (1.76),persondays_per_hh (1.26),female_literacy_pct (0.43),poverty_log (-0.31),wage_timeliness_pct (-0.05),night_lights_log (0.08)
Meghalaya,East Khasi Hills,Tier III - Inclusive Development Districts,women_pct (3.38),female_literacy_pct (0.40),persondays_per_hh (0.07),poverty_log (-0.23),scst_pct (-0.06),night_lights_log (-0.04)
Meghalaya,Ri Bhoi,Tier IV - Improvement Potential Districts,poverty_log (0.75),women_pct (0.39),avg_days_per_hh (0.28),female_literacy_pct (-0.18),wage_timeliness_pct (-0.03),night_lights_log (-0.01)
Meghalaya,South Garo Hills,Tier I - High Impact Districts,avg_days_per_hh (1.56),persondays_per_hh (1.14),female_literacy_pct (0.36),wage_timeliness_pct (-1.20),poverty_log (-0.25),night_lights_log (0.04)
Meghalaya,West Garo Hills,Tier I - High Impact Districts,avg_days_per_hh (1.17),persondays_per_hh (1.01),women_pct (0.42),poverty_log (-0.24),wage_timeliness_pct (-0.15),female_literacy_pct (0.10)
Meghalaya,West Jaintia Hills,Tier III - Inclusive Development Districts,women_pct (3.34),avg_days_per_hh (0.30),agri_worker_pct (0.22),night_lights_log (-0.63),poverty_log (-0.09),female_literacy_pct (-0.06)
Meghalaya,West Khasi Hills,Tier IV - Improvement Potential Districts,poverty_log (0.85),women_pct (0.68),avg_days_per_hh (0.37),female_literacy_pct (-0.19),wage_timeliness_pct (-0.02),night_lights_log (-0.00)
Mizoram,Aizawl,Tier I - High Impact Districts,avg_days_per_hh (1.82),persondays_per_hh (1.26),night_lights_log (0.17),women_pct (-0.29),wage_timeliness_pct (-0.06),female_literacy_pct (-0.01)
Mizoram,Champhai,Tier I - High Impact Districts,avg_days_per_hh (1.74),persondays_per_hh (1.21),scst_pct (0.14),night_lights_log (-0.23),wage_timeliness_pct (-0.08),women_pct (-0.07)
Mizoram,Kolasib,Tier I - High Impact Districts,avg_days_per_hh (1.80),persondays_per_hh (1.27),agri_worker_pct (0.19),women_pct (-0.12),wage_timeliness_pct (-0.06),poverty_log (-0.04)
Mizoram,Lawngtlai,Tier I - High Impact Districts,avg_days_per_hh (1.75),persondays_per_hh (1.21),women_pct (0.37),night_lights_log (-0.42),female_literacy_pct (-0.15),wage_timeliness_pct (-0.12)
Mizoram,Lunglei,Tier I - High Impact Districts,avg_days_per_hh (1.70),persondays_per_hh (1.20),wage_timeliness_pct (0.26),night_lights_log (-0.36),women_pct (-0.10),female_literacy_pct (0.00)
Mizoram,Mamit,Tier I - High Impact Districts,avg_days_per_hh (1.75),persondays_per_hh (1.19),scst_pct (0.13),night_lights_log (-0.34),women_pct (-0.28),female_literacy_pct (-0.21)
Mizoram,Serchhip,Tier I - High Impact Districts,avg_days_per_hh (1.69),persondays_per_hh (1.20),poverty_log (0.27),night_lights_log (-0.23),wage_timeliness_pct (-0.05),women_pct (-0.03)
Mizoram,Siaha,Tier I - High Impact Districts,avg_days_per_hh (1.71),persondays_per_hh (1.20),women_pct (0.34),night_lights_log (-0.25),wage_timeliness_pct (-0.05),poverty_log (-0.03)
Nagaland,Dimapur,Tier V - Special Challenge Districts,wage_timeliness_pct (3.99),agri_worker_pct (0.66),avg_days_per_hh (0.39),night_lights_log (0.03),female_literacy_pct (0.03),scst_pct (0.06)
Nagaland,Kiphire,Tier V - Special Challenge Districts,wage_timeliness_pct (3.90),agri_worker_pct (0.70),persondays_per_hh (0.23),poverty_log (-0.10),female_literacy_pct (0.01),scst_pct (0.07)
Nagaland,Kohima,Tier V - Special Challenge Districts,wage_timeliness_pct (3.98),agri_worker_pct (0.64),avg_days_per_hh (0.37),female_literacy_pct (0.03),night_lights_log (0.04),scst_pct (0.08)
Nagaland,Longleng,Tier V - Special Challenge Districts,wage_timeliness_pct (3.95),agri_worker_pct (0.63),avg_days_per_hh (0.37),poverty_log (-0.10),female_literacy_pct (0.04),scst_pct (0.08)
Nagaland,Mokokchung,Tier V - Special Challenge Districts,wage_timeliness_pct (3.94),poverty_log (0.08),night_lights_log (0.06),persondays_per_hh (-0.56),avg_days_per_hh (-0.39),agri_worker_pct (-0.08)
Nagaland,Mon,Tier V - Special Challenge Districts,wage_timeliness_pct (3.92),agri_worker_pct (0.64),avg_days_per_hh (0.39),poverty_log (-0.10),female_literacy_pct (-0.08),night_lights_log (0.07)
Nagaland,Peren,Tier V - Special Challenge Districts,wage_timeliness_pct (3.93),agri_worker_pct (0.64),avg_days_per_hh (0.39),poverty_log (-0.10),night_lights_log (0.01),female_literacy_pct (0.03)
Nagaland,Phek,Tier V - Special Challenge Districts,wage_timeliness_pct (3.98),agri_worker_pct (0.63),avg_days_per_hh (0.37),female_literacy_pct (0.03),poverty_log (0.07),scst_pct (0.08)
Nagaland,Tuensang,Tier V - Special Challenge Districts,wage_timeliness_pct (3.95),agri_worker_pct (0.63),avg_days_per_hh (0.37),poverty_log (-0.10),female_literacy_pct (0.04),scst_pct (0.08)
Nagaland,Wokha,Tier V - Special Challenge Districts,wage_timeliness_pct (3.96),agri_worker_pct (0.64),avg_days_per_hh (0.41),poverty_log (-0.10),female_literacy_pct (0.03),night_lights_log (0.07)
Nagaland,Zunheboto,Tier V - Special Challenge Districts,wage_timeliness_pct (3.96),agri_worker_pct (0.65),avg_days_per_hh (0.39),poverty_log (-0.10),female_literacy_pct (0.03),night_lights_log (0.05)
Odisha,Angul,Tier IV - Improvement Potential Districts,scst_pct (0.37),avg_days_per_hh (0.36),women_pct (0.30),poverty_log (-0.26),female_literacy_pct (-0.08),night_lights_log (-0.03)
Odisha,Balangir,Tier I - High Impact Districts,persondays_per_hh (0.89),avg_days_per_hh (0.79),women_pct (0.49),female_literacy_pct (-0.24),agri_worker_pct (-0.12),poverty_log (-0.12)
Odisha,Balasore,Tier II - Strong Performing Districts,avg_days_per_hh (0.89),women_pct (0.47),persondays_per_hh (0.43),scst_pct (-0.26),female_literacy_pct (-0.07),wage_timeliness_pct (0.00)
Odisha,Bargarh,Tier II - Strong Performing Districts,agri_worker_pct (0.46),avg_days_per_hh (0.39),poverty_log (0.25),scst_pct (-0.22),female_literacy_pct (-0.17),wage_timeliness_pct (-0.02)
Odisha,Bhadrak,Tier II - Strong Performing Districts,avg_days_per_hh (0.98),women_pct (0.51),persondays_per_hh (0.46),poverty_log (-0.09),night_lights_log (-0.01),female_literacy_pct (0.00)
Odisha,Boudh,Tier IV - Improvement Potential Districts,poverty_log (0.87),scst_pct (0.32),avg_days_per_hh (0.30),women_pct (-0.33),female_literacy_pct (-0.13),agri_worker_pct (-0.00)
Odisha,Cuttack,Tier IV - Improvement Potential Districts,poverty_log (0.84),wage_timeliness_pct (0.29),night_lights_log (0.15),scst_pct (-0.20),avg_days_per_hh (-0.04),persondays_per_hh (-0.04)
Odisha,Deogarh,Tier IV - Improvement Potential Districts,poverty_log (0.72),women_pct (0.49),avg_days_per_hh (0.34),female_literacy_pct (-0.09),wage_timeliness_pct (-0.05),agri_worker_pct (-0.03)
Odisha,Dhenkanal,Tier IV - Improvement Potential Districts,poverty_log (0.82),wage_timeliness_pct (0.41),women_pct (0.32),avg_days_per_hh (-0.38),persondays_per_hh (-0.09),night_lights_log (-0.07)
Odisha,Gajapati,Tier IV - Improvement Potential Districts,poverty_log (0.70),women_pct (0.35),avg_days_per_hh (0.26),night_lights_log (-0.03),scst_pct (-0.02),agri_worker_pct (0.00)
Odisha,Ganjam,Tier I - High Impact Districts,avg_days_per_hh (1.87),persondays_per_hh (1.23),female_literacy_pct (0.43),women_pct (-0.14),agri_worker_pct (-0.06),poverty_log (0.01)
Odisha,Jagatsinghapur,Tier II - Strong Performing Districts,avg_days_per_hh (1.00),persondays_per_hh (0.53),women_pct (0.47),female_literacy_pct (-0.13),night_lights_log (-0.10),agri_worker_pct (0.05)
Odisha,Jajpur,Tier IV - Improvement Potential Districts,poverty_log (0.83),scst_pct (0.53),wage_timeliness_pct (0.32),avg_days_per_hh (-0.07),persondays_per_hh (-0.04),agri_worker_pct (-0.03)
Odisha,Jharsuguda,Tier I - High Impact Districts,persondays_per_hh (0.85),women_pct (0.66),wage_timeliness_pct (0.37),poverty_log (-0.13),night_lights_log (-0.09),scst_pct (0.16)
Odisha,Kalahandi,Tier II - Strong Performing Districts,avg_days_per_hh (0.91),female_literacy_pct (0.54),women_pct (0.42),poverty_log (-0.05),scst_pct (0.07),agri_worker_pct (0.08)
Odisha,Kandhamal,Tier I - High Impact Districts,avg_days_per_hh (2.02),persondays_per_hh (1.27),wage_timeliness_pct (0.21),poverty_log (-0.41),women_pct (-0.21),agri_worker_pct (-0.10)
Odisha,Kendrapara,Tier II - Strong Performing Districts,avg_days_per_hh (1.08),persondays_per_hh (0.57),scst_pct (0.30),female_literacy_pct (-0.10),poverty_log (-0.05),night_lights_log (0.04)
Odisha,Keonjhar,Tier IV - Improvement Potential Districts,poverty_log (0.64),avg_days_per_hh (0.39),women_pct (0.39),wage_timeliness_pct (-0.14),night_lights_log (-0.02),agri_worker_pct (0.04)
Odisha,Khordha,Tier II - Strong Performing Districts,women_pct (0.52),avg_days_per_hh (0.40),persondays_per_hh (0.21),female_literacy_pct (-0.11),night_lights_log (-0.07),agri_worker_pct (-0.04)
Odisha,Koraput,Tier I - High Impact Districts,avg_days_per_hh (1.54),persondays_per_hh (1.15),women_pct (0.42),female_literacy_pct (-0.15),agri_worker_pct (-0.09),poverty_log (-0.05)
Odisha,Malkangiri,Tier I - High Impact Districts,persondays_per_hh (0.87),avg_days_per_hh (0.76),women_pct (0.58),female_literacy_pct (-0.33),poverty_log (-0.23),night_lights_log (-0.07)
Odisha,Mayurbhanj,Tier IV - Improvement Potential Districts,avg_days_per_hh (0.31),female_literacy_pct (0.31),persondays_per_hh (0.20),poverty_log (-0.12),agri_worker_pct (-0.08),wage_timeliness_pct (-0.02)
Odisha,Nabarangpur,Tier I - High Impact Districts,avg_days_per_hh (1.53),persondays_per_hh (1.05),women_pct (0.48),poverty_log (-0.27),female_literacy_pct (-0.17),agri_worker_pct (-0.15)
Odisha,Nayagarh,Tier II - Strong Performing Districts,women_pct (0.44),poverty_log (0.35),agri_worker_pct (0.30),persondays_per_hh (-0.38),avg_days_per_hh (-0.12),female_literacy_pct (0.07)
Odisha,Nuapada,Tier IV - Improvement Potential Districts,poverty_log (0.77),avg_days_per_hh (0.37),persondays_per_hh (0.27),wage_timeliness_pct (-0.14),women_pct (-0.08),night_lights_log (-0.02)
Odisha,Puri,Tier II - Strong Performing Districts,avg_days_per_hh (0.94),women_pct (0.47),persondays_per_hh (0.43),female_literacy_pct (-0.07),night_lights_log (-0.04),agri_worker_pct (0.02)
Odisha,Rayagada,Tier IV - Improvement Potential Districts,poverty_log (0.79),women_pct (0.31),wage_timeliness_pct (0.25),agri_worker_pct (-0.04),scst_pct (-0.04),night_lights_log (-0.01)
Odisha,Sambalpur,Tier I - High Impact Districts,persondays_per_hh (0.87),female_literacy_pct (0.61),women_pct (0.60),poverty_log (-0.11),agri_worker_pct (-0.08),night_lights_log (-0.03)
Odisha,Sonepur,Tier II - Strong Performing Districts,avg_days_per_hh (0.50),agri_worker_pct (0.37),poverty_log (0.33),scst_pct (-0.25),female_literacy_pct (-0.08),persondays_per_hh (0.03)
Odisha,Sundargarh,Tier I - High Impact Districts,avg_days_per_hh (1.49),persondays_per_hh (1.16),female_literacy_pct (0.44),poverty_log (-0.39),women_pct (-0.18),night_lights_log (0.09)
Puducherry,Karaikal,Tier III - Inclusive Development Districts,women_pct (3.40),poverty_log (0.34),avg_days_per_hh (0.29),wage_timeliness_pct (-0.64),scst_pct (0.02),persondays_per_hh (0.06)
Puducherry,Puducherry,Tier III - Inclusive Development Districts,women_pct (3.61),poverty_log (0.37),avg_days_per_hh (0.30),scst_pct (0.03),wage_timeliness_pct (0.07),persondays_per_hh (0.09)
Punjab,Amritsar,Tier IV - Improvement Potential Districts,scst_pct (0.63),night_lights_log (0.36),poverty_log (0.13),persondays_per_hh (-0.38),avg_days_per_hh (-0.25),wage_timeliness_pct (-0.01)
Punjab,Barnala,Tier III - Inclusive Development Districts,women_pct (2.86),avg_days_per_hh (0.82),poverty_log (0.45),scst_pct (-0.05),wage_timeliness_pct (0.06),female_literacy_pct (0.08)
Punjab,Bathinda,Tier III - Inclusive Development Districts,women_pct (2.91),avg_days_per_hh (0.58),poverty_log (0.45),scst_pct (-0.05),female_literacy_pct (0.05),wage_timeliness_pct (0.06)
Punjab,Faridkot,Tier III - Inclusive Development Districts,avg_days_per_hh (1.21),poverty_log (0.53),persondays_per_hh (0.32),scst_pct (-0.03),female_literacy_pct (0.01),wage_timeliness_pct (0.03)
Punjab,Fatehgarh Sahib,Tier IV - Improvement Potential Districts,scst_pct (0.49),night_lights_log (0.33),poverty_log (0.14),women_pct (-0.35),female_literacy_pct (-0.03),wage_timeliness_pct (0.03)
Punjab,Ferozepur,Tier II - Strong Performing Districts,avg_days_per_hh (0.93),persondays_per_hh (0.50),agri_worker_pct (0.33),scst_pct (-0.26),female_literacy_pct (-0.14),night_lights_log (-0.01)
Punjab,Gurdaspur,Tier II - Strong Performing Districts,avg_days_per_hh (0.84),persondays_per_hh (0.48),women_pct (0.28),poverty_log (-0.58),agri_worker_pct (-0.14),night_lights_log (-0.10)
Punjab,Hoshiarpur,Tier II - Strong Performing Districts,avg_days_per_hh (0.82),women_pct (0.51),persondays_per_hh (0.45),poverty_log (-0.31),scst_pct (-0.17),agri_worker_pct (-0.08)
Punjab,Jalandhar,Tier III - Inclusive Development Districts,women_pct (3.15),avg_days_per_hh (0.55),poverty_log (0.35),scst_pct (-0.05),agri_worker_pct (0.02),wage_timeliness_pct (0.06)
Punjab,Kapurthala,Tier III - Inclusive Development Districts,women_pct (3.11),avg_days_per_hh (0.52),poverty_log (0.38),scst_pct (-0.05),wage_timeliness_pct (0.06),female_literacy_pct (0.12)
Punjab,Ludhiana,Tier III - Inclusive Development Districts,women_pct (3.71),avg_days_per_hh (0.40),poverty_log (0.36),scst_pct (0.01),agri_worker_pct (0.03),wage_timeliness_pct (0.15)
Punjab,Mansa,Tier III - Inclusive Development Districts,women_pct (3.00),avg_days_per_hh (0.74),night_lights_log (0.22),scst_pct (-0.02),female_literacy_pct (0.04),wage_timeliness_pct (0.05)
Punjab,Moga,Tier III - Inclusive Development Districts,women_pct (3.04),avg_days_per_hh (0.57),poverty_log (0.41),scst_pct (-0.04),female_literacy_pct (0.05),wage_timeliness_pct (0.15)
Punjab,Patiala,Tier III - Inclusive Development Districts,women_pct (2.96),avg_days_per_hh (0.57),poverty_log (0.32),agri_worker_pct (0.05),scst_pct (0.05),wage_timeliness_pct (0.05)
Punjab,Rupnagar,Tier III - Inclusive Development Districts,women_pct (3.13),avg_days_per_hh (0.57),poverty_log (0.32),agri_worker_pct (0.01),scst_pct (0.01),female_literacy_pct (0.16)
Punjab,Sangrur,Tier III - Inclusive Development Districts,women_pct (3.04),avg_days_per_hh (0.58),poverty_log (0.40),scst_pct (0.00),female_literacy_pct (0.07),wage_timeliness_pct (0.15)
Punjab,S.A.S Nagar,Tier III - Inclusive Development Districts,women_pct (3.13),avg_days_per_hh (0.54),poverty_log (0.35),agri_worker_pct (-0.15),scst_pct (0.01),wage_timeliness_pct (0.05)
Punjab,Shahid Bhagat Singh Nagar,Tier III - Inclusive Development Districts,women_pct (3.12),avg_days_per_hh (0.56),poverty_log (0.32),scst_pct (-0.07),agri_worker_pct (0.01),wage_timeliness_pct (0.05)
Punjab,Sri Muktsar Sahib,Tier IV - Improvement Potential Districts,scst_pct (0.51),women_pct (0.49),wage_timeliness_pct (0.15),persondays_per_hh (-0.48),avg_days_per_hh (-0.45),poverty_log (-0.17)
Punjab,Tarn Taran,Tier IV - Improvement Potential Districts,scst_pct (0.36),avg_days_per_hh (0.33),persondays_per_hh (0.26),poverty_log (-0.37),female_literacy_pct (-0.16),agri_worker_pct (-0.09)
Rajasthan,Ajmer,Tier I - High Impact Districts,avg_days_per_hh (1.13),persondays_per_hh (0.99),wage_timeliness_pct (0.28),women_pct (-0.58),female_literacy_pct (-0.08),scst_pct (0.06)
Rajasthan,Alwar,Tier III - Inclusive Development Districts,women_pct (3.15),avg_days_per_hh (0.55),night_lights_log (0.32),female_literacy_pct (-0.28),poverty_log (-0.05),agri_worker_pct (0.01)
Rajasthan,Banswara,Tier I - High Impact Districts,avg_days_per_hh (1.86),persondays_per_hh (1.34),wage_timeliness_pct (0.28),women_pct (-0.20),female_literacy_pct (-0.10),poverty_log (-0.04)
Rajasthan,Baran,Tier IV - Improvement Potential Districts,women_pct (0.55),avg_days_per_hh (0.40),female_literacy_pct (0.35),wage_timeliness_pct (-0.07),agri_worker_pct (-0.04),night_lights_log (-0.03)
Rajasthan,Barmer,Tier I - High Impact Districts,avg_days_per_hh (2.01),persondays_per_hh (1.25),night_lights_log (0.09),women_pct (-0.18),female_literacy_pct (-0.11),poverty_log (-0.05)
Rajasthan,Bharatpur,Tier III - Inclusive Development Districts,women_pct (2.62),avg_days_per_hh (0.70),persondays_per_hh (0.28),female_literacy_pct (-0.21),poverty_log (-0.08),wage_timeliness_pct (0.02)
Rajasthan,Bhilwara,Tier I - High Impact Districts,avg_days_per_hh (1.61),persondays_per_hh (1.14),wage_timeliness_pct (0.31),women_pct (-0.39),scst_pct (0.10),agri_worker_pct (0.11)
Rajasthan,Bikaner,Tier I - High Impact Districts,avg_days_per_hh (1.63),persondays_per_hh (1.13),wage_timeliness_pct (0.22),women_pct (-0.17),female_literacy_pct (-0.12),poverty_log (-0.03)
Rajasthan,Bundi,Tier III - Inclusive Development Districts,women_pct (2.85),wage_timeliness_pct (0.19),night_lights_log (0.18),female_literacy_pct (-0.52),avg_days_per_hh (-0.12),poverty_log (-0.06)
Rajasthan,Chittorgarh,Tier I - High Impact Districts,avg_days_per_hh (0.76),persondays_per_hh (0.71),wage_timeliness_pct (0.30),women_pct (-0.39),poverty_log (-0.05),scst_pct (0.10)
Rajasthan,Churu,Tier IV - Improvement Potential Districts,women_pct (0.55),female_literacy_pct (0.47),avg_days_per_hh (0.36),scst_pct (-0.15),night_lights_log (0.02),wage_timeliness_pct (0.02)
Rajasthan,Dausa,Tier III - Inclusive Development Districts,women_pct (3.67),avg_days_per_hh (0.49),night_lights_log (0.29),female_literacy_pct (-0.30),poverty_log (-0.08),scst_pct (-0.07)
Rajasthan,Dholpur,Tier IV - Improvement Potential Districts,poverty_log (0.55),avg_days_per_hh (0.46),female_literacy_pct (0.45),scst_pct (-0.28),agri_worker_pct (-0.07),wage_timeliness_pct (-0.05)
Rajasthan,Dungarpur,Tier I - High Impact Districts,avg_days_per_hh (1.98),persondays_per_hh (1.27),agri_worker_pct (0.21),women_pct (-0.29),poverty_log (-0.28),wage_timeliness_pct (-0.05)
Rajasthan,Ganganagar,Tier IV - Improvement Potential Districts,women_pct (3.10),agri_worker_pct (0.21),avg_days_per_hh (0.19),poverty_log (-0.11),scst_pct (-0.05),night_lights_log (-0.04)
Rajasthan,Hanumangarh,Tier IV - Improvement Potential Districts,female_literacy_pct (0.51),avg_days_per_hh (0.35),persondays_per_hh (0.25),scst_pct (-0.20),women_pct (-0.19),poverty_log (-0.10)
Rajasthan,Jaipur,Tier III - Inclusive Development Districts,women_pct (3.79),avg_days_per_hh (0.39),night_lights_log (0.26),agri_worker_pct (-0.19),female_literacy_pct (0.02),poverty_log (0.06)
Rajasthan,Jaisalmer,Tier I - High Impact Districts,avg_days_per_hh (2.00),persondays_per_hh (1.29),wage_timeliness_pct (0.25),women_pct (-0.28),female_literacy_pct (-0.05),poverty_log (-0.04)
Rajasthan,Jalore,Tier I - High Impact Districts,avg_days_per_hh (1.61),persondays_per_hh (1.10),agri_worker_pct (0.13),women_pct (-0.34),wage_timeliness_pct (-0.01),poverty_log (0.00)
Rajasthan,Jhalawar,Tier I - High Impact Districts,avg_days_per_hh (1.57),persondays_per_hh (1.10),night_lights_log (0.26),women_pct (-0.17),wage_timeliness_pct (-0.14),agri_worker_pct (-0.09)
Rajasthan,Jhunjhunu,Tier IV - Improvement Potential Districts,agri_worker_pct (0.36),women_pct (0.31),avg_days_per_hh (0.28),poverty_log (-0.20),female_literacy_pct (-0.07),night_lights_log (-0.06)
Rajasthan,Jodhpur,Tier I - High Impact Districts,persondays_per_hh (0.85),avg_days_per_hh (0.73),poverty_log (0.18),women_pct (-0.51),night_lights_log (0.03),scst_pct (0.07)
Rajasthan,Karauli,Tier IV - Improvement Potential Districts,women_pct (0.58),avg_days_per_hh (0.40),persondays_per_hh (0.22),wage_timeliness_pct (-0.09),female_literacy_pct (-0.06),agri_worker_pct (-0.06)
Rajasthan,Kota,Tier I - High Impact Districts,persondays_per_hh (0.58),female_literacy_pct (0.55),wage_timeliness_pct (0.22),women_pct (-0.83),night_lights_log (-0.17),poverty_log (0.04)
Rajasthan,Nagaur,Tier I - High Impact Districts,avg_days_per_hh (1.60),persondays_per_hh (1.09),female_literacy_pct (0.16),women_pct (-0.26),wage_timeliness_pct (-0.15),scst_pct (0.04)
Rajasthan,Pali,Tier I - High Impact Districts,avg_days_per_hh (1.88),persondays_per_hh (1.25),wage_timeliness_pct (0.32),women_pct (-0.40),agri_worker_pct (-0.05),poverty_log (0.10)
Rajasthan,Pratapgarh,Tier I - High Impact Districts,avg_days_per_hh (1.90),persondays_per_hh (1.33),agri_worker_pct (0.18),women_pct (-0.20),female_literacy_pct (-0.06),wage_timeliness_pct (-0.06)
Rajasthan,Rajsamand,Tier I - High Impact Districts,avg_days_per_hh (1.88),persondays_per_hh (1.20),night_lights_log (0.21),women_pct (-0.54),wage_timeliness_pct (0.07),scst_pct (0.09)
Rajasthan,Sawai Madhopur,Tier IV - Improvement Potential Districts,women_pct (0.57),avg_days_per_hh (0.40),persondays_per_hh (0.22),female_literacy_pct (-0.07),wage_timeliness_pct (-0.04),night_lights_log (-0.01)
Rajasthan,Sikar,Tier III - Inclusive Development Districts,women_pct (3.34),night_lights_log (0.19),female_literacy_pct (0.17),avg_days_per_hh (-0.97),persondays_per_hh (-0.46),poverty_log (-0.10)
Rajasthan,Sirohi,Tier I - High Impact Districts,avg_days_per_hh (2.07),persondays_per_hh (1.30),scst_pct (0.13),women_pct (-0.37),wage_timeliness_pct (-0.07),agri_worker_pct (-0.05)
Rajasthan,Tonk,Tier IV - Improvement Potential Districts,avg_days_per_hh (0.32),scst_pct (0.28),persondays_per_hh (0.22),women_pct (-0.33),agri_worker_pct (-0.01),poverty_log (0.04)
Rajasthan,Udaipur,Tier I - High Impact Districts,persondays_per_hh (0.77),avg_days_per_hh (0.75),agri_worker_pct (0.19),women_pct (-0.41),wage_timeliness_pct (-0.11),poverty_log (-0.05)
Sikkim,Gangtok,Tier IV - Improvement Potential Districts,women_pct (0.52),scst_pct (0.38),avg_days_per_hh (0.31),poverty_log (-0.39),female_literacy_pct (-0.13),night_lights_log (-0.05)
Sikkim,Gyalshing,Tier I - High Impact Districts,persondays_per_hh (0.85),avg_days_per_hh (0.74),poverty_log (0.28),wage_timeliness_pct (-0.08),women_pct (-0.01),night_lights_log (0.01)
Sikkim,Mangan,Tier IV - Improvement Potential Districts,avg_days_per_hh (0.30),agri_worker_pct (0.28),persondays_per_hh (0.23),women_pct (-0.27),female_literacy_pct (-0.04),poverty_log (0.07)
Sikkim,Namchi,Tier II - Strong Performing Districts,avg_days_per_hh (0.55),women_pct (0.49),persondays_per_hh (0.29),scst_pct (-0.24),agri_worker_pct (-0.14),female_literacy_pct (0.05)
Tamil Nadu,Ariyalur,Tier III - Inclusive Development Districts,women_pct (3.49),avg_days_per_hh (0.39),night_lights_log (0.26),wage_timeliness_pct (-0.30),scst_pct (0.04),female_literacy_pct (0.05)
Tamil Nadu,Chennai,Tier III - Inclusive Development Districts,women_pct (3.58),female_literacy_pct (0.40),avg_days_per_hh (0.30),agri_worker_pct (-0.68),scst_pct (0.03),persondays_per_hh (0.15)
Tamil Nadu,Coimbatore,Tier III - Inclusive Development Districts,women_pct (3.78),poverty_log (0.39),avg_days_per_hh (0.31),wage_timeliness_pct (-0.30),scst_pct (0.02),persondays_per_hh (0.15)
Tamil Nadu,Cuddalore,Tier III - Inclusive Development Districts,women_pct (3.51),avg_days_per_hh (0.43),poverty_log (0.37),scst_pct (-0.02),wage_timeliness_pct (0.00),persondays_per_hh (0.11)
Tamil Nadu,Dharmapuri,Tier III - Inclusive Development Districts,women_pct (3.58),poverty_log (0.42),avg_days_per_hh (0.35),scst_pct (0.01),female_literacy_pct (0.03),wage_timeliness_pct (0.03)
Tamil Nadu,Dindigul,Tier III - Inclusive Development Districts,women_pct (3.90),poverty_log (0.39),night_lights_log (0.22),avg_days_per_hh (-0.07),scst_pct (0.03),persondays_per_hh (0.06)
Tamil Nadu,Erode,Tier III - Inclusive Development Districts,women_pct (3.89),poverty_log (0.45),night_lights_log (0.20),avg_days_per_hh (-0.17),wage_timeliness_pct (0.03),scst_pct (0.05)
Tamil Nadu,Kancheepuram,Tier III - Inclusive Development Districts,women_pct (3.43),female_literacy_pct (0.45),poverty_log (0.37),avg_days_per_hh (-1.17),persondays_per_hh (-0.63),scst_pct (0.00)
Tamil Nadu,Kanniyakumari,Tier III - Inclusive Development Districts,women_pct (3.49),female_literacy_pct (0.62),poverty_log (0.20),avg_days_per_hh (-1.17),persondays_per_hh (-0.56),agri_worker_pct (0.00)
Tamil Nadu,Karur,Tier III - Inclusive Development Districts,women_pct (3.44),poverty_log (0.33),female_literacy_pct (0.16),avg_days_per_hh (-1.28),persondays_per_hh (-0.59),wage_timeliness_pct (0.01)
Tamil Nadu,Krishnagiri,Tier III - Inclusive Development Districts,women_pct (3.78),poverty_log (0.44),avg_days_per_hh (0.33),scst_pct (0.02),wage_timeliness_pct (0.02),female_literacy_pct (0.09)
Tamil Nadu,Madurai,Tier III - Inclusive Development Districts,women_pct (3.79),poverty_log (0.43),avg_days_per_hh (0.32),wage_timeliness_pct (-0.03),scst_pct (0.04),agri_worker_pct (0.14)
Tamil Nadu,Nagapattinam,Tier III - Inclusive Development Districts,women_pct (3.75),avg_days_per_hh (0.42),poverty_log (0.35),scst_pct (-0.05),wage_timeliness_pct (0.06),agri_worker_pct (0.10)
Tamil Nadu,Namakkal,Tier III - Inclusive Development Districts,women_pct (3.81),poverty_log (0.43),avg_days_per_hh (0.37),scst_pct (0.04),wage_timeliness_pct (0.06),female_literacy_pct (0.08)
Tamil Nadu,Perambalur,Tier III - Inclusive Development Districts,women_pct (3.57),poverty_log (0.46),avg_days_per_hh (0.36),scst_pct (-0.02),wage_timeliness_pct (0.05),female_literacy_pct (0.10)
Tamil Nadu,Pudukkottai,Tier III - Inclusive Development Districts,women_pct (3.79),poverty_log (0.40),avg_days_per_hh (0.37),scst_pct (0.02),wage_timeliness_pct (0.04),female_literacy_pct (0.10)
Tamil Nadu,Ramanathapuram,Tier III - Inclusive Development Districts,women_pct (3.84),poverty_log (0.40),female_literacy_pct (0.28),avg_days_per_hh (-0.26),persondays_per_hh (-0.02),wage_timeliness_pct (0.05)
Tamil Nadu,Salem,Tier III - Inclusive Development Districts,women_pct (3.80),poverty_log (0.46),avg_days_per_hh (0.35),scst_pct (0.02),wage_timeliness_pct (0.06),female_literacy_pct (0.07)
Tamil Nadu,Sivaganga,Tier III - Inclusive Development Districts,women_pct (3.74),poverty_log (0.36),female_literacy_pct (0.29),avg_days_per_hh (-0.77),persondays_per_hh (-0.29),scst_pct (0.10)
Tamil Nadu,Thanjavur,Tier III - Inclusive Development Districts,women_pct (3.85),avg_days_per_hh (0.37),poverty_log (0.35),scst_pct (0.03),wage_timeliness_pct (0.06),agri_worker_pct (0.11)
Tamil Nadu,Theni,Tier III - Inclusive Development Districts,women_pct (3.58),poverty_log (0.43),avg_days_per_hh (0.34),scst_pct (0.01),night_lights_log (0.03),wage_timeliness_pct (0.04)
Tamil Nadu,The Nilgiris,Tier III - Inclusive Development Districts,women_pct (3.61),female_literacy_pct (0.46),poverty_log (0.37),night_lights_log (-0.68),scst_pct (-0.05),wage_timeliness_pct (0.06)
Tamil Nadu,Thiruvallur,Tier III - Inclusive Development Districts,women_pct (3.91),poverty_log (0.40),female_literacy_pct (0.33),scst_pct (0.03),wage_timeliness_pct (0.06),persondays_per_hh (0.08)
Tamil Nadu,Thiruvarur,Tier III - Inclusive Development Districts,women_pct (3.73),avg_days_per_hh (0.38),night_lights_log (0.20),scst_pct (-0.04),agri_worker_pct (0.06),poverty_log (0.10)
Tamil Nadu,Thoothukkudi,Tier III - Inclusive Development Districts,women_pct (3.91),poverty_log (0.41),female_literacy_pct (0.37),avg_days_per_hh (0.00),scst_pct (0.03),persondays_per_hh (0.07)
Tamil Nadu,Tiruchirappalli,Tier III - Inclusive Development Districts,women_pct (3.93),poverty_log (0.41),female_literacy_pct (0.31),scst_pct (0.05),wage_timeliness_pct (0.05),persondays_per_hh (0.07)
Tamil Nadu,Tirunelveli,Tier III - Inclusive Development Districts,women_pct (3.82),poverty_log (0.42),avg_days_per_hh (0.36),scst_pct (0.03),wage_timeliness_pct (0.06),agri_worker_pct (0.16)
Tamil Nadu,Tiruppur,Tier III - Inclusive Development Districts,women_pct (3.49),poverty_log (0.43),female_literacy_pct (0.31),avg_days_per_hh (-1.15),persondays_per_hh (-0.57),scst_pct (0.12)
Tamil Nadu,Tiruvannamalai,Tier III - Inclusive Development Districts,women_pct (3.80),avg_days_per_hh (0.37),poverty_log (0.19),scst_pct (-0.00),wage_timeliness_pct (0.03),agri_worker_pct (0.08)
Tamil Nadu,Vellore,Tier III - Inclusive Development Districts,women_pct (3.79),poverty_log (0.40),avg_days_per_hh (0.38),wage_timeliness_pct (0.03),scst_pct (0.04),female_literacy_pct (0.13)
Tamil Nadu,Viluppuram,Tier III - Inclusive Development Districts,women_pct (3.75),avg_days_per_hh (0.41),poverty_log (0.39),scst_pct (-0.04),wage_timeliness_pct (0.03),female_literacy_pct (0.07)
Tamil Nadu,Virudhunagar,Tier III - Inclusive Development Districts,women_pct (3.90),poverty_log (0.41),agri_worker_pct (0.24),scst_pct (0.01),wage_timeliness_pct (0.05),persondays_per_hh (0.08)
Telangana,Adilabad,Tier I - High Impact Districts,avg_days_per_hh (2.00),persondays_per_hh (1.22),poverty_log (0.43),female_literacy_pct (-0.25),wage_timeliness_pct (-0.13),agri_worker_pct (-0.06)
Telangana,Hyderabad,Tier IV - Improvement Potential Districts,women_pct (0.48),scst_pct (0.46),avg_days_per_hh (0.30),female_literacy_pct (-0.09),poverty_log (-0.07),wage_timeliness_pct (0.00)
Telangana,Karimnagar,Tier III - Inclusive Development Districts,women_pct (3.45),avg_days_per_hh (0.53),poverty_log (0.36),female_literacy_pct (0.01),scst_pct (0.01),wage_timeliness_pct (0.06)
Telangana,Khammam,Tier IV - Improvement Potential Districts,agri_worker_pct (0.58),women_pct (0.54),avg_days_per_hh (0.34),poverty_log (-0.14),night_lights_log (-0.11),female_literacy_pct (-0.06)
Telangana,Mahabubnagar,Tier I - High Impact Districts,avg_days_per_hh (1.49),persondays_per_hh (1.07),poverty_log (0.32),women_pct (-0.26),wage_timeliness_pct (-0.12),agri_worker_pct (0.03)
Telangana,Medak,Tier IV - Improvement Potential Districts,female_literacy_pct (0.44),women_pct (0.36),agri_worker_pct (0.31),avg_days_per_hh (-0.38),persondays_per_hh (-0.11),scst_pct (-0.09)
Telangana,Nalgonda,Tier IV - Improvement Potential Districts,women_pct (0.50),female_literacy_pct (0.46),avg_days_per_hh (0.44),poverty_log (-0.10),scst_pct (-0.01),night_lights_log (0.04)
Telangana,Nizamabad,Tier I - High Impact Districts,persondays_per_hh (0.79),avg_days_per_hh (0.77),poverty_log (0.32),women_pct (-0.42),wage_timeliness_pct (-0.19),female_literacy_pct (-0.12)
Telangana,Ranga Reddy,Tier I - High Impact Districts,avg_days_per_hh (1.52),persondays_per_hh (0.99),female_literacy_pct (0.42),night_lights_log (-0.41),women_pct (-0.30),wage_timeliness_pct (-0.10)
Telangana,Warangal,Tier IV - Improvement Potential Districts,women_pct (0.51),avg_days_per_hh (0.32),scst_pct (0.25),night_lights_log (-0.09),female_literacy_pct (-0.07),poverty_log (-0.06)
The Dadra And Nagar Haveli And Daman And Diu,Daman,Tier V - Special Challenge Districts,wage_timeliness_pct (3.98),agri_worker_pct (0.64),avg_days_per_hh (0.36),scst_pct (-0.10),night_lights_log (0.03),female_literacy_pct (0.03)
The Dadra And Nagar Haveli And Daman And Diu,Diu,Tier V - Special Challenge Districts,wage_timeliness_pct (3.98),agri_worker_pct (0.64),avg_days_per_hh (0.36),scst_pct (-0.10),night_lights_log (0.03),female_literacy_pct (0.03)
Tripura,Dhalai,Tier I - High Impact Districts,avg_days_per_hh (1.87),persondays_per_hh (1.25),night_lights_log (0.19),poverty_log (-0.38),women_pct (-0.13),agri_worker_pct (-0.07)
Tripura,North Tripura,Tier I - High Impact Districts,persondays_per_hh (0.94),avg_days_per_hh (0.77),women_pct (0.64),poverty_log (-0.26),wage_timeliness_pct (-0.09),night_lights_log (0.07)
Tripura,South Tripura,Tier IV - Improvement Potential Districts,women_pct (0.35),avg_days_per_hh (0.34),persondays_per_hh (0.24),poverty_log (-0.30),agri_worker_pct (-0.05),night_lights_log (-0.04)
Tripura,West Tripura,Tier II - Strong Performing Districts,avg_days_per_hh (0.93),persondays_per_hh (0.47),women_pct (0.46),scst_pct (-0.24),female_literacy_pct (-0.11),poverty_log (-0.09)
Uttarakhand,Almora,Tier II - Strong Performing Districts,avg_days_per_hh (0.81),persondays_per_hh (0.45),wage_timeliness_pct (0.28),poverty_log (-0.23),agri_worker_pct (-0.16),female_literacy_pct (-0.03)
Uttarakhand,Bageshwar,Tier II - Strong Performing Districts,women_pct (0.45),avg_days_per_hh (0.40),night_lights_log (0.34),persondays_per_hh (-0.12),agri_worker_pct (-0.08),female_literacy_pct (-0.07)
Uttarakhand,Chamoli,Tier III - Inclusive Development Districts,women_pct (2.67),avg_days_per_hh (0.52),poverty_log (0.30),agri_worker_pct (-0.70),night_lights_log (-0.59),wage_timeliness_pct (0.01)
Uttarakhand,Champawat,Tier II - Strong Performing Districts,poverty_log (0.56),female_literacy_pct (0.53),agri_worker_pct (0.32),avg_days_per_hh (-0.18),night_lights_log (-0.06),persondays_per_hh (-0.03)
Uttarakhand,Dehradun,Tier I - High Impact Districts,persondays_per_hh (0.68),poverty_log (0.53),women_pct (0.43),night_lights_log (-0.09),female_literacy_pct (0.06),scst_pct (0.12)
Uttarakhand,Haridwar,Tier II - Strong Performing Districts,avg_days_per_hh (0.51),women_pct (0.44),scst_pct (0.37),night_lights_log (-0.08),persondays_per_hh (-0.02),female_literacy_pct (0.01)
Uttarakhand,Nainital,Tier I - High Impact Districts,persondays_per_hh (0.74),women_pct (0.58),poverty_log (0.52),night_lights_log (0.05),wage_timeliness_pct (0.11),scst_pct (0.18)
Uttarakhand,Pauri Garhwal,Tier III - Inclusive Development Districts,women_pct (2.80),avg_days_per_hh (0.50),poverty_log (0.32),night_lights_log (-0.56),agri_worker_pct (-0.33),scst_pct (0.01)
Uttarakhand,Pithoragarh,Tier II - Strong Performing Districts,avg_days_per_hh (0.90),women_pct (0.47),night_lights_log (0.42),agri_worker_pct (-0.28),poverty_log (-0.14),female_literacy_pct (-0.01)
Uttarakhand,Rudraprayag,Tier I - High Impact Districts,female_literacy_pct (0.59),persondays_per_hh (0.54),poverty_log (0.54),women_pct (-0.45),wage_timeliness_pct (-0.10),night_lights_log (0.10)
Uttarakhand,Tehri Garhwal,Tier II - Strong Performing Districts,avg_days_per_hh (0.87),wage_timeliness_pct (0.53),persondays_per_hh (0.49),women_pct (-1.37),poverty_log (-0.05),female_literacy_pct (-0.05)
Uttarakhand,Udham Singh Nagar,Tier II - Strong Performing Districts,avg_days_per_hh (0.88),women_pct (0.49),scst_pct (0.34),night_lights_log (-0.10),female_literacy_pct (-0.02),wage_timeliness_pct (0.09)
Uttarakhand,Uttarkashi,Tier I - High Impact Districts,poverty_log (0.70),female_literacy_pct (0.57),agri_worker_pct (0.37),avg_days_per_hh (-0.05),persondays_per_hh (-0.00),women_pct (0.07)
Uttar Pradesh,Agra,Tier II - Strong Performing Districts,avg_days_per_hh (0.78),persondays_per_hh (0.32),scst_pct (0.29),night_lights_log (-0.03),female_literacy_pct (-0.00),agri_worker_pct (0.02)
Uttar Pradesh,Aligarh,Tier II - Strong Performing Districts,avg_days_per_hh (1.04),persondays_per_hh (0.60),women_pct (0.36),night_lights_log (0.02),agri_worker_pct (0.03),female_literacy_pct (0.07)
Uttar Pradesh,Ambedkar Nagar,Tier II - Strong Performing Districts,avg_days_per_hh (0.95),women_pct (0.65),persondays_per_hh (0.44),female_literacy_pct (-0.04),night_lights_log (-0.02),wage_timeliness_pct (0.08)
Uttar Pradesh,Amroha,Tier II - Strong Performing Districts,avg_days_per_hh (1.05),persondays_per_hh (0.58),women_pct (0.27),night_lights_log (0.03),agri_worker_pct (0.05),wage_timeliness_pct (0.08)
Uttar Pradesh,Auraiya,Tier II - Strong Performing Districts,avg_days_per_hh (1.06),persondays_per_hh (0.50),agri_worker_pct (0.42),female_literacy_pct (-0.03),night_lights_log (0.01),wage_timeliness_pct (0.12)
Uttar Pradesh,Ayodhya,Tier II - Strong Performing Districts,avg_days_per_hh (0.66),women_pct (0.62),scst_pct (0.35),night_lights_log (-0.01),female_literacy_pct (0.03),wage_timeliness_pct (0.08)
Uttar Pradesh,Azamgarh,Tier II - Strong Performing Districts,avg_days_per_hh (0.97),women_pct (0.51),persondays_per_hh (0.49),female_literacy_pct (-0.03),night_lights_log (0.04),wage_timeliness_pct (0.10)
Uttar Pradesh,Baghpat,Tier II - Strong Performing Districts,avg_days_per_hh (1.06),persondays_per_hh (0.56),women_pct (0.27),night_lights_log (-0.04),female_literacy_pct (-0.01),agri_worker_pct (0.08)
Uttar Pradesh,Bahraich,Tier I - High Impact Districts,avg_days_per_hh (0.37),persondays_per_hh (0.25),women_pct (0.15),poverty_log (-0.20),agri_worker_pct (-0.17),night_lights_log (-0.04)
Uttar Pradesh,Ballia,Tier II - Strong Performing Districts,avg_days_per_hh (0.80),women_pct (0.58),agri_worker_pct (0.47),night_lights_log (-0.02),female_literacy_pct (0.02),wage_timeliness_pct (0.11)
Uttar Pradesh,Balrampur,Tier II - Strong Performing Districts,avg_days_per_hh (0.82),agri_worker_pct (0.54),women_pct (0.36),persondays_per_hh (0.02),poverty_log (0.04),scst_pct (0.06)
Uttar Pradesh,Banda,Tier IV - Improvement Potential Districts,avg_days_per_hh (0.85),women_pct (0.57),agri_worker_pct (0.48),female_literacy_pct (-0.01),wage_timeliness_pct (0.03),persondays_per_hh (0.07)
Uttar Pradesh,Bara Banki,Tier II - Strong Performing Districts,agri_worker_pct (0.45),women_pct (0.33),poverty_log (0.26),persondays_per_hh (-0.17),night_lights_log (-0.10),avg_days_per_hh (-0.10)
Uttar Pradesh,Bareilly,Tier II - Strong Performing Districts,avg_days_per_hh (1.04),persondays_per_hh (0.60),female_literacy_pct (0.35),night_lights_log (-0.02),wage_timeliness_pct (0.11),scst_pct (0.13)
Uttar Pradesh,Basti,Tier II - Strong Performing Districts,avg_days_per_hh (0.63),women_pct (0.39),scst_pct (0.29),night_lights_log (-0.02),persondays_per_hh (0.03),female_literacy_pct (0.03)
Uttar Pradesh,Bhadohi,Tier II - Strong Performing Districts,avg_days_per_hh (0.83),women_pct (0.44),scst_pct (0.29),night_lights_log (-0.10),agri_worker_pct (-0.07),female_literacy_pct (0.02)
Uttar Pradesh,Bijnor,Tier II - Strong Performing Districts,avg_days_per_hh (1.01),persondays_per_hh (0.49),women_pct (0.37),night_lights_log (-0.04),female_literacy_pct (-0.01),wage_timeliness_pct (0.05)
Uttar Pradesh,Budaun,Tier II - Strong Performing Districts,avg_days_per_hh (0.84),persondays_per_hh (0.44),women_pct (0.27),night_lights_log (-0.06),agri_worker_pct (0.05),female_literacy_pct (0.09)
Uttar Pradesh,Bulandshahr,Tier II - Strong Performing Districts,avg_days_per_hh (1.04),persondays_per_hh (0.55),scst_pct (0.32),night_lights_log (-0.03),agri_worker_pct (0.07),female_literacy_pct (0.09)
Uttar Pradesh,Chandauli,Tier II - Strong Performing Districts,avg_days_per_hh (0.53),agri_worker_pct (0.35),scst_pct (0.33),persondays_per_hh (-0.03),female_literacy_pct (0.01),night_lights_log (0.03)
Uttar Pradesh,Chitrakoot,Tier I - High Impact Districts,persondays_per_hh (0.64),women_pct (0.57),scst_pct (0.16),poverty_log (-0.16),wage_timeliness_pct (-0.14),female_literacy_pct (-0.10)
Uttar Pradesh,Deoria,Tier II - Strong Performing Districts,avg_days_per_hh (0.55),persondays_per_hh (0.33),women_pct (0.24),poverty_log (-0.20),agri_worker_pct (-0.13),female_literacy_pct (-0.12)
Uttar Pradesh,Etah,Tier IV - Improvement Potential Districts,female_literacy_pct (0.44),avg_days_per_hh (0.40),persondays_per_hh (0.28),agri_worker_pct (-0.11),wage_timeliness_pct (-0.02),night_lights_log (0.05)
Uttar Pradesh,Etawah,Tier II - Strong Performing Districts,avg_days_per_hh (0.76),women_pct (0.36),scst_pct (0.32),female_literacy_pct (-0.09),night_lights_log (0.04),wage_timeliness_pct (0.07)
Uttar Pradesh,Farrukhabad,Tier II - Strong Performing Districts,avg_days_per_hh (0.75),women_pct (0.36),persondays_per_hh (0.29),night_lights_log (-0.03),female_literacy_pct (0.01),scst_pct (0.09)
Uttar Pradesh,Fatehpur,Tier IV - Improvement Potential Districts,female_literacy_pct (0.52),avg_days_per_hh (0.40),persondays_per_hh (0.28),women_pct (-0.26),scst_pct (-0.20),agri_worker_pct (-0.08)
Uttar Pradesh,Firozabad,Tier IV - Improvement Potential Districts,avg_days_per_hh (0.56),persondays_per_hh (0.35),women_pct (0.25),poverty_log (-0.15),agri_worker_pct (-0.09),female_literacy_pct (-0.08)
Uttar Pradesh,Gautam Buddha Nagar,Tier II - Strong Performing Districts,avg_days_per_hh (1.15),persondays_per_hh (0.59),women_pct (0.18),night_lights_log (-0.09),agri_worker_pct (-0.07),female_literacy_pct (-0.01)
Uttar Pradesh,Ghaziabad,Tier II - Strong Performing Districts,avg_days_per_hh (1.08),persondays_per_hh (0.57),women_pct (0.21),night_lights_log (-0.07),female_literacy_pct (-0.06),agri_worker_pct (-0.02)
Uttar Pradesh,Ghazipur,Tier II - Strong Performing Districts,avg_days_per_hh (0.83),women_pct (0.62),agri_worker_pct (0.42),night_lights_log (0.01),female_literacy_pct (0.02),wage_timeliness_pct (0.11)
Uttar Pradesh,Gonda,Tier II - Strong Performing Districts,avg_days_per_hh (0.84),women_pct (0.56),agri_worker_pct (0.51),night_lights_log (-0.03),persondays_per_hh (0.00),scst_pct (0.02)
Uttar Pradesh,Gorakhpur,Tier II - Strong Performing Districts,avg_days_per_hh (0.93),women_pct (0.51),persondays_per_hh (0.46),night_lights_log (-0.06),female_literacy_pct (0.01),wage_timeliness_pct (0.04)
Uttar Pradesh,Hamirpur,Tier IV - Improvement Potential Districts,female_literacy_pct (0.55),avg_days_per_hh (0.46),persondays_per_hh (0.31),women_pct (-0.26),scst_pct (-0.16),agri_worker_pct (-0.07)
Uttar Pradesh,Hardoi,Tier IV - Improvement Potential Districts,female_literacy_pct (0.44),avg_days_per_hh (0.38),women_pct (0.32),poverty_log (-0.12),agri_worker_pct (-0.04),night_lights_log (-0.01)
Uttar Pradesh,Hathras,Tier II - Strong Performing Districts,avg_days_per_hh (1.01),persondays_per_hh (0.53),women_pct (0.32),female_literacy_pct (0.03),night_lights_log (0.04),poverty_log (0.09)
Uttar Pradesh,Jalaun,Tier I - High Impact Districts,female_literacy_pct (0.72),persondays_per_hh (0.62),women_pct (0.44),agri_worker_pct (-0.11),poverty_log (0.02),avg_days_per_hh (0.11)
Uttar Pradesh,Jaunpur,Tier I - High Impact Districts,wage_timeliness_pct (0.36),female_literacy_pct (0.23),scst_pct (0.16),avg_days_per_hh (-0.04),agri_worker_pct (-0.00),persondays_per_hh (0.01)
Uttar Pradesh,Jhansi,Tier I - High Impact Districts,avg_days_per_hh (1.21),persondays_per_hh (0.98),female_literacy_pct (0.54),night_lights_log (-0.22),agri_worker_pct (-0.02),scst_pct (0.08)
Uttar Pradesh,Kannauj,Tier II - Strong Performing Districts,avg_days_per_hh (0.97),persondays_per_hh (0.45),women_pct (0.37),night_lights_log (-0.05),female_literacy_pct (-0.04),wage_timeliness_pct (0.12)
Uttar Pradesh,Kanpur Dehat,Tier II - Strong Performing Districts,avg_days_per_hh (0.84),agri_worker_pct (0.44),women_pct (0.40),female_literacy_pct (-0.03),night_lights_log (-0.02),wage_timeliness_pct (0.11)
Uttar Pradesh,Kanpur Nagar,Tier II - Strong Performing Districts,avg_days_per_hh (0.97),persondays_per_hh (0.47),women_pct (0.33),night_lights_log (-0.09),female_literacy_pct (0.02),agri_worker_pct (0.05)
Uttar Pradesh,Kasganj,Tier II - Strong Performing Districts,avg_days_per_hh (0.75),female_literacy_pct (0.40),women_pct (0.32),night_lights_log (-0.05),agri_worker_pct (0.04),scst_pct (0.05)
Uttar Pradesh,Kaushambi,Tier II - Strong Performing Districts,female_literacy_pct (0.52),avg_days_per_hh (0.49),women_pct (0.44),agri_worker_pct (-0.14),scst_pct (-0.05),night_lights_log (0.01)
Uttar Pradesh,Kheri,Tier II - Strong Performing Districts,avg_days_per_hh (0.66),agri_worker_pct (0.49),female_literacy_pct (0.45),poverty_log (0.00),night_lights_log (0.07),wage_timeliness_pct (0.14)
Uttar Pradesh,Kushinagar,Tier II - Strong Performing Districts,avg_days_per_hh (0.83),agri_worker_pct (0.49),women_pct (0.38),night_lights_log (0.02),female_literacy_pct (0.04),scst_pct (0.07)
Uttar Pradesh,Lalitpur,Tier I - High Impact Districts,persondays_per_hh (0.52),women_pct (0.51),poverty_log (0.32),female_literacy_pct (-0.15),night_lights_log (0.01),agri_worker_pct (0.03)
Uttar Pradesh,Lucknow,Tier II - Strong Performing Districts,avg_days_per_hh (0.71),women_pct (0.34),scst_pct (0.33),agri_worker_pct (-0.18),night_lights_log (-0.07),female_literacy_pct (-0.00)
Uttar Pradesh,Mahoba,Tier IV - Improvement Potential Districts,women_pct (0.51),agri_worker_pct (0.48),scst_pct (0.18),poverty_log (-0.22),female_literacy_pct (-0.05),night_lights_log (-0.03)
Uttar Pradesh,Mahrajganj,Tier II - Strong Performing Districts,avg_days_per_hh (0.77),women_pct (0.58),female_literacy_pct (0.42),scst_pct (-0.01),night_lights_log (0.01),agri_worker_pct (0.04)
Uttar Pradesh,Mainpuri,Tier II - Strong Performing Districts,avg_days_per_hh (0.55),persondays_per_hh (0.36),women_pct (0.32),scst_pct (-0.27),female_literacy_pct (-0.26),agri_worker_pct (-0.12)
Uttar Pradesh,Mathura,Tier II - Strong Performing Districts,avg_days_per_hh (0.64),persondays_per_hh (0.30),women_pct (0.27),night_lights_log (-0.06),wage_timeliness_pct (0.04),female_literacy_pct (0.06)
Uttar Pradesh,Mau,Tier II - Strong Performing Districts,avg_days_per_hh (0.63),women_pct (0.51),scst_pct (0.35),night_lights_log (-0.10),female_literacy_pct (-0.00),agri_worker_pct (0.07)
Uttar Pradesh,Meerut,Tier I - High Impact Districts,female_literacy_pct (0.74),persondays_per_hh (0.57),women_pct (0.47),wage_timeliness_pct (-0.15),night_lights_log (-0.07),scst_pct (0.05)
Uttar Pradesh,Mirzapur,Tier II - Strong Performing Districts,avg_days_per_hh (0.61),agri_worker_pct (0.48),women_pct (0.46),night_lights_log (-0.04),female_literacy_pct (0.01),persondays_per_hh (0.02)
Uttar Pradesh,Moradabad,Tier II - Strong Performing Districts,avg_days_per_hh (0.96),persondays_per_hh (0.49),female_literacy_pct (0.41),night_lights_log (-0.02),wage_timeliness_pct (0.03),scst_pct (0.04)
Uttar Pradesh,Muzaffarnagar,Tier II - Strong Performing Districts,avg_days_per_hh (0.59),women_pct (0.34),persondays_per_hh (0.28),poverty_log (-0.04),night_lights_log (-0.00),female_literacy_pct (0.03)
Uttar Pradesh,Pilibhit,Tier II - Strong Performing Districts,avg_days_per_hh (0.98),persondays_per_hh (0.51),women_pct (0.42),night_lights_log (0.04),scst_pct (0.11),wage_timeliness_pct (0.14)
Uttar Pradesh,Pratapgarh,Tier II - Strong Performing Districts,women_pct (0.56),avg_days_per_hh (0.55),poverty_log (0.39),night_lights_log (-0.04),female_literacy_pct (0.01),wage_timeliness_pct (0.01)
Uttar Pradesh,Prayagraj,Tier II - Strong Performing Districts,women_pct (0.53),avg_days_per_hh (0.40),scst_pct (0.35),night_lights_log (-0.07),female_literacy_pct (-0.01),persondays_per_hh (0.01)
Uttar Pradesh,Rae Bareli,Tier II - Strong Performing Districts,avg_days_per_hh (0.82),agri_worker_pct (0.46),women_pct (0.41),poverty_log (-0.05),scst_pct (-0.01),female_literacy_pct (0.03)
Uttar Pradesh,Rampur,Tier II - Strong Performing Districts,avg_days_per_hh (0.97),persondays_per_hh (0.52),agri_worker_pct (0.49),female_literacy_pct (-0.13),night_lights_log (0.05),scst_pct (0.09)
Uttar Pradesh,Saharanpur,Tier II - Strong Performing Districts,avg_days_per_hh (1.01),persondays_per_hh (0.53),scst_pct (0.34),female_literacy_pct (-0.03),night_lights_log (-0.00),poverty_log (0.08)
Uttar Pradesh,Sant Kabir Nagar,Tier II - Strong Performing Districts,women_pct (0.59),avg_days_per_hh (0.46),agri_worker_pct (0.46),night_lights_log (-0.07),poverty_log (-0.04),female_literacy_pct (-0.02)
Uttar Pradesh,Shahjahanpur,Tier II - Strong Performing Districts,avg_days_per_hh (1.01),persondays_per_hh (0.55),agri_worker_pct (0.44),night_lights_log (-0.02),scst_pct (0.09),wage_timeliness_pct (0.14)
Uttar Pradesh,Shrawasti,Tier II - Strong Performing Districts,avg_days_per_hh (0.54),agri_worker_pct (0.54),women_pct (0.36),persondays_per_hh (0.02),poverty_log (0.05),night_lights_log (0.08)
Uttar Pradesh,Siddharthnagar,Tier II - Strong Performing Districts,women_pct (0.53),agri_worker_pct (0.47),avg_days_per_hh (0.47),night_lights_log (0.02),poverty_log (0.03),scst_pct (0.07)
Uttar Pradesh,Sitapur,Tier II - Strong Performing Districts,avg_days_per_hh (0.58),female_literacy_pct (0.50),agri_worker_pct (0.50),scst_pct (-0.20),persondays_per_hh (-0.02),night_lights_log (-0.02)
Uttar Pradesh,Sonbhadra,Tier II - Strong Performing Districts,avg_days_per_hh (0.66),women_pct (0.57),female_literacy_pct (0.36),scst_pct (0.02),night_lights_log (0.03),wage_timeliness_pct (0.05)
Uttar Pradesh,Sultanpur,Tier I - High Impact Districts,avg_days_per_hh (0.40),persondays_per_hh (0.28),female_literacy_pct (0.17),scst_pct (-0.28),women_pct (-0.23),agri_worker_pct (-0.20)
Uttar Pradesh,Unnao,Tier IV - Improvement Potential Districts,female_literacy_pct (0.48),avg_days_per_hh (0.35),scst_pct (0.30),agri_worker_pct (-0.06),night_lights_log (-0.01),wage_timeliness_pct (0.01)
Uttar Pradesh,Varanasi,Tier II - Strong Performing Districts,avg_days_per_hh (1.08),persondays_per_hh (0.60),women_pct (0.47),night_lights_log (-0.08),female_literacy_pct (-0.02),agri_worker_pct (-0.00)
West Bengal,Bankura,Tier IV - Improvement Potential Districts,poverty_log (0.39),women_pct (0.38),avg_days_per_hh (0.37),female_literacy_pct (-0.10),agri_worker_pct (-0.05),night_lights_log (-0.03)
West Bengal,Birbhum,Tier IV - Improvement Potential Districts,poverty_log (0.37),scst_pct (0.30),avg_days_per_hh (0.23),female_literacy_pct (-0.04),persondays_per_hh (-0.03),women_pct (0.05)
West Bengal,Cooch Behar,Tier III - Inclusive Development Districts,women_pct (2.49),avg_days_per_hh (0.55),persondays_per_hh (0.20),poverty_log (-0.08),scst_pct (-0.04),wage_timeliness_pct (0.03)
West Bengal,Dakshin Dinajpur,Tier IV - Improvement Potential Districts,avg_days_per_hh (0.52),women_pct (0.32),persondays_per_hh (0.31),female_literacy_pct (-0.02),night_lights_log (-0.02),agri_worker_pct (0.01)
West Bengal,Darjeeling,Tier IV - Improvement Potential Districts,women_pct (0.34),persondays_per_hh (0.22),agri_worker_pct (0.20),female_literacy_pct (-0.08),poverty_log (-0.07),night_lights_log (-0.03)
West Bengal,Hooghly,Tier IV - Improvement Potential Districts,women_pct (0.51),avg_days_per_hh (0.46),scst_pct (0.29),night_lights_log (-0.14),female_literacy_pct (-0.12),persondays_per_hh (-0.03)
West Bengal,Howrah,Tier II - Strong Performing Districts,poverty_log (0.42),avg_days_per_hh (0.15),night_lights_log (0.15),scst_pct (-0.16),agri_worker_pct (-0.06),female_literacy_pct (-0.03)
West Bengal,Jalpaiguri,Tier IV - Improvement Potential Districts,avg_days_per_hh (0.48),women_pct (0.34),persondays_per_hh (0.32),agri_worker_pct (-0.04),wage_timeliness_pct (-0.04),poverty_log (-0.01)
West Bengal,Kolkata,Tier IV - Improvement Potential Districts,scst_pct (0.44),avg_days_per_hh (0.32),night_lights_log (0.26),female_literacy_pct (-0.10),poverty_log (-0.07),wage_timeliness_pct (0.00)
West Bengal,Malda,Tier IV - Improvement Potential Districts,poverty_log (0.63),women_pct (0.60),avg_days_per_hh (0.46),scst_pct (-0.19),agri_worker_pct (-0.17),night_lights_log (-0.06)
West Bengal,Murshidabad,Tier IV - Improvement Potential Districts,persondays_per_hh (0.71),female_literacy_pct (0.66),women_pct (0.49),poverty_log (-0.18),scst_pct (-0.14),agri_worker_pct (-0.13)
West Bengal,Nadia,Tier IV - Improvement Potential Districts,avg_days_per_hh (0.89),persondays_per_hh (0.43),agri_worker_pct (0.42),scst_pct (-0.27),poverty_log (-0.10),female_literacy_pct (-0.08)
West Bengal,North 24 Parganas,Tier IV - Improvement Potential Districts,women_pct (0.55),avg_days_per_hh (0.44),persondays_per_hh (0.27),scst_pct (-0.34),poverty_log (-0.14),agri_worker_pct (-0.12)
West Bengal,Paschim Medinipur,Tier IV - Improvement Potential Districts,avg_days_per_hh (0.33),scst_pct (0.32),persondays_per_hh (0.24),female_literacy_pct (-0.12),agri_worker_pct (-0.07),women_pct (-0.06)
West Bengal,Purba Bardhaman,Tier II - Strong Performing Districts,avg_days_per_hh (1.00),women_pct (0.55),persondays_per_hh (0.49),scst_pct (-0.23),night_lights_log (-0.15),female_literacy_pct (-0.08)
West Bengal,Purba Medinipur,Tier IV - Improvement Potential Districts,avg_days_per_hh (0.38),persondays_per_hh (0.29),women_pct (0.24),agri_worker_pct (-0.12),female_literacy_pct (-0.08),scst_pct (-0.05)
West Bengal,Purulia,Tier IV - Improvement Potential Districts,poverty_log (0.78),women_pct (0.39),avg_days_per_hh (0.38),night_lights_log (-0.08),wage_timeliness_pct (0.01),agri_worker_pct (0.05)
West Bengal,South 24 Parganas,Tier I - High Impact Districts,avg_days_per_hh (1.26),persondays_per_hh (1.01),women_pct (0.52),poverty_log (-0.25),night_lights_log (-0.25),agri_worker_pct (-0.03)
West Bengal,Uttar Dinajpur,Tier I - High Impact Districts,poverty_log (0.45),women_pct (0.28),avg_days_per_hh (0.26),wage_timeliness_pct (-0.07),night_lights_log (-0.04),female_literacy_pct (0.07)
